Licitacao,Relatorio,Orgao,Descricao,Objeto,Arquivo,Conteudo,Link,Status,Itens
00394452000103-1-008515/2022,00394452000103-1-008515-2022.md,COMANDO DO EXERCITO,Edital nº 00768/2022,"Contratação de empresa de engenharia, sob o regime de empreitada global, para a execução dos serviços de reforma, com redução de área de ocupação, do estacionamento do Escritório Regional da FHE (ESCSP), estabelecido à Rua Tutóia, Nº 586, Paraíso, em São Paulo/SP, juntamente com a realização de serviços de manutenções pontuais na edificação, conforme especificações técnicas, contidas no Projeto Básico, Anexo I do edital.",16800103007682022000.zip,Edital n 768.2022.v1.COJUR assinado.pdf; RelacaoItens16800103007682022000.pdf,https://pncp.gov.br/pncp-api/v1/orgaos/00394452000103/compras/2022/8515/arquivos/1,Ativo,"Serviço Engenharia (R$ 391.781,49)"
33839275000172-1-000007/2023,33839275000172-1-000007-2023.md,CONSELHO FEDERAL DE QUIMICA,Edital nº 00002/2023,"Contratação de empresa especializada no gerenciamento, assessoramento e fiscalização da obra de reforma do prédio de propriedade do Conselho Federal de Química (CFQ), localizado no Setor de Autarquias Sul, Quadra 05, Lotes 3/5 Bloco I – Edifício CFQ – Brasília-DF.",38926003000022023000.zip,Edital da Concorrencia n 02.2023 - Fiscalizacao da Obra Sede Saus.zip; Edital da Concorrencia n 02.2023 - Fiscalizacao da Obra Sede Saus.zip/Edital da Concorrência nº 02.2023 - Fiscalização da Obra Sede Saus/; Edital da Concorrencia n 02.2023 - Fiscalizacao da Obra Sede Saus.zip/Edital da Concorrência nº 02.2023 - Fiscalização da Obra Sede Saus/Anexo I - Termo de Referência - Fiscalização Obra Sede Saus.pdf; Edital da Concorrencia n 02.2023 - Fiscalizacao da Obra Sede Saus.zip/Edital da Concorrência nº 02.2023 - Fiscalização da Obra Sede Saus/Anexo II - Estudo Técnico Preliminar- Fiscalização da Obra Sede Saus.pdf; Edital da Concorrencia n 02.2023 - Fiscalizacao da Obra Sede Saus.zip/Edital da Concorrência nº 02.2023 - Fiscalização da Obra Sede Saus/Edital Concorrência Eletrônica 02.2023 - Fiscalização da Obra Sede Saus.pdf; RelacaoItens38926003000022023000.pdf,https://pncp.gov.br/pncp-api/v1/orgaos/33839275000172/compras/2023/7/arquivos/1,Ativo,"Supervisão / Gerenciamento / Fiscalização - Projeto Constru-ção / Obras Civis (R$ 779.017,87)"
76639384000159-1-000133/2023,76639384000159-1-000133-2023.md,CONSELHO REGIONAL DE ENGENHARIA E AGRONOMIA DO PARANA,Edital nº 00002/2023,"Prestação de serviços de execução de projeto básico e executivo nas áreas de engenharia, visando a reforma de edificação localizada em Toledo – PR.",38908803000022023000.zip,N 020-23 (Concorrencia 002 - Reforma Toledo).pdf; RelacaoItens38908803000022023000.pdf,https://pncp.gov.br/pncp-api/v1/orgaos/76639384000159/compras/2023/133/arquivos/1,Ativo,"Obras Civis - Pequenas Obras / Pintura em Geral (R$ 52.938,37)"
76639384000159-1-000134/2023,76639384000159-1-000134-2023.md,CONSELHO REGIONAL DE ENGENHARIA E AGRONOMIA DO PARANA,Edital nº 00003/2023,"Prestação de serviços de execução de projeto básico e executivo nas áreas de engenharia, visando a reforma de edificação localizada em Arapongas–PR.",38908803000032023000.zip,N 021-23 (Concorrencia 003 - Reforma Arapongas).pdf; RelacaoItens38908803000032023000.pdf,https://pncp.gov.br/pncp-api/v1/orgaos/76639384000159/compras/2023/134/arquivos/1,Ativo,"Obras Civis - Pequenas Obras / Pintura em Geral (R$ 71.934,46)"
76639384000159-1-000135/2023,76639384000159-1-000135-2023.md,CONSELHO REGIONAL DE ENGENHARIA E AGRONOMIA DO PARANA,Edital nº 00004/2023,"Prestação de serviços de execução de projeto básico e executivo nas áreas de engenharia, visando a reforma de edificação localizada em Castro–PR.",38908803000042023000.zip,N 022-23 (Concorrencia 004 - Reforma Castro).pdf; RelacaoItens38908803000042023000.pdf,https://pncp.gov.br/pncp-api/v1/orgaos/76639384000159/compras/2023/135/arquivos/1,Ativo,"Obras Civis - Pequenas Obras / Pintura em Geral (R$ 67.919,56)"
76639384000159-1-000140/2023,76639384000159-1-000140-2023.md,CONSELHO REGIONAL DE ENGENHARIA E AGRONOMIA DO PARANA,Edital nº 00005/2023,"Prestação de serviços de execução de projetos na área de engenharia elétrica, visando à unificação de entradas de energia em imóvel localizado em Curitiba – PR.",38908803000052023000.zip,N 023-23 (Concorrencia 005 - Entrada energia sede).pdf; RelacaoItens38908803000052023000.pdf,https://pncp.gov.br/pncp-api/v1/orgaos/76639384000159/compras/2023/140/arquivos/1,Ativo,"Obras Civis de Linhas de Transmissão de Energia Elétrica (R$ 202.937,70)"
76639384000159-1-000142/2023,76639384000159-1-000142-2023.md,CONSELHO REGIONAL DE ENGENHARIA E AGRONOMIA DO PARANA,Edital nº 00006/2023,Prestação de serviços de engenharia para elaboração de estudos técnicos e projeto executivo de eficiência energética – utilizando tecnologia BIM (Building Information Modeling) visando a instalação de sistemas fotovoltaicos em edificações localizadas no Paraná.,38908803000062023000.zip,N 024-23 (Concorrencia 006 - Projeto sistema fotovoltaico).pdf; RelacaoItens38908803000062023000.pdf,https://pncp.gov.br/pncp-api/v1/orgaos/76639384000159/compras/2023/142/arquivos/1,Ativo,"Consultoria e Assessoria - Energia Renovável / ConservaçãoEnergia (R$ 263.000,00)"
76639384000159-1-000143/2023,76639384000159-1-000143-2023.md,CONSELHO REGIONAL DE ENGENHARIA E AGRONOMIA DO PARANA,Edital nº 00007/2023,"Prestação de serviços de execução de projeto básico e executivo nas áreas de engenharia, visando a reforma de edificação localizada em Londrina–PR.",38908803000072023000.zip,N 025-23 (Concorrencia 007 - Reforma Londrina).pdf; RelacaoItens38908803000072023000.pdf,https://pncp.gov.br/pncp-api/v1/orgaos/76639384000159/compras/2023/143/arquivos/1,Ativo,"Obras Civis - Pequenas Obras / Pintura em Geral (R$ 1.425.325,91)"
76639384000159-1-000144/2023,76639384000159-1-000144-2023.md,CONSELHO REGIONAL DE ENGENHARIA E AGRONOMIA DO PARANA,Edital nº 00008/2023,"Prestação de serviços de execução de projeto básico e executivo nas áreas de engenharia, visando a reforma de edificação localizada em Paranaguá–PR.",38908803000082023000.zip,N 026-23 (Concorrencia 008 - Reforma Paranagua).pdf; RelacaoItens38908803000082023000.pdf,https://pncp.gov.br/pncp-api/v1/orgaos/76639384000159/compras/2023/144/arquivos/1,Ativo,"Obras Civis - Pequenas Obras / Pintura em Geral (R$ 31.836,56)"
76639384000159-1-000145/2023,76639384000159-1-000145-2023.md,CONSELHO REGIONAL DE ENGENHARIA E AGRONOMIA DO PARANA,Edital nº 00009/2023,"Prestação de serviços de execução de projeto básico e executivo nas áreas de engenharia, visando a reforma de edificação localizada em Irati–PR.",38908803000092023000.zip,N 027-23 (Concorrencia 009 - Reforma Irati).pdf; RelacaoItens38908803000092023000.pdf,https://pncp.gov.br/pncp-api/v1/orgaos/76639384000159/compras/2023/145/arquivos/1,Ativo,"Obras Civis - Pequenas Obras / Pintura em Geral (R$ 151.563,06)"
23773012000154-1-000007/2023,23773012000154-1-000007-2023.md,CONSORCIO INTERMUNICIPAL DE DESENVOLVIMENTO REGIONAL - CONDER,Edital nº 1/2023,"CONTRATAÇÃO DE EMPRESA ESPECIALIZADA PARA EXECUÇÃO DE SERVIÇOS REMANESCENTES DE PROJETOS ELÉTRICOS DE ENTRADA DE ENERGIA, LÓGICA, ALARME DE INCÊNDIO E SPDA NO LOTE INDUSTRIAL Nº 05, MATRÍCULA IMOBILIÁRIA Nº. 45.151, LINHA TUPANCY, MUNICÍPIO DE SÃO MIGUEL DO OESTE/SC, CONFORME AS ESPECIFICAÇÕES E NORMAS ESTABELECIDAS NO MEMORIAL DESCRITIVO, PLANILHA ORÇAMENTÁRIA, CRONOGRAMA FÍSICO FINANCEIRO E DEMAIS ESPECIFICAÇÕES TÉCNICAS.",/var/www/html/conder.atende.net/temp/WCO/PNCP/Editaledital_24_2023_20074_documento.pdf,,https://pncp.gov.br/pncp-api/v1/orgaos/23773012000154/compras/2023/7/arquivos/1,Ativo,"EXECUÇÃO DE SERVIÇOS REMANESCENTES DE PROJETOS ELÉTRICOS DE ENTRADA DE ENERGIA, LÓGICA, ALARME DE INCÊNDIO E SPDA NO LOTE INDUSTRIAL Nº 05, MATRÍCULA IMOBILIÁRIA Nº. 45.151, LINHA TUPANCY, MUNICÍPIO DE SÃO MIGUEL DO OESTE/SC, CONFORME AS ESPECIFICAÇÕES E NORMAS ESTABELECIDAS NO MEMORIAL DESCRITIVO, PLANILHA ORÇAMENTÁRIA, CRONOGRAMA FÍSICO FINANCEIRO E DEMAIS ESPECIFICAÇÕES TÉCNICAS. (R$ 134.475,92)"
23773012000154-1-000009/2023,23773012000154-1-000009-2023.md,CONSORCIO INTERMUNICIPAL DE DESENVOLVIMENTO REGIONAL - CONDER,Edital nº 24/2023/2023,"[Portal de Compras Públicas] - CONTRATAÇÃO DE EMPRESA ESPECIALIZADA PARA EXECUÇÃO DE SERVIÇOS REMANESCENTES DE PROJETOS ELÉTRICOS DE ENTRADA DE ENERGIA, LÓGICA, ALARME DE INCÊNDIO E SPDA NO LOTE INDUSTRIAL Nº 05, MATRÍCULA IMOBILIÁRIA Nº. 45.151, LINHA TUPANCY, MUNICÍPIO DE SÃO MIGUEL DO OESTE/SC, CONFORME AS ESPECIFICAÇÕES E NORMAS ESTABELECIDAS NO MEMORIAL DESCRITIVO, PLANILHA ORÇAMENTÁRIA, CRONOGRAMA FÍSICO FINANCEIRO E DEMAIS ESPECIFICAÇÕES TÉCNICAS.",SPDA02.pdf,,https://pncp.gov.br/pncp-api/v1/orgaos/23773012000154/compras/2023/9/arquivos/1,Ativo,"EXECUÇÃO DE SERVIÇOS REMANESCENTES DE PROJETOS ELÉTRICOS DE ENTRADA DE ENERGIA, LÓGICA, ALARME DE INCÊNDIO E SPDA NO LOTE INDUSTRIAL Nº 05, MATRÍCULA IMOBILIÁRIA Nº. 45.151, LINHA TUPANCY, MUNICÍPIO DE SÃO MIGUEL DO OESTE/SC, CONFORME AS ESPECIFICAÇÕES E NORMAS ESTABELECIDAS NO MEMORIAL DESCRITIVO, PLANILHA ORÇAMENTÁRIA, CRONOGRAMA FÍSICO FINANCEIRO E DEMAIS ESPECIFICAÇÕES TÉCNICAS. (R$ 134.475,92)"
00375114000116-1-000132/2022,00375114000116-1-000132-2022.md,DEFENSORIA PUBLICA DA UNIAO,Edital nº 00002/2022,"Contratação de empresa especializada em engenharia e arquitetura para execução de reforma predial em edificação própria nacional não residencial com vistas à ocupação integral da Unidade da DPU - ABC Paulista, com fornecimento de materiais, mão de obra, equipamentos, insumos, transportes, encargos sociais, BDI e demais encargos, com o objetivo de melhorar as condições de acessibilidade e infraestrutura predial do imóvel na Rua Sargaços,135 Jardim do Mar, São Bernardo do Campo-SP",29000203000022022000.zip,CONCORRENCIA 02-2022 REFORMA DPU SAO BERNARDO DO CAMPO-SP.zip; CONCORRENCIA 02-2022 REFORMA DPU SAO BERNARDO DO CAMPO-SP.zip/CONCORR╥NCIA 02-2022 REFORMA DPU S╟O BERNARDO DO CAMPO-SP.docx; CONCORRENCIA 02-2022 REFORMA DPU SAO BERNARDO DO CAMPO-SP.zip/CONCORR╥NCIA 02-2022 REFORMA DPU S╟O BERNARDO DO CAMPO-SP.pdf; CONCORRENCIA 02-2022 REFORMA DPU SAO BERNARDO DO CAMPO-SP.zip/ETP161_2022.pdf; RelacaoItens29000203000022022000.pdf,https://pncp.gov.br/pncp-api/v1/orgaos/00375114000116/compras/2022/132/arquivos/1,Ativo,"Manutenção / reforma predial (R$ 790.043,56)"
00375114000116-1-000133/2022,00375114000116-1-000133-2022.md,DEFENSORIA PUBLICA DA UNIAO,Edital nº 00001/2022,"Contratação de empresa especializada em engenharia e arquitetura para execução de reforma predial em edificação própria nacional não residencial, que abriga a Unidade da Defensoria Pública da União - DPU em Londrina – PR, com fornecimento de materiais, mão de obra, equipamentos, insumos, transportes, encargos sociais, BDI e demais encargos, com o objetivo de melhorar as condições de acessibilidade e infraestrutura predial do imóvel situado na Rua Pio XII, nº 56, Bairro Centro.",29000203000012022000.zip,CONCORRENCIA 01 2022 REFORMA DPU LONDRINA.zip; CONCORRENCIA 01 2022 REFORMA DPU LONDRINA.zip/CONCORR╥NCIA 01 2022 REFORMA DPU LONDRINA.pdf; RelacaoItens29000203000012022000.pdf,https://pncp.gov.br/pncp-api/v1/orgaos/00375114000116/compras/2022/133/arquivos/1,Ativo,"Manutenção / Reforma Predial (R$ 996.268,09)"
76669324000189-1-000001/2023,76669324000189-1-000001-2023.md,DEPARTAMENTO DE ESTRADAS DE RODAGEM DO ESTADO DO PARANA,Edital nº 3/2023,"Contratação Integrada de empresa para elaboração dos Projetos Básico e Executivo e execução das obras de implantação de Variante na PR-364, desviando da área urbana do Bairro Riozinho no município de Irati, com uma extensão de 1,64 km.",02a Edital e Anexos.pdf,,https://pncp.gov.br/pncp-api/v1/orgaos/76669324000189/compras/2023/1/arquivos/1,Ativo,"(L1) 902.28967-Manutenção, Conservação e Ampliação de Capacidade, De Obras Rodoviárias do DER/PR, UNID. DE MEDIDA: Unitário (R$ 1,00)"
76669324000189-1-000001/2023,76669324000189-1-000001-2023.md,DEPARTAMENTO DE ESTRADAS DE RODAGEM DO ESTADO DO PARANA,Edital nº 3/2023,"Contratação Integrada de empresa para elaboração dos Projetos Básico e Executivo e execução das obras de implantação de Variante na PR-364, desviando da área urbana do Bairro Riozinho no município de Irati, com uma extensão de 1,64 km.",02b Anexo I - Atos Preparatorios e Termo de Referencia.pdf,,https://pncp.gov.br/pncp-api/v1/orgaos/76669324000189/compras/2023/1/arquivos/2,Ativo,"(L1) 902.28967-Manutenção, Conservação e Ampliação de Capacidade, De Obras Rodoviárias do DER/PR, UNID. DE MEDIDA: Unitário (R$ 1,00)"
15126437000143-1-000066/2023,15126437000143-1-000066-2023.md,EMPRESA BRASILEIRA DE SERVIÇOS HOSPITALARES,Edital nº 00010/2023,"Cessão de uso, onerosa, de área física do Hospital Universitário de Sergipe, destinada EXCLUSIVAMENTE à exploração e operação comercial de serviços de restaurante e lanchonete na área da Vivência do campus da saúde.",15501705000102023001.zip,PE 10-2023 Restaurante.zip; PE 10-2023 Restaurante.zip/Anexo I - Termo de Referência - SEI.pdf; PE 10-2023 Restaurante.zip/ANEXO II- Declaraç╞o de partes n╞o relacionadas.pdf; PE 10-2023 Restaurante.zip/Anexo III- Minuta de Contrato.pdf; PE 10-2023 Restaurante.zip/L13709- Acesso a Informaç╞o.pdf; PE 10-2023 Restaurante.zip/Minuta de Edital 2022.pdf; RelacaoItens15501705000102023000.pdf,https://pncp.gov.br/pncp-api/v1/orgaos/15126437000143/compras/2023/66/arquivos/2,Ativo,"Cantina / bar / lanchonete / refeição rápida / restaurante (R$ 72.000,00)"
15126437000143-1-003515/2024,15126437000143-1-003515-2024.md,EMPRESA BRASILEIRA DE SERVIÇOS HOSPITALARES,Edital nº 90051/2024,"Cessão de uso, onerosa, de área física do Hospital Universitário da Grande Dourados (HU-UFGD), destinada EXCLUSIVAMENTE à exploração e operação comercial de serviços de cantina",15501605900512024000.zip,SEI_23529.003743_2024_63.zip; SEI_23529.003743_2024_63.zip/[1]-43742201_Termo_de_Referencia___SEI.html; SEI_23529.003743_2024_63.zip/[2]-43765893_Anexo_III_TABELA_DE_PRECOS_A_SEREM_EXECUTADOS.pdf; SEI_23529.003743_2024_63.zip/[3]-43765903_Anexo_IV__CRITERIOS_DA_PESQUISA_DE_SATISFACAO.pdf; SEI_23529.003743_2024_63.zip/[4]-43768600_Anexo_V__CRITERIOS_DA_AVALIACAO_TECNICA.pdf; SEI_23529.003743_2024_63.zip/[5]-43768664_Anexo_VI__PARAMETROS_PARA_A_CONCESSAO_DO_DESCONTO.pdf; SEI_23529.003743_2024_63.zip/[6]-43768672_Anexo_VII__MODELO_DE_PROPOSTA.pdf; SEI_23529.003743_2024_63.zip/[7]-43837361_Edital___SEI_90051.html; RelacaoItens15501605900512024000.pdf,https://pncp.gov.br/pncp-api/v1/orgaos/15126437000143/compras/2024/3515/arquivos/1,Ativo,"Cantina / Bar / Lanchonete / Refeição Rápida / Restaurante (R$ 54.480,00); Cantina / Bar / Lanchonete / Refeição Rápida / Restaurante (R$ 11.890,08)"
13937032000160-1-000090/2023,13937032000160-1-000090-2023.md,ESTADO DA BAHIA,Edital nº 00001/2023,"Serviços de engenharia/arquitetura para a reforma e ampliação do Colégio Municipal Brás Bispo de Oliveira, no distrito de Moenda, município de Presidente Tancredo Neves, Bahia, conforme especificações, quantidades e descrições constantes deste edital, do projeto básico e demais elementos técnicos anexos.",98302303000012023000.zip,Edital e Anexos.pdf; RelacaoItens98302303000012023000.pdf,https://pncp.gov.br/pncp-api/v1/orgaos/13937032000160/compras/2023/90/arquivos/1,Ativo,"Obras civis - pequenas obras / pintura em geral (R$ 1.955.975,28)"
13937032000160-1-000103/2023,13937032000160-1-000103-2023.md,ESTADO DA BAHIA,Edital nº 00002/2023,"Serviços de engenharia para execução de Implantação de Melhorias Sanitárias Domiciliares, a serem realizadas na região de Corte de Pedra, Pau da Letra e região da Tesoura, no Município de Presidente Tancredo Neves - Bahia, conforme especificações, quantidades e descrições constantes das peças técnicas auxiliares, que ficam anexas.",98302303000022023000.zip,Edital e Anexos.pdf; RelacaoItens98302303000022023000.pdf,https://pncp.gov.br/pncp-api/v1/orgaos/13937032000160/compras/2023/103/arquivos/1,Ativo,"Serviço engenharia (R$ 140.105,28)"
13937032000160-1-000644/2024,13937032000160-1-000644-2024.md,ESTADO DA BAHIA,Edital nº 006/2024/2024,"O presente certame tem por objeto a execução dos recursos destinados a aquisição de material de consumo para apoiar a implementação de Restaurantes Universitários nos campi da Universidade do Estado da Bahia (UNEB), situados nos munícipios de Alagoinhas e Juazeiro.",Edital.pdf,,https://pncp.gov.br/pncp-api/v1/orgaos/13937032000160/compras/2024/644/arquivos/2,Ativo,"LIXEIRA, com tampa, capacidade para 100 litros, em polietileno de alta densidade, com pedal em polietileno para abrir e fechar a tampa, com paredes e fundos reforçados resistentes a impactos, sem soldas ou emendas. As seguintes informacoes deverao ser impressas e coladas pelo fabricante diretamente sobre o produto: nome ou CNPJ do fabricante, marca do produto e capacidade. (R$ 65.167,50); CAIXA, plastica, tipo BIN, nº 5, capacidade aproximada de 4 litros, material polipropileno de alta densidade, medidas aproximadas de 25 cm de comprimento, 15 cm de largura e 11 cm de altura, para organizacao de materiais, cor preta, com trava lateral. (R$ 946,00)"
13937032000160-1-000644/2024,13937032000160-1-000644-2024.md,ESTADO DA BAHIA,Edital nº 006/2024/2024,"O presente certame tem por objeto a execução dos recursos destinados a aquisição de material de consumo para apoiar a implementação de Restaurantes Universitários nos campi da Universidade do Estado da Bahia (UNEB), situados nos munícipios de Alagoinhas e Juazeiro.",Edital.pdf,,https://pncp.gov.br/pncp-api/v1/orgaos/13937032000160/compras/2024/644/arquivos/3,Ativo,"LIXEIRA, com tampa, capacidade para 100 litros, em polietileno de alta densidade, com pedal em polietileno para abrir e fechar a tampa, com paredes e fundos reforçados resistentes a impactos, sem soldas ou emendas. As seguintes informacoes deverao ser impressas e coladas pelo fabricante diretamente sobre o produto: nome ou CNPJ do fabricante, marca do produto e capacidade. (R$ 65.167,50); CAIXA, plastica, tipo BIN, nº 5, capacidade aproximada de 4 litros, material polipropileno de alta densidade, medidas aproximadas de 25 cm de comprimento, 15 cm de largura e 11 cm de altura, para organizacao de materiais, cor preta, com trava lateral. (R$ 946,00)"
08761124000100-1-000214/2024,08761124000100-1-000214-2024.md,ESTADO DA PARAIBA,Ato que autoriza a Contratação Direta nº 3/2024,AQUISIÇÃO DE MATERIAL PERMANENTE PARA UTILIZAÇÃO NO RESTAURANTE UNIVERSITÁRIO,AVISO+DE+DISPENSA.pdf,,https://pncp.gov.br/pncp-api/v1/orgaos/08761124000100/compras/2024/214/arquivos/2,Ativo,"Fogão Industrial características adicionais: grelhas em ferro fundido 40 cm x 40 cm, 04 queimad, funcionamento: gás, material: aço inoxidável, quantidade bocas: 4, tipo acendimento: manual, tipo uso: cozinhar e assar alimentos (R$ 1.780,00); Chapa Assadeira/Fritadeira altura: 2, características adicionais: para grelhados e pizzas, comprimento: 53, funcionamento: sobrepor queimadores elétricos ou a gás, largura: 32,50, material: alumínio fundido (R$ 960,00)"
08761124000100-1-000214/2024,08761124000100-1-000214-2024.md,ESTADO DA PARAIBA,Ato que autoriza a Contratação Direta nº 3/2024,AQUISIÇÃO DE MATERIAL PERMANENTE PARA UTILIZAÇÃO NO RESTAURANTE UNIVERSITÁRIO,TERMO+DE+REFERENCIA.pdf,,https://pncp.gov.br/pncp-api/v1/orgaos/08761124000100/compras/2024/214/arquivos/1,Ativo,"Fogão Industrial características adicionais: grelhas em ferro fundido 40 cm x 40 cm, 04 queimad, funcionamento: gás, material: aço inoxidável, quantidade bocas: 4, tipo acendimento: manual, tipo uso: cozinhar e assar alimentos (R$ 1.780,00); Chapa Assadeira/Fritadeira altura: 2, características adicionais: para grelhados e pizzas, comprimento: 53, funcionamento: sobrepor queimadores elétricos ou a gás, largura: 32,50, material: alumínio fundido (R$ 960,00)"
08761124000100-1-000215/2024,08761124000100-1-000215-2024.md,ESTADO DA PARAIBA,Ato que autoriza a Contratação Direta nº 4/2024,AQUISIÇÃO DE MATERIAL DE CONSUMO PARA UTILIZAÇÃO NO RESTAURANTE UNIVERSITÁRIO DO CAMPUS V – JOÃO PESSOA DA UEPB.,WEB+-+Comprovante+da+publicacao+DL+07-2024.pdf,,https://pncp.gov.br/pncp-api/v1/orgaos/08761124000100/compras/2024/215/arquivos/1,Ativo,"Botijão Para Gás acessórios: com válvula e mecanismo de segurança, capacidade: cerca de 13, uso: doméstico (R$ 398,00); Gás Refino De Petróleo tipo: gás liquefeito de petróleo - glp, uso: doméstico (R$ 11.900,00)"
08761124000100-1-000248/2024,08761124000100-1-000248-2024.md,ESTADO DA PARAIBA,Ato que autoriza a Contratação Direta nº 5/2024,Aquisição de utensílios para utilização no Restaurante Universitário.,AVISO+DE+DISPENSA.pdf,,https://pncp.gov.br/pncp-api/v1/orgaos/08761124000100/compras/2024/248/arquivos/2,Ativo,"Caldeirão capacidade: 38, características adicionais: com tampa e alça em alumínio, material: alumínio fundido (R$ 478,00); Caldeirão capacidade: 38 a 42, características adicionais: com tampas e alças reforçadas, formato: cilíndrico, material: alumínio, tamanho: grande, altura: 34 a 36, espessura: 2 a 4 (R$ 897,00)"
08761124000100-1-000248/2024,08761124000100-1-000248-2024.md,ESTADO DA PARAIBA,Ato que autoriza a Contratação Direta nº 5/2024,Aquisição de utensílios para utilização no Restaurante Universitário.,TERMO+DE+REFERENCIA.pdf,,https://pncp.gov.br/pncp-api/v1/orgaos/08761124000100/compras/2024/248/arquivos/1,Ativo,"Caldeirão capacidade: 38, características adicionais: com tampa e alça em alumínio, material: alumínio fundido (R$ 478,00); Caldeirão capacidade: 38 a 42, características adicionais: com tampas e alças reforçadas, formato: cilíndrico, material: alumínio, tamanho: grande, altura: 34 a 36, espessura: 2 a 4 (R$ 897,00)"
08761124000100-1-000534/2024,08761124000100-1-000534-2024.md,ESTADO DA PARAIBA,Ato que autoriza a Contratação Direta nº 9/2024,AQUISIÇÃO DE COIFA PARA UTILIZAÇÃO NO LOCAL ONDE FUNCIONA O RESTAURANTE UNIVERSITÁRIO DO CAMPUS V (JOÃO PESSOA) DA UEPB.,AVISO+DE+DISPENSA+-+DL+N+016-2024.pdf,,https://pncp.gov.br/pncp-api/v1/orgaos/08761124000100/compras/2024/534/arquivos/2,Ativo,"Coifa aplicação: cozinha, características adicionais: com exaustor, material: aço inoxidável, tipo: apoiada em parede (R$ 22.453,63)"
08761124000100-1-000534/2024,08761124000100-1-000534-2024.md,ESTADO DA PARAIBA,Ato que autoriza a Contratação Direta nº 9/2024,AQUISIÇÃO DE COIFA PARA UTILIZAÇÃO NO LOCAL ONDE FUNCIONA O RESTAURANTE UNIVERSITÁRIO DO CAMPUS V (JOÃO PESSOA) DA UEPB.,TR+%2B+ANEXOS.pdf,,https://pncp.gov.br/pncp-api/v1/orgaos/08761124000100/compras/2024/534/arquivos/1,Ativo,"Coifa aplicação: cozinha, características adicionais: com exaustor, material: aço inoxidável, tipo: apoiada em parede (R$ 22.453,63)"
08761124000100-1-000535/2024,08761124000100-1-000535-2024.md,ESTADO DA PARAIBA,Ato que autoriza a Contratação Direta nº 10/2024,AQUISIÇÃO DE COIFA PARA UTILIZAÇÃO NO LOCAL ONDE FUNCIONA O RESTAURANTE UNIVERSITÁRIO DO CAMPUS VI (MONTEIRO) DA UEPB.,AVISO+DE+DISPENSA+-+DL+N+015-2024.pdf,,https://pncp.gov.br/pncp-api/v1/orgaos/08761124000100/compras/2024/535/arquivos/1,Ativo,"Coifa aplicação: cozinha, características adicionais: com exaustor, material: aço inoxidável, tipo: apoiada em parede (R$ 22.453,63)"
08761124000100-1-000535/2024,08761124000100-1-000535-2024.md,ESTADO DA PARAIBA,Ato que autoriza a Contratação Direta nº 10/2024,AQUISIÇÃO DE COIFA PARA UTILIZAÇÃO NO LOCAL ONDE FUNCIONA O RESTAURANTE UNIVERSITÁRIO DO CAMPUS VI (MONTEIRO) DA UEPB.,TR+%2B+ANEXOS.pdf,,https://pncp.gov.br/pncp-api/v1/orgaos/08761124000100/compras/2024/535/arquivos/2,Ativo,"Coifa aplicação: cozinha, características adicionais: com exaustor, material: aço inoxidável, tipo: apoiada em parede (R$ 22.453,63)"
01409580000138-1-000115/2023,01409580000138-1-000115-2023.md,ESTADO DE GOIAS,Edital nº 00001/2023,"A presente licitação tem por objeto o Registro de Preços para a eventual e futura contratação de empresa especializada na prestação de serviços de execução de manutenção de vias e revitalização de capa asfáltica, incluindo remendo profundo, reciclagem de base, base de solo estabilizado granulometricamente, fresagem, reforço da pavimentação com geogrelha, whitetopping (pavimento de concreto), pintura de ligação, concreto betuminoso usinado a quente – CBUQ.",92674803000012023000.zip,EDITAL CE 001-2023-SRP.zip; EDITAL CE 001-2023-SRP.zip/Matriz_de_Risco___Recap_500km.pdf; EDITAL CE 001-2023-SRP.zip/PROJETO_BASICO_500KM.pdf; EDITAL CE 001-2023-SRP.zip/SEI_1633847_Edital.pdf; RelacaoItens92674803000012023000.pdf,https://pncp.gov.br/pncp-api/v1/orgaos/01409580000138/compras/2023/115/arquivos/1,Ativo,"Obras civis de pavimentação asfáltica (R$ 7.915.721,22); Obras civis de pavimentação asfáltica (R$ 8.269.372,48)"
01409580000138-1-002926/2024,01409580000138-1-002926-2024.md,ESTADO DE GOIAS,Edital nº 108027/2024,"Contratação de empresa especializada para execução de reparos e correções de patologias no sistema de cobertura das quatro edificações que abrigam a Administração Central, o Restaurante Universitário e o Auditório do Mestrado do Campus Central, incluindo todo o material e a mão de obra necessários para a execução dos serviços, conforme especificado no Termo de Referência.",20250508100942_108027_arquivo.pdf,,https://pncp.gov.br/pncp-api/v1/orgaos/01409580000138/compras/2024/2926/arquivos/1,Ativo,"Manutenções de Engenharia, manutenção predial. (R$ 650.427,57)"
01409580000138-1-002926/2024,01409580000138-1-002926-2024.md,ESTADO DE GOIAS,Edital nº 108027/2024,"Contratação de empresa especializada para execução de reparos e correções de patologias no sistema de cobertura das quatro edificações que abrigam a Administração Central, o Restaurante Universitário e o Auditório do Mestrado do Campus Central, incluindo todo o material e a mão de obra necessários para a execução dos serviços, conforme especificado no Termo de Referência.",20250512132628_108027_arquivo.pdf,,https://pncp.gov.br/pncp-api/v1/orgaos/01409580000138/compras/2024/2926/arquivos/2,Ativo,"Manutenções de Engenharia, manutenção predial. (R$ 650.427,57)"
18715615000160-1-000046/2023,18715615000160-1-000046-2023.md,ESTADO DE MINAS GERAIS,Edital nº 00001/2023,"Contratação de Empresa Especializada para Prestação de Serviço com Fornecimento de Material, para Reforma e Ampliação da Escola Municipal Maria Goulart",98428703000012023000.zip,Edital - Concorrencia 001-2023 - Reforma Escola Maria Goulart.zip; Edital - Concorrencia 001-2023 - Reforma Escola Maria Goulart.zip/Edital - Concorrencia 001-2023 - Reforma Escola Maria Goulart assinado.pdf; Edital - Concorrencia 001-2023 - Reforma Escola Maria Goulart.zip/01 - Anexo I - Projeto Básico - Reforma Maria Goulart_compressed.pdf; Edital - Concorrencia 001-2023 - Reforma Escola Maria Goulart.zip/02 - Anexo II - Minuta do Contrato.docx; Edital - Concorrencia 001-2023 - Reforma Escola Maria Goulart.zip/03 - Anexo III - Planilha Orçamentária_compressed.pdf; Edital - Concorrencia 001-2023 - Reforma Escola Maria Goulart.zip/04 - Anexo IV - Memorial de Cálculo_compressed.pdf; Edital - Concorrencia 001-2023 - Reforma Escola Maria Goulart.zip/05 - Anexo V - Cronograma Físico-Financeiro_compressed.pdf; Edital - Concorrencia 001-2023 - Reforma Escola Maria Goulart.zip/06 - Anexo VI - Quadro de Cotações_compressed.pdf; Edital - Concorrencia 001-2023 - Reforma Escola Maria Goulart.zip/07 - Anexo VII - Quadro de Composições_compressed.pdf; Edital - Concorrencia 001-2023 - Reforma Escola Maria Goulart.zip/08 - Anexo VIII - Modelo do BDI Proposto_compressed.pdf; Edital - Concorrencia 001-2023 - Reforma Escola Maria Goulart.zip/09 - Dados do Projeto_compressed.pdf; Edital - Concorrencia 001-2023 - Reforma Escola Maria Goulart.zip/10 - Anexo X - PROJETOS.zip; Edital - Concorrencia 001-2023 - Reforma Escola Maria Goulart.zip/10 - Anexo X - PROJETOS.zip/10 - Anexo X - PROJETOS/; Edital - Concorrencia 001-2023 - Reforma Escola Maria Goulart.zip/10 - Anexo X - PROJETOS.zip/10 - Anexo X - PROJETOS/ART - Escola Municipal Maria Goulart MG20221557761_compressed.pdf; Edital - Concorrencia 001-2023 - Reforma Escola Maria Goulart.zip/10 - Anexo X - PROJETOS.zip/10 - Anexo X - PROJETOS/CRONOGRAMA DE SERVIÇOS SEEMG - CONVÊNIO MARIA GOULART PALCO_compressed.pdf; Edital - Concorrencia 001-2023 - Reforma Escola Maria Goulart.zip/10 - Anexo X - PROJETOS.zip/10 - Anexo X - PROJETOS/CRONOGRAMA DE SERVIÇOS SEEMG - CONVÊNIO MARIA GOULART REFORMA_compressed.pdf; Edital - Concorrencia 001-2023 - Reforma Escola Maria Goulart.zip/10 - Anexo X - PROJETOS.zip/10 - Anexo X - PROJETOS/CRONOGRAMA DE SERVIÇOS SEEMG - CONVÊNIO MARIA GOULAR_compressed.pdf; Edital - Concorrencia 001-2023 - Reforma Escola Maria Goulart.zip/10 - Anexo X - PROJETOS.zip/10 - Anexo X - PROJETOS/Detalhe Tesouras Salas.jpg; Edital - Concorrencia 001-2023 - Reforma Escola Maria Goulart.zip/10 - Anexo X - PROJETOS.zip/10 - Anexo X - PROJETOS/Folha A1 - Cálculo Estrutural Ampliações de Palco 2.pdf; Edital - Concorrencia 001-2023 - Reforma Escola Maria Goulart.zip/10 - Anexo X - PROJETOS.zip/10 - Anexo X - PROJETOS/Folha A1 - Cálculo Estrutural Ampliações de Palco1.pdf; Edital - Concorrencia 001-2023 - Reforma Escola Maria Goulart.zip/10 - Anexo X - PROJETOS.zip/10 - Anexo X - PROJETOS/Folha A1 - Cálculo Estrutural Ampliações de Salas 1.pdf; Edital - Concorrencia 001-2023 - Reforma Escola Maria Goulart.zip/10 - Anexo X - PROJETOS.zip/10 - Anexo X - PROJETOS/Folha A1 - Cálculo Estrutural Ampliações de Salas 2.pdf; Edital - Concorrencia 001-2023 - Reforma Escola Maria Goulart.zip/10 - Anexo X - PROJETOS.zip/10 - Anexo X - PROJETOS/Folha A1 - Esgotamento Sanitário.pdf; Edital - Concorrencia 001-2023 - Reforma Escola Maria Goulart.zip/10 - Anexo X - PROJETOS.zip/10 - Anexo X - PROJETOS/Folha A1 - Indicativos de Construção e Demolição.pdf; Edital - Concorrencia 001-2023 - Reforma Escola Maria Goulart.zip/10 - Anexo X - PROJETOS.zip/10 - Anexo X - PROJETOS/Folha A1 - Instalações de Água Fria.pdf; Edital - Concorrencia 001-2023 - Reforma Escola Maria Goulart.zip/10 - Anexo X - PROJETOS.zip/10 - Anexo X - PROJETOS/Folha A1 - Projeto de Instalações Elétricas.pdf; Edital - Concorrencia 001-2023 - Reforma Escola Maria Goulart.zip/10 - Anexo X - PROJETOS.zip/10 - Anexo X - PROJETOS/Folha A1 - PROJETO PCI - AVCB.pdf; Edital - Concorrencia 001-2023 - Reforma Escola Maria Goulart.zip/10 - Anexo X - PROJETOS.zip/10 - Anexo X - PROJETOS/Folha A1 - Telhado Ampliações de Salas.pdf; Edital - Concorrencia 001-2023 - Reforma Escola Maria Goulart.zip/10 - Anexo X - PROJETOS.zip/10 - Anexo X - PROJETOS/Folha A1 - Telhado Palco.pdf; Edital - Concorrencia 001-2023 - Reforma Escola Maria Goulart.zip/10 - Anexo X - PROJETOS.zip/10 - Anexo X - PROJETOS/Perspectiva Telhado Palco.jpg; Edital - Concorrencia 001-2023 - Reforma Escola Maria Goulart.zip/10 - Anexo X - PROJETOS.zip/10 - Anexo X - PROJETOS/Perspectiva telhado salas.jpg; Edital - Concorrencia 001-2023 - Reforma Escola Maria Goulart.zip/10 - Anexo X - PROJETOS.zip/10 - Anexo X - PROJETOS/Perspectiva trama Palco.jpg; Edital - Concorrencia 001-2023 - Reforma Escola Maria Goulart.zip/10 - Anexo X - PROJETOS.zip/10 - Anexo X - PROJETOS/Perspectiva trama Salas.jpg; Edital - Concorrencia 001-2023 - Reforma Escola Maria Goulart.zip/10 - Anexo X - PROJETOS.zip/10 - Anexo X - PROJETOS/PLANILHA DE SERVIÇOS SEEMG - CONVÊNIO MARIA GOULART PALCO_compressed.pdf; Edital - Concorrencia 001-2023 - Reforma Escola Maria Goulart.zip/10 - Anexo X - PROJETOS.zip/10 - Anexo X - PROJETOS/PLANILHA DE SERVIÇOS SEEMG - CONVÊNIO MARIA GOULART REFORMA_compressed.pdf; Edital - Concorrencia 001-2023 - Reforma Escola Maria Goulart.zip/10 - Anexo X - PROJETOS.zip/10 - Anexo X - PROJETOS/PLANILHA DE SERVIÇOS SEEMG - CONVÊNIO MARIA GOULART SALAS_compressed.pdf; Edital - Concorrencia 001-2023 - Reforma Escola Maria Goulart.zip/10 - Anexo X - PROJETOS.zip/10 - Anexo X - PROJETOS/PLANTA BAIXA - ESCOLA M.MARIA GOULART.pdf; Edital - Concorrencia 001-2023 - Reforma Escola Maria Goulart.zip/10 - Anexo X - PROJETOS.zip/10 - Anexo X - PROJETOS/Thumbs.db; Edital - Concorrencia 001-2023 - Reforma Escola Maria Goulart.zip/10 - Anexo X - PROJETOS.zip/10 - Anexo X - PROJETOS/WhatsApp Image 2022-09-30 at 10.12.35 (1).jpeg; Edital - Concorrencia 001-2023 - Reforma Escola Maria Goulart.zip/10 - Anexo X - PROJETOS.zip/10 - Anexo X - PROJETOS/WhatsApp Image 2022-09-30 at 10.12.35.jpeg; Edital - Concorrencia 001-2023 - Reforma Escola Maria Goulart.zip/10 - Anexo X - PROJETOS.zip/10 - Anexo X - PROJETOS/WhatsApp Image 2022-09-30 at 10.12.36.jpeg; Edital - Concorrencia 001-2023 - Reforma Escola Maria Goulart.zip/10 - Anexo X - PROJETOS.zip/10 - Anexo X - PROJETOS/WhatsApp Image 2022-09-30 at 10.12.37 (1).jpeg; Edital - Concorrencia 001-2023 - Reforma Escola Maria Goulart.zip/10 - Anexo X - PROJETOS.zip/10 - Anexo X - PROJETOS/WhatsApp Image 2022-09-30 at 10.12.37.jpeg; Edital - Concorrencia 001-2023 - Reforma Escola Maria Goulart.zip/10 - Anexo X - PROJETOS.zip/10 - Anexo X - PROJETOS/WhatsApp Image 2022-09-30 at 10.12.38 (1).jpeg; Edital - Concorrencia 001-2023 - Reforma Escola Maria Goulart.zip/10 - Anexo X - PROJETOS.zip/10 - Anexo X - PROJETOS/WhatsApp Image 2022-09-30 at 10.12.38.jpeg; Edital - Concorrencia 001-2023 - Reforma Escola Maria Goulart.zip/10 - Anexo X - PROJETOS.zip/10 - Anexo X - PROJETOS/WhatsApp Image 2022-09-30 at 10.12.39 (1).jpeg; Edital - Concorrencia 001-2023 - Reforma Escola Maria Goulart.zip/10 - Anexo X - PROJETOS.zip/10 - Anexo X - PROJETOS/WhatsApp Image 2022-09-30 at 10.12.39.jpeg; Edital - Concorrencia 001-2023 - Reforma Escola Maria Goulart.zip/11 - Anexo XI - Memorial Descritivo_compressed.pdf; Edital - Concorrencia 001-2023 - Reforma Escola Maria Goulart.zip/12 - Anexo XII - Modelo de Apresentação da Proposta.docx; RelacaoItens98428703000012023000.pdf,https://pncp.gov.br/pncp-api/v1/orgaos/18715615000160/compras/2023/46/arquivos/1,Ativo,"Obras civis de edificações residenciais e comerciais (R$ 2.102.131,48)"
18715615000160-1-000086/2023,18715615000160-1-000086-2023.md,ESTADO DE MINAS GERAIS,Edital nº 00001/2023,"Contratação de empresa especializada em engenharia para execução das obras de reforma da nova sede da ARISB-MG,compreendida a totalidade das etapas de obras,serviços e instalações necessárias,sob inteira responsabilidade do contratado até sua entrega ao contratante em condições de entrada em operação,com características adequadas às finalidades para as quais foi contratado e atendidos os requisitos técnicos e legais para sua utilização com segurança estrutural e operaciocional",92929503000012023000.zip,Edital NovaSede.pdf; RelacaoItens92929503000012023000.pdf,https://pncp.gov.br/pncp-api/v1/orgaos/18715615000160/compras/2023/86/arquivos/1,Ativo,"Obras civis de edificações residenciais e comerciais (R$ 2.205.217,72)"
18715615000160-1-000118/2023,18715615000160-1-000118-2023.md,ESTADO DE MINAS GERAIS,Edital nº 00001/2023,"Contratação de empresa para execução de projeto de pavimentação de estrada vicinal deste município de Cristais/MG, de acordo com o Convênio 913255/2021 e Operação 1077663-35/2021 do Ministério da Agricultura e Pecuária",98440303000012023000.zip,1_merged_compressed.pdf; RelacaoItens98440303000012023000.pdf,https://pncp.gov.br/pncp-api/v1/orgaos/18715615000160/compras/2023/118/arquivos/1,Ativo,"Obras Civis de Pavimentação Asfáltica (R$ 383.851,40)"
18715615000160-1-000184/2023,18715615000160-1-000184-2023.md,ESTADO DE MINAS GERAIS,Edital nº 00004/2023,"Contratação de Empresa Especializada para Prestação de Serviço com Fornecimento de Material, para Adequação das Edificações do Auditório Municipal, Escola Municipal Santo Antônio e Secretarias de Educação, Cultura e Turismo, Conforme Instruções Técnicas do Corpo de Bombeiros do Estado de Minas Gerais",98428703000042023000.zip,"Concorrencia 004-2023 - Adequacao Santo Antonio.zip; Concorrencia 004-2023 - Adequacao Santo Antonio.zip/Edital - Concorrência 004-2023 - Reforma Santo Antônio.pdf; Concorrencia 004-2023 - Adequacao Santo Antonio.zip/01 - Anexo 01 - Projeto Básico.pdf; Concorrencia 004-2023 - Adequacao Santo Antonio.zip/02 - Anexo II - Minuta do Contrato.pdf; Concorrencia 004-2023 - Adequacao Santo Antonio.zip/03 - Anexo III - Planilha Orçamentária.pdf; Concorrencia 004-2023 - Adequacao Santo Antonio.zip/04 - Anexo IV - Memorial de Cálculo.pdf; Concorrencia 004-2023 - Adequacao Santo Antonio.zip/05 - Anexo V - Cronograma Físico-Financeiro.pdf; Concorrencia 004-2023 - Adequacao Santo Antonio.zip/06 - Anexo VI - Quadro de Cotações.pdf; Concorrencia 004-2023 - Adequacao Santo Antonio.zip/07 - Anexo VII - Quadro de Composições.pdf; Concorrencia 004-2023 - Adequacao Santo Antonio.zip/08 - Anexo VIII - Modelo de Composição do BDI.pdf; Concorrencia 004-2023 - Adequacao Santo Antonio.zip/09 - Anexo IX - Dados do Projeto.pdf; Concorrencia 004-2023 - Adequacao Santo Antonio.zip/10 - Anexo X - Projeto Executivo.zip; Concorrencia 004-2023 - Adequacao Santo Antonio.zip/10 - Anexo X - Projeto Executivo.zip/PROJETOS PSCIP - AUDITÓRIO, DEEC, ESCOLA ST. ANTÔNIO/; Concorrencia 004-2023 - Adequacao Santo Antonio.zip/10 - Anexo X - Projeto Executivo.zip/PROJETOS PSCIP - AUDITÓRIO, DEEC, ESCOLA ST. ANTÔNIO/Bombeiros_Teatro_Carmo13.pdf; Concorrencia 004-2023 - Adequacao Santo Antonio.zip/10 - Anexo X - Projeto Executivo.zip/PROJETOS PSCIP - AUDITÓRIO, DEEC, ESCOLA ST. ANTÔNIO/Bombeiros_Teatro_Carmo23.pdf; Concorrencia 004-2023 - Adequacao Santo Antonio.zip/10 - Anexo X - Projeto Executivo.zip/PROJETOS PSCIP - AUDITÓRIO, DEEC, ESCOLA ST. ANTÔNIO/Bombeiros_Teatro_Carmo_Plano.pdf; Concorrencia 004-2023 - Adequacao Santo Antonio.zip/10 - Anexo X - Projeto Executivo.zip/PROJETOS PSCIP - AUDITÓRIO, DEEC, ESCOLA ST. ANTÔNIO/Bombeiros_Teatro_DETALHES33.pdf; Concorrencia 004-2023 - Adequacao Santo Antonio.zip/10 - Anexo X - Projeto Executivo.zip/PROJETOS PSCIP - AUDITÓRIO, DEEC, ESCOLA ST. ANTÔNIO/memorial_calculo_ameg_Carmo_C.pdf; Concorrencia 004-2023 - Adequacao Santo Antonio.zip/11 - Anexo XI - Modelo de Apresentação da Proposta.docx; RelacaoItens98428703000042023000.pdf",https://pncp.gov.br/pncp-api/v1/orgaos/18715615000160/compras/2023/184/arquivos/1,Ativo,"Obras civis de recuperação estrutural - tratamento e prote-ção de armaduras e superfícies de concreto (R$ 495.525,61)"
10571982000125-1-000015/2023,10571982000125-1-000015-2023.md,ESTADO DE PERNAMBUCO,Edital nº 00001/2023,"Contratação de empresa especializada, sob o regime de concessão onerosa, para implantação, operação e gestão do sistema de Estacionamento Rotativo Eletrônico Pago nas vias e logradouros públicos do Município de Belo Jardim",98233303000012023000.zip,para publicacao.zip; para publicacao.zip/para publicação/; para publicacao.zip/para publicação/11 Edital PE.docx; para publicacao.zip/para publicação/11 Edital PE.pdf; para publicacao.zip/para publicação/11.2 - Minuta do Contrato.docx; para publicacao.zip/para publicação/11.2 - Minuta do Contrato.pdf; para publicacao.zip/para publicação/3. Termo de Referência Zona Azul.docx; para publicacao.zip/para publicação/3. Termo de Referência Zona Azul.pdf; para publicacao.zip/para publicação/3.1 ETP Estacionamento Rotativo.docx; para publicacao.zip/para publicação/3.1 ETP Estacionamento Rotativo.pdf; para publicacao.zip/para publicação/3.1.1 PLanilha Custos da Adm - Estudo de Viabilidade.pdf; para publicacao.zip/para publicação/3.1.1 PLanilha Custos da Adm - Estudo de Viabilidade.xlsx; para publicacao.zip/para publicação/3.2 Matriz de Riscos.docx; para publicacao.zip/para publicação/3.2 Matriz de Riscos.pdf; RelacaoItens98233303000012023000.pdf,https://pncp.gov.br/pncp-api/v1/orgaos/10571982000125/compras/2023/15/arquivos/1,Ativo,"Concessão de serviço público (R$ 15.101.856,00)"
10571982000125-1-000018/2023,10571982000125-1-000018-2023.md,ESTADO DE PERNAMBUCO,Edital nº 00002/2023,"Construção de estrutura da estátua de representação do Cristo, no distrito de Serra do Vento, Belo Jardim-PE",98233303000022023000.zip,para publicacao.rar; RelacaoItens98233303000022023000.pdf,https://pncp.gov.br/pncp-api/v1/orgaos/10571982000125/compras/2023/18/arquivos/1,Ativo,"Obras Civis Públicas ( Construção ) (R$ 314.468,40)"
10571982000125-1-000039/2023,10571982000125-1-000039-2023.md,ESTADO DE PERNAMBUCO,Edital nº 00003/2023,"Contratação de empresa especializada para ampliação da Avenida São João, no Município de Belo Jardim-PE, conforme condições, quantidades e exigências estabelecidas.",98233303000032023000.zip,Para Publicacao.zip; Para Publicacao.zip/TERRAPLENAGEM.pdf; Para Publicacao.zip/3. Termo de Referência - Sv comum engenharia.docx; Para Publicacao.zip/3. Termo de Referência - Sv comum engenharia.pdf; Para Publicacao.zip/3.1 ETP.pdf; Para Publicacao.zip/3.2 Matriz de Riscos.docx; Para Publicacao.zip/3.2 Matriz de Riscos.pdf; Para Publicacao.zip/11 Edital PE minuta.pdf; Para Publicacao.zip/11.2 - Minuta do Contrato novo L14133 .pdf; Para Publicacao.zip/12 - ESPECIFICAÇÕES.rar; Para Publicacao.zip/ART.pdf; Para Publicacao.zip/BDI.pdf; Para Publicacao.zip/Cronograma.pdf; Para Publicacao.zip/DRENAGEM.pdf; Para Publicacao.zip/ESPCIFICAÇÕES TECNICAS Ampliação Av São João.pdf; Para Publicacao.zip/LOCALIZAÇÃO.pdf; Para Publicacao.zip/Orçamento Analítico.pdf; Para Publicacao.zip/Orçamento Sintético.pdf; Para Publicacao.zip/P.GEOMÉTRICO.pdf; Para Publicacao.zip/PAVIMENTAÇÃO.pdf; Para Publicacao.zip/SEÇÃO TRANSVERSAL.pdf; Para Publicacao.zip/SINALIZAÇÃO.pdf; Para Publicacao.zip/SITUAÇÃO.pdf; RelacaoItens98233303000032023000.pdf,https://pncp.gov.br/pncp-api/v1/orgaos/10571982000125/compras/2023/39/arquivos/1,Ativo,"Obras civis de pavimentação asfáltica (R$ 1.730.061,19)"
82951229000176-1-000034/2023,82951229000176-1-000034-2023.md,ESTADO DE SANTA CATARINA,Edital nº 00129/2023,"Contratação de empresa de Engenharia para a Reconstrução da Ponte da Estrada Quiriri, sobre o Rio Cubatão, em Pirabeiraba.",45323003001292023000.zip,Edital 1292023.zip; Edital 1292023.zip/Comprasnet/00 Edital.pdf; Edital 1292023.zip/Comprasnet/Anexo III - Cronograma.pdf; Edital 1292023.zip/Comprasnet/Anexo III - Memorial Descritivo.pdf; Edital 1292023.zip/Comprasnet/Anexo III - Planilha Analítica.pdf; Edital 1292023.zip/Comprasnet/Anexo III - Planilha Sintética.pdf; Edital 1292023.zip/Comprasnet/Anexo III - Projeto Executivo.pdf; RelacaoItens45323003001292023000.pdf,https://pncp.gov.br/pncp-api/v1/orgaos/82951229000176/compras/2023/34/arquivos/1,Ativo,"Obras civis de pontes e viadutos - concreto (R$ 4.502.907,69)"
82951229000176-1-000063/2023,82951229000176-1-000063-2023.md,ESTADO DE SANTA CATARINA,Edital nº 00143/2023,Contratação de empresa de engenharia para reforma da superestrutura através da substituição de madeira por concreto armado pré-fabricado da Ponte do Pico (João Fleith) sobre o rio Cubatão do Norte.,45323003001432023000.zip,Edital 1432023 e Anexos.zip; Edital 1432023 e Anexos.zip/Edital 1432023 e Anexos/00 Edital.pdf; Edital 1432023 e Anexos.zip/Edital 1432023 e Anexos/Anexo III - Cronograma Físico-Financeiro.pdf; Edital 1432023 e Anexos.zip/Edital 1432023 e Anexos/Anexo III - Declaraç╞o de Atividade N╞o Constante.pdf; Edital 1432023 e Anexos.zip/Edital 1432023 e Anexos/Anexo III - Memorial Descritivo.pdf; Edital 1432023 e Anexos.zip/Edital 1432023 e Anexos/Anexo III - Planilha Orçamentária Analítica.pdf; Edital 1432023 e Anexos.zip/Edital 1432023 e Anexos/Anexo III - Planilha Orçamentária Sintética e Demonstraç╞o de BDI.pdf; Edital 1432023 e Anexos.zip/Edital 1432023 e Anexos/Anexo III - Projeto Executivo.pdf; RelacaoItens45323003001432023000.pdf,https://pncp.gov.br/pncp-api/v1/orgaos/82951229000176/compras/2023/63/arquivos/1,Ativo,"Obras civis de pontes e viadutos - concreto (R$ 703.885,27)"
82951229000176-1-000064/2023,82951229000176-1-000064-2023.md,ESTADO DE SANTA CATARINA,Edital nº 00096/2023,Requalificação do Centreventos e Entorno.,45323003000962023000.zip,Edital.pdf; RelacaoItens45323003000962023000.pdf,https://pncp.gov.br/pncp-api/v1/orgaos/82951229000176/compras/2023/64/arquivos/1,Ativo,"Obras civis de edificação prediais (R$ 1.710.859,76)"
82951229000176-1-000098/2023,82951229000176-1-000098-2023.md,ESTADO DE SANTA CATARINA,Edital nº 00144/2023,Contratação de empresa para a reforma e ampliação do Centro de Saúde da Agronômica.,98810503001442023000.zip,Edital Concorrencia Eletronica 144_2023.docx; RelacaoItens98810503001442023000.pdf,https://pncp.gov.br/pncp-api/v1/orgaos/82951229000176/compras/2023/98/arquivos/1,Ativo,"Manutenção / Reforma Predial (R$ 4.558.335,50)"
82951229000176-1-000103/2023,82951229000176-1-000103-2023.md,ESTADO DE SANTA CATARINA,Edital nº 00177/2023,Urbanização da rua Alfredo Wersdoefer,45323003001772023000.zip,Edital.pdf; RelacaoItens45323003001772023000.pdf,https://pncp.gov.br/pncp-api/v1/orgaos/82951229000176/compras/2023/103/arquivos/1,Ativo,"Obras Civis de Pavimentação Asfáltica (R$ 4.570.371,56)"
46379400000150-1-000574/2023,46379400000150-1-000574-2023.md,ESTADO DE SAO PAULO,Edital nº 00001/2023,"Plataforma Compras BR - Contratação de empresa especializada para prestação de serviços continuados de operação de tecnologia educacional, incluindo suporte, nas unidades de Ensino Fundamental II do Sistema Municipal de Ensino de Taubaté.",98718303000012023000.zip,CE 01 23.rar; RelacaoItens98718303000012023000.pdf,https://pncp.gov.br/pncp-api/v1/orgaos/46379400000150/compras/2023/574/arquivos/1,Ativo,"Outros contratos de transferência de tecnologia (R$ 27.433.024,67)"
46379400000150-1-000575/2023,46379400000150-1-000575-2023.md,ESTADO DE SAO PAULO,Edital nº 00002/2023,"Plataforma Compras BR - Contratação de empresa especializada para elaboração de Estudo Preliminar Arquitetônico e Urbanístico, dos equipamentos públicos a serem implantados nos imóveis das -Matrículas nº 46.319.007.001 e n° 46.111.044.001.",98718303000022023000.zip,CE 02 23 - ANEXOS.rar; RelacaoItens98718303000022023000.pdf,https://pncp.gov.br/pncp-api/v1/orgaos/46379400000150/compras/2023/575/arquivos/1,Ativo,"Perícia, laudo e avaliação (R$ 0,00)"
00394577000125-1-000008/2022,00394577000125-1-000008-2022.md,ESTADO DO AMAPA,Edital nº 00001/2022,Contratação de serviços de engenharia por empresa especializada em obras no regime de contratação integrada para construção da sede do CRM/AP.,92646403000012022000.zip,Concorrencia 01 - 2022 CRMAP.pdf; RelacaoItens92646403000012022000.pdf,https://pncp.gov.br/pncp-api/v1/orgaos/00394577000125/compras/2022/8/arquivos/1,Ativo,"Obras Civis Públicas ( Construção ) (R$ 7.925.046,22)"
07954480000179-1-000127/2023,07954480000179-1-000127-2023.md,ESTADO DO CEARA,Aviso de Contratação Direta nº 202316585/2023,"Aquisição de Caixas Plásticas, Material de Limpeza e Material Descartável.",TermoDeParticipacao_20230015.pdf,,https://pncp.gov.br/pncp-api/v1/orgaos/07954480000179/compras/2023/127/arquivos/1,Ativo,"CAIXA, ACONDICIONAMENTO DE ALIMENTOS, PLASTICA FECHADA, POLIETILENO DE ALTA DENSIDADE, TAMPA COMPACTA, CAPACIDADE 15 LITROS, DIMENSOES +/- 15X35X45 CM, EMBALAGEM 1.0 UNIDADE (R$ 117,00); CAIXA, ACONDICIONAMENTO DE ALIMENTOS, PLASTICA FECHADA, POLIETILENO DE ALTA DENSIDADE, TAMPA COMPACTA, CAPACIDADE 38 LITROS, DIMENSOES +/- 30X40X55 CM, EMBALAGEM 1.0 UNIDADE (R$ 170,10)"
07954480000179-1-000358/2023,07954480000179-1-000358-2023.md,ESTADO DO CEARA,Aviso de Contratação Direta nº 202317701/2023,"Aquisição de Gêneros Alimentícios: Mercearia, Leite & Derivados e Pães para atender os Restaurante Universitários de Fortaleza e Limoeiro do Norte",Anexo I.pdf,,https://pncp.gov.br/pncp-api/v1/orgaos/07954480000179/compras/2023/358/arquivos/1,Ativo,"AMIDO, DE MILHO, EMBALAGEM COM DADOS DE IDENTIFICACAO, DATA DE FABRICACAO, PRAZO DE VALIDADE, EMBALAGEM 1.0 QUILOGRAMA (R$ 2.654,75); AZEITE, DENDE, PURO, BAIXA ACIDEZ, DADOS DE IDENTIFICACAO DO PRODUTO, MARCA DO FABRICANTE, DATA DE FABRICACAO, PRAZO DE VALIDADE,RESOLUCAO 482/99 - ANVISA, EMBALAGEM 200.0 MILILITROS (R$ 1.473,75)"
07954480000179-1-001005/2025,07954480000179-1-001005-2025.md,ESTADO DO CEARA,Aviso de Contratação Direta nº 202500176/2025,Aquisição de material descartável e embalagens para atender os Restaurantes Universitários de Fortaleza e Limoeiro do Norte.,ETP+2025.176.pdf,,https://pncp.gov.br/pncp-api/v1/orgaos/07954480000179/compras/2025/1005/arquivos/1,Ativo,"LUVA, NAO ESTERIL, AMBIDESTRA, TAMANHO DIVERSOS, VINIL, DESCARTAVEL, SEM PO, CAIXA 100.0 UNIDADES (R$ 800,00); LUVA, CANO LONGO, POLIETILENO RECICLAVEL, CAIXA 100.0 UNIDADES (R$ 1.248,81)"
07954480000179-1-001521/2023,07954480000179-1-001521-2023.md,ESTADO DO CEARA,Aviso de Contratação Direta nº 202323002/2023,Aquisição de Processador de Alimentos para o Restaurante Universitário do Itaperi.,TermoDeParticipacao_20230019.pdf,,https://pncp.gov.br/pncp-api/v1/orgaos/07954480000179/compras/2023/1521/arquivos/1,Ativo,"PROCESSADOR, ALIMENTOS, 05 DISCOS, VELOCIDADE 375 RPM, POTENCIA 550 WATTS, VOLTAGEM 220V, MONOFASICO, CAIXA 1.0 UNIDADE (R$ 12.760,00)"
07954480000179-1-001695/2025,07954480000179-1-001695-2025.md,ESTADO DO CEARA,Aviso de Contratação Direta nº 202500125/2025,Aquisição de material de limpeza e higienização para atender os Restaurantes Universitários do Itaperi e Limoeiro do Norte.,TermoDeParticipacao_20250040.pdf,,https://pncp.gov.br/pncp-api/v1/orgaos/07954480000179/compras/2025/1695/arquivos/1,Ativo,"BALDE, MATERIAL RECICLADO, ALTA RESISTENCIA, PLASTICO, 35 LITROS, TAMPA, EMBALAGEM 1.0 UNIDADE (R$ 715,00); VASSOURA, PIACAVA, COMPRIMENTO MINIMO 22CM, ALTURA MINIMA 3,0CM, BASE EM MADEIRA, RETANGULAR, 22 FUROS, CABO EM MADEIRA, ROTULO OU CORPO GRAVADO COM IDENTIFICACAO DO PRODUTO E MARCA DO FABRICANTE, AVULSO 1.0 UNIDADE (R$ 490,40)"
07954480000179-1-001751/2024,07954480000179-1-001751-2024.md,ESTADO DO CEARA,Aviso de Contratação Direta nº 202330868/2024,A aquisição de equipamentos para a instalação de uma nova câmara de congelados no Restaurante Universitário do Itaperi.,TermoDeParticipacao_20240002.pdf,,https://pncp.gov.br/pncp-api/v1/orgaos/07954480000179/compras/2024/1751/arquivos/1,Ativo,"CONDENSADOR, UNIDADE CONDENSADORA, CAMARAS FRIGORIFICAS, 04 HP, FLUIDO DE ARREFECIMENTO R404A, TENSAO 380V 3F, COMPRESSOR, CONDENSADOR, MOTOR VENTILADOR, PRESSOSTATOS, TANQUE LIQUIDO, VALVULA DE SERVICO, BASE, CAIXA 1.0 UNIDADE (R$ 0,00); EVAPORADOR, AR FORCADO, CAMARA FRIGORIFICA, CARENAGEM ALUMINIO SEM PINTURA, PARAFUSOS INOX, GRADES PLASTICAS, BANDEJA E TAMPAS LATERAIS REMOVIVEIS, GOTEJAMENTO TOTAL DENTRO DA BANDEJA, CAIXA ELETRICA EXTERNA, CORRENTE 1,4A, 03 VENTILADORES, RESISTENCIA 220V, 60HZ, FLUIDO DE ARREFECIMENTO R404A, CAIXA 1.0 UNIDADE (R$ 0,00)"
07954480000179-1-002168/2024,07954480000179-1-002168-2024.md,ESTADO DO CEARA,Aviso de Contratação Direta nº 202400137/2024,Aquisição de embalagens de marmitas para atender o Restaurante Universitário do Itaperi.,TermoDeParticipacao_20240007.pdf,,https://pncp.gov.br/pncp-api/v1/orgaos/07954480000179/compras/2024/2168/arquivos/1,Ativo,"MARMITA - EMBALAGEM DE ALUMINIO, DIMENSOES MINIMAS 20CM DIAMETRO, ALTURA 5CM, PROTEGIDA POR SACO PLASTICO, SEM DIVISOES, REDONDA, TAMPA PAPELAO, CAPACIDADE MINIMA 830ML, CAIXA 100.0 UNIDADES (R$ 0,00); MARMITA - EMBALAGEM DE ALUMINIO, EMBALAGEM COM IDENTIFICACAO DO PRODUTO E MARCA DO FABRICANTE, RETANGULAR, PROTEGIDA POR SACO PLASTICO, CAPACIDADE PARA 1.000 ML, ACONDICIONAMENTO DE REFEICOES, 252 X 225 X 42 MM, COM TRES DIVISORIAS RASAS, CAIXA 100.0 UNIDADES (R$ 0,00)"
07954480000179-1-002987/2025,07954480000179-1-002987-2025.md,ESTADO DO CEARA,Edital nº 90166/2025,"O objeto da licitação é a Aquisição de equipamentos para cozinha industrial dos Restaurantes Universitários da FUNECE, nas condições estabelecidas neste edital e seus anexos.",94300105901662025000.zip,PE20250002FUNECE.pdf; RelacaoItens94300105901662025000.pdf,https://pncp.gov.br/pncp-api/v1/orgaos/07954480000179/compras/2025/2987/arquivos/1,Ativo,"Frigideira (R$ 0,00); Chapa Assadeira/Fritadeira (R$ 0,00)"
07954480000179-1-007600/2024,07954480000179-1-007600-2024.md,ESTADO DO CEARA,Aviso de Contratação Direta nº 202413631/2024,"Serviço de nutrição e alimentação - Fornecimento de alimentação (desjejum, almoço e jantar), destinados a estudantes com matrícula regular no ensino presencial ou à distância, professores, servidores e funcionários terceirizados, da Universidade Estadual Vale do Acaraú, em Sobral-CE",PARECER_N__000167_2024_UVA_ASJUR.pdf,,https://pncp.gov.br/pncp-api/v1/orgaos/07954480000179/compras/2024/7600/arquivos/1,Ativo,"SERVICO DE NUTRICAO E ALIMENTACAO - FORNECIMENTO DE DESJEJUM (R$ 139.095,00); SERVICO DE NUTRICAO E ALIMENTACAO - FORNECIMENTO DE ALMOCO (R$ 1.177.086,24)"
07954480000179-1-013734/2024,07954480000179-1-013734-2024.md,ESTADO DO CEARA,Edital nº 202400561/2024,Aquisição de Gêneros Alimentícios para atender os Restaurante Universitários de Fortaleza e Limoeiro do Norte.,ANEXO+DE+ITENS_PREGAO_20240004.pdf,,https://pncp.gov.br/pncp-api/v1/orgaos/07954480000179/compras/2024/13734/arquivos/2,Ativo,"VISCERA, EMBALAGEM A VACUO, COM IDENTIFICACAO DO PRODUTO, MARCA DO FABRICANTE, PRAZO DE VALIDADE, MARCAS E CARIMBOS OFICIAIS, TIPO BUCHO BOVINO, CONGELADO, PORTARIAS DO MINISTERIO DA AGRICULTURA, DIPOA N° 304 DE 22/04/96, N° 145 DE 22/04/98, RESOLUCAO DA ANVISA N°105 DE 19/05/99, FILME PVC 1.0 QUILOGRAMAS (R$ 0,00); CARNE BOVINA, ACEM, SEM OSSO, SEM ADICAO DE SAL, EMBALAGEM EM FILME PVC TRANSPARENTE OU SACO PLASTICO TRANSPARENTE, IDENTIFICACAO DO PRODUTO, MARCA DO FABRICANTE, PRAZO DE VALIDADE, MARCAS E CARIMBOS OFICIAIS, SEGUNDA, CONGELADA,COM DESCONGELAMENTO EM TORNO DE 8%, PORTARIAS DO MINISTERIO DA AGRICULTURA, DIPOA N.304 DE 22/04/96 E N.145 DE 22/04/98, DA RESOLUCAO DA ANVISA N.105 DE 19/05/99 E DA LEI MUNICIPAL / VIGILANCIA SANITARIA N.5504/99, REGISTRO SIF, SIE, OU SIM, FILME PVC 1.0 QUILOGRAMA (R$ 0,00)"
07954480000179-1-013734/2024,07954480000179-1-013734-2024.md,ESTADO DO CEARA,Edital nº 202400561/2024,Aquisição de Gêneros Alimentícios para atender os Restaurante Universitários de Fortaleza e Limoeiro do Norte.,PE+04-2024.pdf,,https://pncp.gov.br/pncp-api/v1/orgaos/07954480000179/compras/2024/13734/arquivos/1,Ativo,"VISCERA, EMBALAGEM A VACUO, COM IDENTIFICACAO DO PRODUTO, MARCA DO FABRICANTE, PRAZO DE VALIDADE, MARCAS E CARIMBOS OFICIAIS, TIPO BUCHO BOVINO, CONGELADO, PORTARIAS DO MINISTERIO DA AGRICULTURA, DIPOA N° 304 DE 22/04/96, N° 145 DE 22/04/98, RESOLUCAO DA ANVISA N°105 DE 19/05/99, FILME PVC 1.0 QUILOGRAMAS (R$ 0,00); CARNE BOVINA, ACEM, SEM OSSO, SEM ADICAO DE SAL, EMBALAGEM EM FILME PVC TRANSPARENTE OU SACO PLASTICO TRANSPARENTE, IDENTIFICACAO DO PRODUTO, MARCA DO FABRICANTE, PRAZO DE VALIDADE, MARCAS E CARIMBOS OFICIAIS, SEGUNDA, CONGELADA,COM DESCONGELAMENTO EM TORNO DE 8%, PORTARIAS DO MINISTERIO DA AGRICULTURA, DIPOA N.304 DE 22/04/96 E N.145 DE 22/04/98, DA RESOLUCAO DA ANVISA N.105 DE 19/05/99 E DA LEI MUNICIPAL / VIGILANCIA SANITARIA N.5504/99, REGISTRO SIF, SIE, OU SIM, FILME PVC 1.0 QUILOGRAMA (R$ 0,00)"
07954480000179-1-014010/2024,07954480000179-1-014010-2024.md,ESTADO DO CEARA,Edital nº 90533/2024,"O objeto da licitação é a Aquisição de gêneros alimentícios para atender às necessidades dos restaurantes universitários da FUNECE, nas condições estabelecidas neste edital e seus anexos.",94300105905332024001.zip,PE20240004FUNECE.pdf; RelacaoItens94300105905332024001.pdf,https://pncp.gov.br/pncp-api/v1/orgaos/07954480000179/compras/2024/14010/arquivos/2,Ativo,"Carne Bovina In Natura (R$ 18.900,00); Carne Bovina In Natura (R$ 862.400,00)"
07954480000179-1-015518/2024,07954480000179-1-015518-2024.md,ESTADO DO CEARA,Edital nº 202400577/2024,Aquisição de Hortifrutigranjeiros para atender os Restaurante Universitários de Fortaleza e Limoeiro do Norte.,ANEXO+DE+ITENS_PREGAO_20240005.pdf,,https://pncp.gov.br/pncp-api/v1/orgaos/07954480000179/compras/2024/15518/arquivos/2,Ativo,"MACA, VERMELHA NACIONAL, EMBALADA EM SACO DE POLIETILENO, 1ª QUALIDADE, INTEGRA E FIRME, EMBALAGEM 1.0 QUILOGRAMAS (R$ 0,00); LARANJA, PERA, TAMANHO MEDIO, ISENTA DE SUBSTANCIA TERROSA, SUJIDADES OU CORPOS ESTRANHOS, FRESCA, INTEGRA, FIRME, GRAU DE MATURACAO MEDIO, ACONDICIONADA EM EMBALAGEM APROPIADA, EMBALAGEM 1.0 QUILOGRAMA (R$ 0,00)"
07954480000179-1-015518/2024,07954480000179-1-015518-2024.md,ESTADO DO CEARA,Edital nº 202400577/2024,Aquisição de Hortifrutigranjeiros para atender os Restaurante Universitários de Fortaleza e Limoeiro do Norte.,ETP.pdf,,https://pncp.gov.br/pncp-api/v1/orgaos/07954480000179/compras/2024/15518/arquivos/1,Ativo,"MACA, VERMELHA NACIONAL, EMBALADA EM SACO DE POLIETILENO, 1ª QUALIDADE, INTEGRA E FIRME, EMBALAGEM 1.0 QUILOGRAMAS (R$ 0,00); LARANJA, PERA, TAMANHO MEDIO, ISENTA DE SUBSTANCIA TERROSA, SUJIDADES OU CORPOS ESTRANHOS, FRESCA, INTEGRA, FIRME, GRAU DE MATURACAO MEDIO, ACONDICIONADA EM EMBALAGEM APROPIADA, EMBALAGEM 1.0 QUILOGRAMA (R$ 0,00)"
07954480000179-1-016214/2024,07954480000179-1-016214-2024.md,ESTADO DO CEARA,Ato que autoriza a Contratação Direta nº 202413515/2024,Serviço contínuo de fornecimento de gás engarrafado para atender o Restaurante Universitário do Itaperi por um período de 12 (doze) meses.,ATO+DE+HOMOLOGACAO.pdf,,https://pncp.gov.br/pncp-api/v1/orgaos/07954480000179/compras/2024/16214/arquivos/9,Ativo,"GAS, LIQUEFEITO DE PETROLEO GLP, COMPOSICAO BASICA PROPANO E BUTANO, CANALIZADO, AVULSO 1.0 METRO CUBICO (R$ 110.385,00)"
07954480000179-1-016214/2024,07954480000179-1-016214-2024.md,ESTADO DO CEARA,Ato que autoriza a Contratação Direta nº 202413515/2024,Serviço contínuo de fornecimento de gás engarrafado para atender o Restaurante Universitário do Itaperi por um período de 12 (doze) meses.,PARECER+JURIDICO.pdf,,https://pncp.gov.br/pncp-api/v1/orgaos/07954480000179/compras/2024/16214/arquivos/8,Ativo,"GAS, LIQUEFEITO DE PETROLEO GLP, COMPOSICAO BASICA PROPANO E BUTANO, CANALIZADO, AVULSO 1.0 METRO CUBICO (R$ 110.385,00)"
07954480000179-1-016222/2024,07954480000179-1-016222-2024.md,ESTADO DO CEARA,Edital nº 90557/2024,"O objeto da licitação é a aquisição de MATERIAL DE CONSUMO (HORTIFRUTIGRANJEIROS) para atender as necessidades do restaurante universitário do ITAPERI/FUNECE e o restaurante universitário da FAFIDAM/FUNECE, nas condições estabelecidas neste edital e seus anexos.",94300105905572024000.zip,PE20240005FUNECE.pdf; RelacaoItens94300105905572024000.pdf,https://pncp.gov.br/pncp-api/v1/orgaos/07954480000179/compras/2024/16222/arquivos/1,Ativo,"Fruta (R$ 2.880,00); Fruta (R$ 249.200,00)"
07954480000179-1-016789/2025,07954480000179-1-016789-2025.md,ESTADO DO CEARA,Aviso de Contratação Direta nº 202512791/2025,"Prestação de Serviços de dedetização geral nas áreas internas e externas dos campi da UVA em São Benedito e Sobral, incluindo o controle de ratos, escorpiões, baratas, formigas, cupins e outros insetos, em especial o mosquito Aedes aegypti. Além da limpeza e desinfecção dos reservatórios de água do Restaurante Universitário (R.U.) e da Residência Universitária (ReU).",TermoDeParticipacao_20250005.pdf,,https://pncp.gov.br/pncp-api/v1/orgaos/07954480000179/compras/2025/16789/arquivos/1,Ativo,"SERVICOS DE DEDETIZACAO E DESCUPINIZACAO - DEDETIZACAO E DESCUPINIZACAO (R$ 2.500,00); SERVICOS DE DEDETIZACAO E DESCUPINIZACAO - DEDETIZACAO E DESCUPINIZACAO (R$ 16.884,00)"
07954480000179-1-021946/2024,07954480000179-1-021946-2024.md,ESTADO DO CEARA,Aviso de Contratação Direta nº 202428798/2024,Aquisição emergencial de gêneros alimentícios para atender o Restaurante Universitário do Itaperi.,Termo+de+Referencia.pdf,,https://pncp.gov.br/pncp-api/v1/orgaos/07954480000179/compras/2024/21946/arquivos/1,Ativo,"CARNE BOVINA, ACEM, SEM OSSO, SEM ADICAO DE SAL, EMBALAGEM EM FILME PVC TRANSPARENTE OU SACO PLASTICO TRANSPARENTE, IDENTIFICACAO DO PRODUTO, MARCA DO FABRICANTE, PRAZO DE VALIDADE, MARCAS E CARIMBOS OFICIAIS, SEGUNDA, CONGELADA,COM DESCONGELAMENTO EM TORNO DE 8%, PORTARIAS DO MINISTERIO DA AGRICULTURA, DIPOA N.304 DE 22/04/96 E N.145 DE 22/04/98, DA RESOLUCAO DA ANVISA N.105 DE 19/05/99 E DA LEI MUNICIPAL / VIGILANCIA SANITARIA N.5504/99, REGISTRO SIF, SIE, OU SIM, FILME PVC 1.0 QUILOGRAMA (R$ 352.000,00); CARNE BOVINA, CHARQUEADA, PONTA DE AGULHA, SACO DE POLIETILENO A VACUO, TRANSPARENTE, ROTULADO, IDENTIFICACAO DO PRODUTO, MARCA DE FABRICANTE, PRAZO DE VALIDADE, MARCAS E CARIMBOS OFICIAIS, PORTARIAS DO MINISTERIO DA AGRICULTURA DIPOA N. 304 DE 22/04/96 E N. 145 DE 22/04/98 DA RESOLUCAO DA ANVISA N. 105 DE 19/05/99, REGISTRO SIF, SIE, OU SIM, VALIDADE MINIMA DE 06 MESES, SACO DE POLIETILENO 1.0 QUILOGRAMA (R$ 43.200,00)"
07954480000179-1-021951/2024,07954480000179-1-021951-2024.md,ESTADO DO CEARA,Aviso de Contratação Direta nº 202428314/2024,GÊNEROS ALIMENTÍCIOS PARA O RESTAURANTE UNIVERSITÁRIO DE LIMOEIRO DO NORTE.,CRONOGRAMA+DE+RECEBIMENTO+E+EXIGENCIAS+DA+ENTREGA.pdf,,https://pncp.gov.br/pncp-api/v1/orgaos/07954480000179/compras/2024/21951/arquivos/1,Ativo,"VISCERA, EMBALAGEM A VACUO, COM IDENTIFICACAO DO PRODUTO, MARCA DO FABRICANTE, PRAZO DE VALIDADE, MARCAS E CARIMBOS OFICIAIS, TIPO BUCHO BOVINO, CONGELADO, PORTARIAS DO MINISTERIO DA AGRICULTURA, DIPOA N° 304 DE 22/04/96, N° 145 DE 22/04/98, RESOLUCAO DA ANVISA N°105 DE 19/05/99, FILME PVC 1.0 QUILOGRAMAS (R$ 4.398,00); CARNE BOVINA, FIGADO, INTEIRO, EMBALAGEM EM FILME PVC TRANSPARENTE OU SACO PLASTICO TRANSPARENTE, IDENTIFICACAO DO PRODUTO, MARCA DO FABRICANTE, PRAZO DE VALIDADE, MARCAS E CARIMBOS OFICIAIS, CONGELADO, PORTARIAS DO MINISTERIO DA AGRICULTURA, DIPOA N.304 DE 22/04/96 E N.145 DE 22/04/98, RESOLUCAO DA ANVISA N.105 DE 19/05/99 E DA LEI MUNICIPAL / VIGILANCIA SANITARIA N.5504/99, REGISTRO SIF, SIE, OU SIM, EMBALAGEM 1.0 QUILOGRAMA (R$ 2.592,00)"
07954480000179-1-022760/2024,07954480000179-1-022760-2024.md,ESTADO DO CEARA,Aviso de Contratação Direta nº 202432279/2024,Aquisição de Material Permanente - Suporte para tablet e impressora térmica.,TERMO+DE+REFERENCIA+_+AQUISICAO+DE+TOTENS.pdf,,https://pncp.gov.br/pncp-api/v1/orgaos/07954480000179/compras/2024/22760/arquivos/1,Ativo,"TOTEM, MESA E PAREDE, ESTRUTURA ACO CARBONO, PINTURA ELETROTASTICA, BASE FORMATO L, REGULAGEM DE INCLINACAO, TRANCA FECHADURA E CHAVE, SUPORTE TELA 10,5"", EMBALAGEM 1.0 UNIDADE (R$ 1.173,33); TOTEM, MONITOR 10.5"", ESTRUTURA ACO CARBONO, ACABAMENTO ACM PRATA, CHAPA ALUMINIO OU ACO INOX, DIMENSOES ALTURA 130 CM X LARGURA 20 CM X PROFUNDIDADE 25 CM X BASE/PE 30 CM, EMBALAGEM 1.0 UNIDADE (R$ 6.000,00)"
07954480000179-1-022876/2024,07954480000179-1-022876-2024.md,ESTADO DO CEARA,Aviso de Contratação Direta nº 202429052/2024,"SERVIÇO DE DEDETIZAÇÃO, DESINFECÇÃO, DESCUPINIZAÇÃO, DESRATIZAÇÃO, CONTROLE DE PRAGAS E DESALOJAMENTO DE POMBOS PARA OS RESTAURANTES UNIVERSITÁRIOS DE FORTALEZA E LIMOEIRO DO NORTE",ETP.pdf,,https://pncp.gov.br/pncp-api/v1/orgaos/07954480000179/compras/2024/22876/arquivos/1,Ativo,"SERVICOS DE DEDETIZACAO E DESCUPINIZACAO - SERVICO DE DEDETIZACAO, DESINFECCAO, DESCUPINIZACAO, DESRATIZACAO, CONTROLE DE PRAGAS E DESALOJAMENTO DE POMBOS (R$ 28.080,00); SERVICOS DE DEDETIZACAO E DESCUPINIZACAO - SERVICO DE DEDETIZACAO, DESINFECCAO, DESCUPINIZACAO, DESRATIZACAO, CONTROLE DE PRAGAS E DESALOJAMENTO DE POMBOS (R$ 26.364,00)"
07954480000179-1-024468/2024,07954480000179-1-024468-2024.md,ESTADO DO CEARA,Aviso de Contratação Direta nº 202434050/2024,Aquisição de materiais de limpeza de base química adequados à manutenção da higiene e segurança dos Restaurantes Universitários dos campi Itaperi e Limoeiro do Norte - Faculdade de Filosofia Dom Aureliano Matos - FAFIDAM.,TermoDeParticipacao_20250006.pdf,,https://pncp.gov.br/pncp-api/v1/orgaos/07954480000179/compras/2024/24468/arquivos/1,Ativo,"ALCOOL, 96°, GEL, ACENDEDOR, HIDRATADO, ESPESSANTE NEUTRALIZANTE, DESNATURANTE, REGISTRO NO MINISTERIO DA SAUDE, DATA DE FABRICACAO, VALIDADE, BOMBONA 5.0 LITROS (R$ 720,00); LUBRIFICANTE, SPRAY, TIPO WD40, TUBO 300.0 MILILITROS (R$ 540,00)"
07954480000179-1-024540/2024,07954480000179-1-024540-2024.md,ESTADO DO CEARA,Edital nº 202416007/2024,Aquisição de equipamentos de cozinha para atender os Restaurantes Universitários da FUNECE capital e interior.,ANEXO+DE+ITENS_PREGAO_20250002.pdf,,https://pncp.gov.br/pncp-api/v1/orgaos/07954480000179/compras/2024/24540/arquivos/2,Ativo,"FRIGIDEIRA, INDUSTRIAL, TAMPA BASCULANTE, ACO INOX, A GAS, ACIONAMENTO MANUAL, CAPACIDADE 100 LITROS, EMBALAGEM 1.0 UNIDADE (R$ 0,00); CHAPA COZINHA, INDUSTRIAL, ACO INOX, A GAS, BANDEJA COLETORA DE RESIDUOS, EMBALAGEM 1.0 UNIDADE (R$ 0,00)"
07954480000179-1-024540/2024,07954480000179-1-024540-2024.md,ESTADO DO CEARA,Edital nº 202416007/2024,Aquisição de equipamentos de cozinha para atender os Restaurantes Universitários da FUNECE capital e interior.,PE+02-25.pdf,,https://pncp.gov.br/pncp-api/v1/orgaos/07954480000179/compras/2024/24540/arquivos/1,Ativo,"FRIGIDEIRA, INDUSTRIAL, TAMPA BASCULANTE, ACO INOX, A GAS, ACIONAMENTO MANUAL, CAPACIDADE 100 LITROS, EMBALAGEM 1.0 UNIDADE (R$ 0,00); CHAPA COZINHA, INDUSTRIAL, ACO INOX, A GAS, BANDEJA COLETORA DE RESIDUOS, EMBALAGEM 1.0 UNIDADE (R$ 0,00)"
06354468000160-1-000039/2023,06354468000160-1-000039-2023.md,ESTADO DO MARANHAO,Edital nº 00001/2023,"Contratação de empresa especializada para execução da obra de Construção do prédio sede das Promotorias de Justiça de Bacuri do Maranhão, conforme especificações constantes no Projeto Básico ANEXO I e as especificações constantes do Processo Administrativo 23118/2022, partes integrantes deste Edital, independentemente de transcrição.",92512903000012023000.zip,CO_01_2023_CONSTRUCAO_PJ_BACURI_23118_2022.zip; CO_01_2023_CONSTRUCAO_PJ_BACURI_23118_2022.zip/ANEXOS/; CO_01_2023_CONSTRUCAO_PJ_BACURI_23118_2022.zip/ANEXOS/anexos_do_projeto_basico.pdf; CO_01_2023_CONSTRUCAO_PJ_BACURI_23118_2022.zip/ANEXOS/Planilha Orçamentária com demais anexos.xlsx; CO_01_2023_CONSTRUCAO_PJ_BACURI_23118_2022.zip/ANEXOS/Projeto_Basico_-_Bacuri_R0.pdf; CO_01_2023_CONSTRUCAO_PJ_BACURI_23118_2022.zip/CO_01_2023_CONSTRUÇÃO_PJ_BACURI_23118_2022.pdf; RelacaoItens92512903000012023000.pdf,https://pncp.gov.br/pncp-api/v1/orgaos/06354468000160/compras/2023/39/arquivos/1,Ativo,"Obras civis de edificações residenciais e comerciais (R$ 1.881.894,93)"
06354468000160-1-000040/2023,06354468000160-1-000040-2023.md,ESTADO DO MARANHAO,Edital nº 00002/2023,"Contratação de empresa especializada para execução da obra de Construção do prédio sede das Promotorias de Justiça de Pastos Bons/MA, conforme especificações constantes no Projeto Básico ANEXO I e as especificações constantes do Processo Administrativo 21218/2022.",92512903000022023000.zip,CO_02_2023_CONSTRUCAO_PJ_PASTOS_BONS_21218_2022.zip; CO_02_2023_CONSTRUCAO_PJ_PASTOS_BONS_21218_2022.zip/anexos/; CO_02_2023_CONSTRUCAO_PJ_PASTOS_BONS_21218_2022.zip/anexos/Anexos Projeto Básico Pastos Bons.pdf; CO_02_2023_CONSTRUCAO_PJ_PASTOS_BONS_21218_2022.zip/anexos/Planilha Orçamentária com demais anexos (1).xlsx; CO_02_2023_CONSTRUCAO_PJ_PASTOS_BONS_21218_2022.zip/anexos/Projeto_Basico_Pastos_Bons.pdf; CO_02_2023_CONSTRUCAO_PJ_PASTOS_BONS_21218_2022.zip/CO_02_2023_CONSTRUÇÃO_PJ_PASTOS_BONS_21218_2022.pdf; RelacaoItens92512903000022023000.pdf,https://pncp.gov.br/pncp-api/v1/orgaos/06354468000160/compras/2023/40/arquivos/1,Ativo,"Obras civis públicas ( construção ) (R$ 1.852.503,97)"
05288790000176-1-000004/2023,05288790000176-1-000004-2023.md,ESTADO DO MARANHAO - TRIBUNAL DE JUSTICA DO MARANHAO,Edital nº 00001/2023,Contratação de empresa de engenharia e/ou arquitetura para a retomada da obra da nova sede do Fórum da Comarca de Imperatriz-MA pertencente ao Tribunal de Justiça do Estado do Maranhão,92512503000012023000.zip,EDITAL CONCORENCIA ELETRONICA 012023_FORUM IMPERATRIZ_ETP_TR _revisado e assinado_17 02.pdf; RelacaoItens92512503000012023000.pdf,https://pncp.gov.br/pncp-api/v1/orgaos/05288790000176/compras/2023/4/arquivos/1,Ativo,"Serviço Engenharia (R$ 104.453.153,70)"
05054861000176-1-000441/2023,05054861000176-1-000441-2023.md,ESTADO DO PARA,Edital nº 00059/2023,Aquisição de Material Permanente (EQUIPAMENTO DE RESTAURANTE UNIVERSITÁRIO) para atender Centro de Ciências Sociais e Educação/CCSE da Universidade do Estado do Pará/UEPA.,92561105000592023001.zip,EDITAL PE 59-2023 PUBLICACAO ALTERADO COMPLETO PUBLICACAO.pdf; RelacaoItens92561105000592023001.pdf,https://pncp.gov.br/pncp-api/v1/orgaos/05054861000176/compras/2023/441/arquivos/2,Ativo,"Máquina fabricar gelo (R$ 14.072,66); Máquina lavar louças (R$ 57.161,55)"
76416940000128-1-000210/2023,76416940000128-1-000210-2023.md,ESTADO DO PARANA,Edital nº 99999/2023,Teste DER,46339003999992023000.zip,Edital.pdf; RelacaoItens46339003999992023000.pdf,https://pncp.gov.br/pncp-api/v1/orgaos/76416940000128/compras/2023/210/arquivos/1,Ativo,"Obras Civis de Rodovias / Estacionamento (R$ 0,00)"
76416940000128-1-000215/2023,76416940000128-1-000215-2023.md,ESTADO DO PARANA,Edital nº 00002/2023,"Contratação Integrada de empresa para elaboração dos Projetos Básico e Executivo de engenharia e execução das obras de restauração em Whitetopping na PRC-280, no trecho entre o trevo de acesso leste de Palmas até Clevelândia, numa extensão de 45,00 km.",46339003000022023000.zip,02a Edital e Anexos.pdf; RelacaoItens46339003000022023000.pdf,https://pncp.gov.br/pncp-api/v1/orgaos/76416940000128/compras/2023/215/arquivos/1,Ativo,"Obras Civis de Rodovias / Estacionamento (R$ 0,00)"
76416940000128-1-000216/2023,76416940000128-1-000216-2023.md,ESTADO DO PARANA,Edital nº 00003/2023,"Contratação integrada de empresa para elaboração do projeto básico e executivo e execução das obras de Interseção em desnível na rodovia BR-376/PR, cruzamento com PR-317 e acesso à Avenida João Pereira, no segmento do km 170,7 ao km 172,9 no município de Maringá-PR, numa extensão de 2.174,00 m.",46339003000032023000.zip,02a Edital e Anexos.pdf; RelacaoItens46339003000032023000.pdf,https://pncp.gov.br/pncp-api/v1/orgaos/76416940000128/compras/2023/216/arquivos/1,Ativo,"Obras Civis de Rodovias / Estacionamento (R$ 0,00)"
76416940000128-1-000275/2023,76416940000128-1-000275-2023.md,ESTADO DO PARANA,Edital nº 00007/2023,"Contratação de empresa especializada para a operação do serviço público de transporte coletivo aquaviário de passageiros, veículos e cargas, no trecho que compreende a Travessia da Baía de Guaratuba, por meio de condução, locação, abastecimento e manutenção das embarcações da frota e das instalações, bem como o fornecimento de mão de obra para viabilizar as atividades da operação, pelo prazo de 25 (vinte e cinco) meses.",46339003000072023000.zip,02a Edital e Anexos.pdf; RelacaoItens46339003000072023000.pdf,https://pncp.gov.br/pncp-api/v1/orgaos/76416940000128/compras/2023/275/arquivos/1,Ativo,"Transporte Marítimo e Fluvial de Pessoal / Carga (R$ 132.198.011,44)"
76416940000128-1-000289/2023,76416940000128-1-000289-2023.md,ESTADO DO PARANA,Edital nº 00001/2023,"Contratação Integrada de empresa para elaboração dos Projetos Básico e Executivo e execução das obras de implantação de Variante na PR-364, desviando da área urbana do Bairro Riozinho no município de Irati, com uma extensão de 1,64 km.",46339003000012023000.zip,02a Edital e Anexos.pdf; RelacaoItens46339003000012023000.pdf,https://pncp.gov.br/pncp-api/v1/orgaos/76416940000128/compras/2023/289/arquivos/1,Ativo,"Obras Civis de Rodovias / Estacionamento (R$ 26.773.472,04)"
76416940000128-1-000347/2023,76416940000128-1-000347-2023.md,ESTADO DO PARANA,Edital nº 00001/2023,"Constitui o objeto da presente licitação a Contratação de empresa especializada em soluções de energia fotovoltaica para dimensionar, instalar, fornecer equipamentos e estrutura para seu funcionamento, bem como realizar a manutenção preventiva de usina solar fotovoltaica com capacidade de atender a demanda de consumo médio mensal de 22.428 kW/h e anual de 269.136 kW/h, no Instituto Curitiba de Saúde (ICS), conforme condições estabelecidas neste edital e seus anexos.",92900203000012023000.zip,EDITAL.pdf; RelacaoItens92900203000012023000.pdf,https://pncp.gov.br/pncp-api/v1/orgaos/76416940000128/compras/2023/347/arquivos/1,Ativo,"Instalação / Manutenção - Energia Solar Fotovotaica (R$ 1.861.075,44)"
76416940000128-1-000542/2023,76416940000128-1-000542-2023.md,ESTADO DO PARANA,Edital nº 00003/2023,"Contratação de empresa especializada para execução de obras de melhorias no campo da vila santa terezinha, em atendimento às necessidades do departamento municipal de esportes.",98762303000032023000.zip,EDITAL E DOCUMENTOS COMPLEMENTARES.rar; RelacaoItens98762303000032023000.pdf,https://pncp.gov.br/pncp-api/v1/orgaos/76416940000128/compras/2023/542/arquivos/1,Ativo,"Obras Civis Públicas ( Construção ) (R$ 126.623,98)"
76416940000128-1-000558/2023,76416940000128-1-000558-2023.md,ESTADO DO PARANA,Edital nº 00004/2023,Contratação de empresa especializada para a reforma das instalações sanitárias – masculino e feminino do estádio municipal.,98783103000042023000.zip,EDITAL E PASTA TECNICA.rar; RelacaoItens98783103000042023000.pdf,https://pncp.gov.br/pncp-api/v1/orgaos/76416940000128/compras/2023/558/arquivos/1,Ativo,"Manutenção / Reforma Predial (R$ 78.809,78)"
76416940000128-1-000559/2023,76416940000128-1-000559-2023.md,ESTADO DO PARANA,Edital nº 99997/2023,Teste Der/PR.,46339003999972023000.zip,editaltesteder.pdf; RelacaoItens46339003999972023000.pdf,https://pncp.gov.br/pncp-api/v1/orgaos/76416940000128/compras/2023/559/arquivos/1,Ativo,"Obras Civis de Rodovias / Estacionamento (R$ 1.000.000,00)"
76416940000128-1-000722/2024,76416940000128-1-000722-2024.md,ESTADO DO PARANA,Edital nº 90253/2024,"Contratação de empresa para prestação de serviço de Concessão de espaço público para funcionamento do Restaurante Universitário da Unioeste – Campus de Cascavel, para uso de pessoa jurídica especializada no preparo e fornecimento de refeições (almoço e jantar, ambos com bebida e sobremesa), a serem disponibilizadas em balcões refrigerados e aquecidos, e serem servidas em bandejões, bem como realizar a gestão, administração, higienização e manutenção dos referidos espaços",92609705902532024001.zip,Minuta servico novo.pdf; RelacaoItens92609705902532024000.pdf,https://pncp.gov.br/pncp-api/v1/orgaos/76416940000128/compras/2024/722/arquivos/2,Ativo,"Concessão uso - área / imóvel público (R$ 2.229.291,85)"
76416940000128-1-001376/2024,76416940000128-1-001376-2024.md,ESTADO DO PARANA,Edital nº 90035/2024,"Contratação do fornecimento continuado de Gás Liquefeito de Petróleo (GLP) a granel com cessão em comodato de tanques estacionários para acondicionamento e recarga para o Restaurante Universitário – RU da Universidade Estadual de Londrina, com entrega parcelada.",92676905900352024000.zip,EDITAL_PE_35_2024.zip; EDITAL_PE_35_2024.zip/ANEXO01.pdf; EDITAL_PE_35_2024.zip/EDITAL_PE_35_2024.pdf; RelacaoItens92676905900352024000.pdf,https://pncp.gov.br/pncp-api/v1/orgaos/76416940000128/compras/2024/1376/arquivos/1,Ativo,"Gás refino de petróleo (R$ 169.707,20)"
76416940000128-1-001389/2024,76416940000128-1-001389-2024.md,ESTADO DO PARANA,Aviso de Contratação Direta nº 90115/2024,Locação De Software- Tef Sistema De Transferência Eletrônica De Fundos para o Restaurante Universitário- RU da Universidade Estadual de Londrina-UEL.,AVISO_DISPENSA+ELETRONICA_90115-24.zip,AVISO_DISPENSA ELETRΓNICA_90115-24.pdf; TR_AJUSTADO_DISPENSA ELETRΓNICA_90115-24.pdf,https://pncp.gov.br/pncp-api/v1/orgaos/76416940000128/compras/2024/1389/arquivos/1,Ativo,"Cessão Temporária de Direitos Sobre Programas de Computador Locação de Software (R$ 4.020,00)"
76416940000128-1-001477/2023,76416940000128-1-001477-2023.md,ESTADO DO PARANA,Aviso de Contratação Direta nº 00032/2023,"Aquisição de carnes bovinas, suínas e frango, em caráter emergencial.",Aviso+Dispensa+Eletronica-032-2023-+Carnes-20.867.128-6.pdf,,https://pncp.gov.br/pncp-api/v1/orgaos/76416940000128/compras/2023/1477/arquivos/1,Ativo,"Carne de ave in natura (R$ 244.339,20); Carne suína in natura (R$ 326.970,00)"
76416940000128-1-001626/2023,76416940000128-1-001626-2023.md,ESTADO DO PARANA,Aviso de Contratação Direta nº 00039/2023,"Aquisição de carnes bovinas, suínas e frango, em caráter emergencial para atender à demanda do Restaurante Universitário da UEM",Aviso+Dispensa+Eletronica-039-2023-+Carnes-20.867.128-A.pdf,,https://pncp.gov.br/pncp-api/v1/orgaos/76416940000128/compras/2023/1626/arquivos/1,Ativo,"Carne bovina in natura (R$ 244.339,20); Carne bovina in natura (R$ 326.970,00)"
76416940000128-1-001768/2024,76416940000128-1-001768-2024.md,ESTADO DO PARANA,Aviso de Contratação Direta nº 90121/2024,Aquisição de guardanapos para o Restaurante Universitário (RU) da Universidade Estadual de Londrina.,AVISODISPENSAELETRONICA12124RU.pdf,,https://pncp.gov.br/pncp-api/v1/orgaos/76416940000128/compras/2024/1768/arquivos/1,Ativo,"Guardanapo De Papel (R$ 10.130,80)"
76416940000128-1-001781/2024,76416940000128-1-001781-2024.md,ESTADO DO PARANA,Edital nº 90066/2024,"Contratação para o fornecimento parcelado de materiais médicos hospitalares diversos (máscara cirúrgica, gorro masculino/ feminino, entre outros) para atender o COU-UEL, BEBE CLINICA-UEL, RESTAURANTE UNIVERSITÁRIO-UEL, HOSPITAL VETERINÁRIO-UEL E HOSPITAL UNIVERSITÁRIO DE LONDRINA.",92676905900662024000.zip,EDPE066-24_COMPLETO.pdf; RelacaoItens92676905900662024000.pdf,https://pncp.gov.br/pncp-api/v1/orgaos/76416940000128/compras/2024/1781/arquivos/1,Ativo,"Avental cirúrgico - paramentação (R$ 455.670,00); Avental Procedimento - Paramentação (R$ 48.279,00)"
76416940000128-1-001940/2024,76416940000128-1-001940-2024.md,ESTADO DO PARANA,Aviso de Contratação Direta nº 90140/2024,Aquisição de gêneros alimentícios para consumo no Hospital Universitário e Restaurante Universitário/UEL.,CT_140_2024_Aviso+de+Dispensa+e+TR.pdf,,https://pncp.gov.br/pncp-api/v1/orgaos/76416940000128/compras/2024/1940/arquivos/1,Ativo,"Biscoito (R$ 6.655,50); Farinha De Rosca (R$ 19.687,50)"
76416940000128-1-002012/2023,76416940000128-1-002012-2023.md,ESTADO DO PARANA,Edital nº 00054/2023,"Aquisição de carnes bovina, suína, de frango e derivados para o Restaurante Universitário - RU.",92676405000542023000.zip,EDITAL0542023EProtoc20.835.2598.pdf; RelacaoItens92676405000542023000.pdf,https://pncp.gov.br/pncp-api/v1/orgaos/76416940000128/compras/2023/2012/arquivos/1,Ativo,"Carne Bovina In Natura (R$ 267.246,00); Carne Bovina In Natura (R$ 220.704,75)"
76416940000128-1-002046/2023,76416940000128-1-002046-2023.md,ESTADO DO PARANA,Edital nº 00059/2023,Aquisição de Gêneros Alimentícios para o Restaurante Universitário - RU,92676405000592023000.zip,EDITAL0592023EProtoc20.957.8085.pdf; RelacaoItens92676405000592023000.pdf,https://pncp.gov.br/pncp-api/v1/orgaos/76416940000128/compras/2023/2046/arquivos/1,Ativo,"Arroz Beneficiado (R$ 171.477,00); Leguminosa (R$ 162.202,50)"
76416940000128-1-002259/2024,76416940000128-1-002259-2024.md,ESTADO DO PARANA,Edital nº 90090/2024,"Contratação para o fornecimento parcelado de carne de frango (sobrecoxa e filé de peito de frango), para atender o Restaurante Universitário-UEL e Hospital Universitário de Londrina - HU.",92676905900902024000.zip,EDPE090-24_COMPLETO.pdf; RelacaoItens92676905900902024000.pdf,https://pncp.gov.br/pncp-api/v1/orgaos/76416940000128/compras/2024/2259/arquivos/1,Ativo,"Carne De Ave In Natura (R$ 293.705,33); Carne De Ave In Natura (R$ 97.891,53)"
76416940000128-1-002301/2024,76416940000128-1-002301-2024.md,ESTADO DO PARANA,Edital nº 90119/2024,"Contratação para o fornecimento parcelado de gêneros alimentícios diversos (macarrão, massa para lasanha, biscoito, entre outros) para atender o Restaurante Universitário – UEL e Hospital Universitário de Londrina.",92676905901192024000.zip,EDPE119-24_COMPLETO.pdf; RelacaoItens92676905901192024000.pdf,https://pncp.gov.br/pncp-api/v1/orgaos/76416940000128/compras/2024/2301/arquivos/1,Ativo,"Biscoito (R$ 27.069,00); Biscoito (R$ 4.954,74)"
76416940000128-1-002413/2024,76416940000128-1-002413-2024.md,ESTADO DO PARANA,Edital nº 90108/2024,"Contratação para o fornecimento parcelado de filé de peixe (tilápia e merluza), para atender o Restaurante Universitário-UEL e Hospital Universitário de Londrina.",92676905901082024000.zip,EDPE108-24_COMPLETO.pdf; RelacaoItens92676905901082024000.pdf,https://pncp.gov.br/pncp-api/v1/orgaos/76416940000128/compras/2024/2413/arquivos/1,Ativo,"Peixe In Natura (R$ 139.387,50); Peixe In Natura (R$ 46.462,50)"
76416940000128-1-002424/2023,76416940000128-1-002424-2023.md,ESTADO DO PARANA,Edital nº 00076/2023,Aquisição de equipamentos de cozinha industrial para o restaurante universitário.,92676405000762023001.zip,EDITAL0762023EProtoc21.196.4626RETIFICADO.pdf; RelacaoItens92676405000762023000.pdf,https://pncp.gov.br/pncp-api/v1/orgaos/76416940000128/compras/2023/2424/arquivos/2,Ativo,"Processador Alimentos (R$ 16.480,02); Descascador Legumes (R$ 7.017,30)"
76416940000128-1-002471/2024,76416940000128-1-002471-2024.md,ESTADO DO PARANA,Edital nº 90109/2024,"Contratação para o fornecimento parcelado de sucos diversos (caju, maracujá, entre outros) para atender o Restaurante Universitário-UEL e Hospital Universitário de Londrina.",92676905901092024000.zip,EDPE109-24_COMPLETO.pdf; RelacaoItens92676905901092024000.pdf,https://pncp.gov.br/pncp-api/v1/orgaos/76416940000128/compras/2024/2471/arquivos/1,Ativo,"Bebidas não alcoólicas (R$ 15.137,66); Pó Para Refresco (R$ 12.544,00)"
76416940000128-1-002472/2024,76416940000128-1-002472-2024.md,ESTADO DO PARANA,Edital nº 90110/2024,"Contratação para o fornecimento parcelado de condimentos, temperos diversos, entre outros, para atender o Restaurante Universitário – UEL e Hospital Universitário de Londrina.",92676905901102024000.zip,EDPE110-24_COMPLETO.pdf; RelacaoItens92676905901102024000.pdf,https://pncp.gov.br/pncp-api/v1/orgaos/76416940000128/compras/2024/2472/arquivos/1,Ativo,"Condimento (R$ 107,52); Tempero (R$ 1.886,82)"
76416940000128-1-002473/2024,76416940000128-1-002473-2024.md,ESTADO DO PARANA,Edital nº 90112/2024,"Contratação para o fornecimento parcelado de gêneros alimentícios diversos (água mineral sem gás, cacau em pó, adoçante, sagu, entre outros), para atender o Campus –UEL, Restaurante Universitário – UEL e Hospital Universitário de Londrina.",92676905901122024000.zip,EDPE112-24_COMPLETO.pdf; RelacaoItens92676905901122024000.pdf,https://pncp.gov.br/pncp-api/v1/orgaos/76416940000128/compras/2024/2473/arquivos/1,Ativo,"Achocolatado (R$ 1.922,82); Achocolatado (R$ 1.320,00)"
76416940000128-1-002474/2024,76416940000128-1-002474-2024.md,ESTADO DO PARANA,Edital nº 90115/2024,Contratação para o fornecimento parcelado de alho fresco descascado para atender o Restaurante Universitário – UEL e Hospital Universitário de Londrina.,92676905901152024000.zip,EDPE115-24_COMPLETO.pdf; RelacaoItens92676905901152024000.pdf,https://pncp.gov.br/pncp-api/v1/orgaos/76416940000128/compras/2024/2474/arquivos/1,Ativo,"Condimento (R$ 53.328,60)"
76416940000128-1-002497/2024,76416940000128-1-002497-2024.md,ESTADO DO PARANA,Edital nº 90111/2024,"Contratação para o fornecimento parcelado de gêneros alimentícios diversos (farinhas, entre outros) para atender o Restaurante Universitário – UEL e Hospital Universitário de Londrina.",92676905901112024000.zip,EDPE111-24_COMPLETO.pdf; RelacaoItens92676905901112024000.pdf,https://pncp.gov.br/pncp-api/v1/orgaos/76416940000128/compras/2024/2497/arquivos/1,Ativo,"Amido (R$ 13.888,00); Aveia Beneficiada (R$ 1.310,80)"
76416940000128-1-002498/2024,76416940000128-1-002498-2024.md,ESTADO DO PARANA,Edital nº 90120/2024,"Contratação para o fornecimento parcelado de pães diversos (integral, francês, entre outros) para atender o Restaurante Universitário – UEL e Hospital Universitário de Londrina.",92676905901202024000.zip,EDPE120-24_COMPLETO.pdf; RelacaoItens92676905901202024000.pdf,https://pncp.gov.br/pncp-api/v1/orgaos/76416940000128/compras/2024/2498/arquivos/1,Ativo,"Pão (R$ 22.827,40); Pão (R$ 25.185,30)"
76416940000128-1-002499/2024,76416940000128-1-002499-2024.md,ESTADO DO PARANA,Edital nº 90121/2024,"Contratação para o fornecimento parcelado de leite de vaca longa vida (com baixo teor de lactose semi- desnatado, desnatado e integral), para atender à Moradia Estudantil – UEL, Restaurante Universitário – UEL e Hospital Universitário de Londrina.",92676905901212024000.zip,EDPE121-24_COMPLETO.pdf; RelacaoItens92676905901212024000.pdf,https://pncp.gov.br/pncp-api/v1/orgaos/76416940000128/compras/2024/2499/arquivos/1,Ativo,"Leite Fluido (R$ 2.277,66); Leite Fluido (R$ 31.175,16)"
76416940000128-1-002500/2024,76416940000128-1-002500-2024.md,ESTADO DO PARANA,Edital nº 90182/2024,"Contratação para o fornecimento parcelado de gêneros alimentícios diversos (óleo vegetal, óleo de milho, margarina, azeite), para atende o Restaurante Universitário-UEL e Hospital Universitário de Londrina.",92676905901822024000.zip,EDPE182-24_COMPLETO.pdf; RelacaoItens92676905901822024000.pdf,https://pncp.gov.br/pncp-api/v1/orgaos/76416940000128/compras/2024/2500/arquivos/1,Ativo,"Azeite (R$ 2.136,00); Gordura Vegetal (R$ 31.559,95)"
76416940000128-1-002554/2024,76416940000128-1-002554-2024.md,ESTADO DO PARANA,Edital nº 90116/2024,"Contratação para o fornecimento parcelado de Gêneros Alimentícios Diversos (açúcar, arroz, feijão, entre outros) para atender o CAMPUS-UEL, Restaurante Universitário-UEL e Hospital Universitário de Londrina.",92676905901162024000.zip,EDPE116-24_COMPLETO.pdf; RelacaoItens92676905901162024000.pdf,https://pncp.gov.br/pncp-api/v1/orgaos/76416940000128/compras/2024/2554/arquivos/1,Ativo,"Arroz Beneficiado (R$ 200.922,92); Arroz Beneficiado (R$ 66.971,08)"
76416940000128-1-002556/2024,76416940000128-1-002556-2024.md,ESTADO DO PARANA,Edital nº 90136/2024,"Contratação para o fornecimento parcelado de carne suína (bisteca, pernil, lombo) para atender o Restaurante Universitário-UEL e Hospital Universitário de Londrina.",92676905901362024000.zip,EDPE136-24_COMPLETO.pdf; RelacaoItens92676905901362024000.pdf,https://pncp.gov.br/pncp-api/v1/orgaos/76416940000128/compras/2024/2556/arquivos/1,Ativo,"Carne Suína In Natura (R$ 179.496,00); Carne Suína In Natura (R$ 59.832,00)"
76416940000128-1-002653/2024,76416940000128-1-002653-2024.md,ESTADO DO PARANA,Aviso de Contratação Direta nº 90269/2024,"Aquisição de materiais de copa e cozinha diversos para atender o Campus - UEL, Restaurante Universitário - UEL e Hospital Universitário de Londrina.",AVISO.DIS.ELE.CT.269.2024.pdf,,https://pncp.gov.br/pncp-api/v1/orgaos/76416940000128/compras/2024/2653/arquivos/1,Ativo,"Condicionador Cabelos (R$ 0,00); Copo Descartável (R$ 0,00)"
76416940000128-1-002675/2024,76416940000128-1-002675-2024.md,ESTADO DO PARANA,Edital nº 90114/2024,"Contratação para o fornecimento parcelado de gêneros alimentícios diversos (queijo mussarela, apresuntado, bacon fatiado, entre outros), para atender o Restaurante Universitário-UEL e Hospital Universitário de Londrina.",92676905901142024000.zip,EDPE114-24_COMPLETO.pdf; RelacaoItens92676905901142024000.pdf,https://pncp.gov.br/pncp-api/v1/orgaos/76416940000128/compras/2024/2675/arquivos/1,Ativo,"Frios (R$ 50.277,50); Frios (R$ 37.985,20)"
76416940000128-1-002676/2024,76416940000128-1-002676-2024.md,ESTADO DO PARANA,Edital nº 90117/2024,"Contratação para o fornecimento parcelado de gêneros alimentícios diversos (extrato de tomate, milho verde, ervilha, entre outros), para atender o Restaurante Universitário – UEL e Hospital universitário de Londrina.",92676905901172024000.zip,EDPE117-24_COMPLETO.pdf; RelacaoItens92676905901172024000.pdf,https://pncp.gov.br/pncp-api/v1/orgaos/76416940000128/compras/2024/2676/arquivos/1,Ativo,"Fruta (R$ 3.669,38); Legume Em Conserva (R$ 1.708,40)"
76416940000128-1-002677/2024,76416940000128-1-002677-2024.md,ESTADO DO PARANA,Edital nº 90118/2024,"Contratação para o fornecimento parcelado de Gêneros Alimentícios Diversos (gelatinas, geleias, entre outros) par atender o Restaurante Universitário-UEL e Hospital Universitário de Londrina.",92676905901182024000.zip,EDPE118-24_COMPLETO.pdf; RelacaoItens92676905901182024000.pdf,https://pncp.gov.br/pncp-api/v1/orgaos/76416940000128/compras/2024/2677/arquivos/1,Ativo,"Doce Não Confeitado (R$ 447,84); Chantilly (R$ 2.571,00)"
76416940000128-1-002750/2024,76416940000128-1-002750-2024.md,ESTADO DO PARANA,Edital nº 90137/2024,"Contratação para o fornecimento parcelado de sacos diversos (plástico, papel, entre outros), para atender a Clínica Odontológica Universitária – UEL, Restaurante Universitário – UEL e Hospital Universitário de Londrina.",92676905901372024000.zip,EDPE137-24_COMPLETO.pdf; RelacaoItens92676905901372024000.pdf,https://pncp.gov.br/pncp-api/v1/orgaos/76416940000128/compras/2024/2750/arquivos/1,Ativo,"Saco (R$ 36.886,80); Plástico (R$ 27.762,00)"
76416940000128-1-002804/2024,76416940000128-1-002804-2024.md,ESTADO DO PARANA,Edital nº 90113/2024,Contratação para o fornecimento parcelado de carne bovina para atender o Restaurante Universitário – UEL e Hospital Universitário de Londrina.,92676905901132024000.zip,EDPE113-24_COMPLETO.pdf; RelacaoItens92676905901132024000.pdf,https://pncp.gov.br/pncp-api/v1/orgaos/76416940000128/compras/2024/2804/arquivos/1,Ativo,"Carne Bovina In Natura (R$ 346.906,95); Carne Bovina In Natura (R$ 115.635,65)"
42498600000171-1-001274/2025,42498600000171-1-001274-2025.md,ESTADO DO RIO DE JANEIRO,Edital nº PE0137/25/2025,"Aquisição de equipamentos para o Restaurante Universitário localizado no Campus Francisco Negrão de Lima (Maracanã), pertencente à Universidade do Estado do Rio de Janeiro.",Prg+137+2025+HUPE+AQUIS+DE+EQUIPAMENTOS+PARA+COZINHA.docx,,https://pncp.gov.br/pncp-api/v1/orgaos/42498600000171/compras/2025/1274/arquivos/1,Ativo,"MATERIAL: ACO INOX AISI 304 LIGA 18.8 COM TAMPA AMERICANA, CAPACIDADE: 500 L, AQUECIMENTO: GAS - VAPOR, TENSAO: 220 V, ENTRADA D`AGUA: 3/4``, ENTRADA VAPOR: 1.1/4``, ESCOAMENTO: 1.1/2``, SAIDA CONDENSADOR: 3/4``, FORMA FORNECIMENTO: UNIDADE (R$ 40.642,80); MATERIAL: ACO INOX AISI 304 LIGA 18.8 COM TAMPA AMERICANA, CAPACIDADE: 300 L, AQUECIMENTO: GAS - VAPOR, TENSAO: 220 V, ENTRADA D`AGUA: 1/2 , ENTRADA VAPOR: 1/2, ESCOAMENTO: 1.1/4, SAIDA CONDENSADOR: 3/4 (R$ 25.790,00)"
42498600000171-1-001806/2025,42498600000171-1-001806-2025.md,ESTADO DO RIO DE JANEIRO,Edital nº PE0205/25/2025,"Contratação de serviço comum de empresa especializada no fornecimento de refeições individuais (popularmente conhecida como “quentinhas”) prontas para consumo e transportadas, já embaladas, e com entrega no restaurante universitário (RU) provisório do Campus da ZONA OESTE, da Universidade do Estado do Rio de Janeiro – Uerj.",Prg+205+2025+UERJ+SERV+DE+PREPARO+E+FORNECIMENTO+DE+REFEICAO+MARMITEX.docx,,https://pncp.gov.br/pncp-api/v1/orgaos/42498600000171/compras/2025/1806/arquivos/1,Ativo,"DESCRIÇÃO: CONTRATACAO DE EMPRESA ESPECIALIZADA EM SERVICOS DE PREPARO E FORNECIMENTO DE REFEICAO TIPO MARMITEX CONFORME TERMO DE REFERENCIA (R$ 4.176.360,00)"
42498600000171-1-002253/2025,42498600000171-1-002253-2025.md,ESTADO DO RIO DE JANEIRO,Edital nº PE0239/25/2025,"Contratação de empresa especializada para o fornecimento de refeições prontas para consumo, transportadas e distribuídas nos balcões de distribuição de refeições do Restaurante Universitário (RU) no Campus IPRJ (em Nova Friburgo)",Prg+239+2025+UERJ+SERV+FORNECIMENTO+DE+REFEICOES+PRONTAS+PARA+IPRJ+III.docx,,https://pncp.gov.br/pncp-api/v1/orgaos/42498600000171/compras/2025/2253/arquivos/3,Ativo,"DESCRICAO: CONTRATACAO DE EMPRESA PARA PRESTACAO DE SERVICOS DE PREPARO E DISTRIBUICAO DE REFEICOES (R$ 3.222.113,38)"
42498600000171-1-003588/2025,42498600000171-1-003588-2025.md,ESTADO DO RIO DE JANEIRO,Ato que autoriza a Contratação Direta nº PD0181/25/2025,"Aquisição e montagem de mobiliário a ser instalado no Restaurante Universitário da Universidade do Estado do Rio de Janeiro, no Campus Regional de Resende, nos termos da tabela abaixo, conforme condições estabelecidas neste instrumento.",TERMO+DE+REFERENCIA+MESAS+E+CADEIRAS.pdf,,https://pncp.gov.br/pncp-api/v1/orgaos/42498600000171/compras/2025/3588/arquivos/2,Ativo,"UTILIZACAO: REFEITORIO, MATERIAL TAMPO: MDF 30 MM REVESTIDO EM FORMICA, MATERIAL ESTRUTURA: ACO CARBONO, DIMENSOES: 1,80 M X 0,80 CM X 0,75 , PRATELEIRA: NAO, ACESSORIO/ADICIONAL: SAPATAS REGULADORAS DE NIVEL, FORMA FORNECIMENTO: UNIDADE (R$ 24.875,43); TIPO: FIXA EMPILHAVEL, BASE: FIXA COM 4 PES, AJUSTE ALTURA ASSENTO: N/A, RECLINACAO: N/A, MATERIAL ESTRUTURA: ACO, BRACO: SEM BRACO, ENCOSTO: POLIPROPILENO, REVESTIMENTO ASSENTO-ENCOSTO: POLIPROPILENO, COR: PRETA, PORTA LIVRO: SEM, PRANCHETA: SEM, FORMA FORNECIMENTO: UNIDADE (R$ 15.304,60)"
42498600000171-1-003588/2025,42498600000171-1-003588-2025.md,ESTADO DO RIO DE JANEIRO,Ato que autoriza a Contratação Direta nº PD0181/25/2025,"Aquisição e montagem de mobiliário a ser instalado no Restaurante Universitário da Universidade do Estado do Rio de Janeiro, no Campus Regional de Resende, nos termos da tabela abaixo, conforme condições estabelecidas neste instrumento.",UERJ+PED+181+25++AQUIS+MESAS+E+CADEIRAS.pdf,,https://pncp.gov.br/pncp-api/v1/orgaos/42498600000171/compras/2025/3588/arquivos/1,Ativo,"UTILIZACAO: REFEITORIO, MATERIAL TAMPO: MDF 30 MM REVESTIDO EM FORMICA, MATERIAL ESTRUTURA: ACO CARBONO, DIMENSOES: 1,80 M X 0,80 CM X 0,75 , PRATELEIRA: NAO, ACESSORIO/ADICIONAL: SAPATAS REGULADORAS DE NIVEL, FORMA FORNECIMENTO: UNIDADE (R$ 24.875,43); TIPO: FIXA EMPILHAVEL, BASE: FIXA COM 4 PES, AJUSTE ALTURA ASSENTO: N/A, RECLINACAO: N/A, MATERIAL ESTRUTURA: ACO, BRACO: SEM BRACO, ENCOSTO: POLIPROPILENO, REVESTIMENTO ASSENTO-ENCOSTO: POLIPROPILENO, COR: PRETA, PORTA LIVRO: SEM, PRANCHETA: SEM, FORMA FORNECIMENTO: UNIDADE (R$ 15.304,60)"
42498600000171-1-003748/2025,42498600000171-1-003748-2025.md,ESTADO DO RIO DE JANEIRO,Edital nº PE0337/25/2025,"Contratação, de empresa especializada no fornecimento de refeições individuais (popularmente conhecida como “quentinhas”) prontas para consumo e transportadas, já embaladas e com entrega no restaurante universitário do Campus da Uerj Cabo Frio, da Universidade do Estado do Rio de Janeiro – UERJ em conformidade com a Lei n°14.133/2021 e o Decreto estadual nº 48.816/23; conforme condições, quantidades e exigências estabelecidas neste instrumento.",Prg+337+2025+UERJ+CABOFRIO+SERV+DE+REFECOES+INDIVIDUAIS+EMBALADAS.docx,,https://pncp.gov.br/pncp-api/v1/orgaos/42498600000171/compras/2025/3748/arquivos/1,Ativo,"DESCRIÇÃO: CONTRATACAO DE EMPRESA ESPECIALIZADA NA PRESTACAO DE SERVICOS DE PREPARO E DISTRIBUICAO DE REFEICOES PREPARADAS, LANCHES E SIMILARES (R$ 921.782,86)"
42498600000171-1-004673/2025,42498600000171-1-004673-2025.md,ESTADO DO RIO DE JANEIRO,Edital nº PE 020/25/2025,Aquisição de Chapa de Grelhar para o Restaurante Universitário.,Edital+PE+020.zip,Anexo 02 - Proposta Detalhe.xlsx; Anexo 03 - Documentos de habilitaç╞o.doc; Anexo 04 - Estudo Técnico Preliminar.pdf; Anexo A - Declaç╞o de dados bancários.docx; Edital PE 020.docx; Anexo 01 - Termo de Referência.pdf,https://pncp.gov.br/pncp-api/v1/orgaos/42498600000171/compras/2025/4673/arquivos/1,Ativo,"FUNCIONAMENTO: GAS, TIPO: BIFETEIRA ANTIADERENTE, MATERIAL: ACO INOX, ACABAMENTO: ACO INOXIDAVEL, CABO: N/A, FORMATO: RETANGULAR, TENSAO: N/A, POTENCIA: N/A, CARACTERISTICAS ADICIONAIS: CHAPA LISA, REFORCADA E INTEIRICA, ACESSORIOS: PES TUBULARES COM SAPATAS REGULAVEIS DE NIVELAMENTO, FORMA FORNECIMENTO: UNIDADE (R$ 4.199,99)"
42498600000171-1-004752/2025,42498600000171-1-004752-2025.md,ESTADO DO RIO DE JANEIRO,Aviso de Contratação Direta nº PD0271/25/2025,"Aquisição de 01 bebedouro (industrial, capacidade: 100L, tensao: 110 / 220 v, gabinete: aço inox, torneira: 3 torneiras - 02 geladas e 01 natural, caracteristicas adicionais: filtro de carvao ativado com tripla filtragem, por fora do bebedouro, termostato fixo com regulagem de temperatura) a ser instalado no Restaurante Universitário da Universidade do Estado do Rio de Janeiro, no Campus Regional de Resende.",TERMO+DE+REFERENCIA+BEBEDOURO.pdf,,https://pncp.gov.br/pncp-api/v1/orgaos/42498600000171/compras/2025/4752/arquivos/2,Ativo,"TIPO: INDUSTRIAL, CAPACIDADE: 100 L, TENSAO: 110 / 220 V, GABINETE: ACO, TORNEIRA: 3 TORNEIRAS- 02 GELADAS E 01 NATURAL, CARACTERISTICAS ADICIONAIS: FILTRO DE CARVAO ATIVADO COM TRIPLA FILTRAGEM (POR FORA DO BEBEDOURO), TERMOSTATO FIXO COM REGULAGEM DE TEMPERATURA (R$ 2.690,35)"
42498600000171-1-004752/2025,42498600000171-1-004752-2025.md,ESTADO DO RIO DE JANEIRO,Aviso de Contratação Direta nº PD0271/25/2025,"Aquisição de 01 bebedouro (industrial, capacidade: 100L, tensao: 110 / 220 v, gabinete: aço inox, torneira: 3 torneiras - 02 geladas e 01 natural, caracteristicas adicionais: filtro de carvao ativado com tripla filtragem, por fora do bebedouro, termostato fixo com regulagem de temperatura) a ser instalado no Restaurante Universitário da Universidade do Estado do Rio de Janeiro, no Campus Regional de Resende.",UERJ+PED+271+2025+AQUIS+BEBEDOURO.docx,,https://pncp.gov.br/pncp-api/v1/orgaos/42498600000171/compras/2025/4752/arquivos/1,Ativo,"TIPO: INDUSTRIAL, CAPACIDADE: 100 L, TENSAO: 110 / 220 V, GABINETE: ACO, TORNEIRA: 3 TORNEIRAS- 02 GELADAS E 01 NATURAL, CARACTERISTICAS ADICIONAIS: FILTRO DE CARVAO ATIVADO COM TRIPLA FILTRAGEM (POR FORA DO BEBEDOURO), TERMOSTATO FIXO COM REGULAGEM DE TEMPERATURA (R$ 2.690,35)"
42498600000171-1-005017/2025,42498600000171-1-005017-2025.md,ESTADO DO RIO DE JANEIRO,Aviso de Contratação Direta nº PD0293/25/2025,"Aquisição de 03 cortinas de ar a serem instaladas no Restaurante Universitário da Universidade do Estado do Rio de Janeiro, no Campus Regional de Resende, nos termos da tabela abaixo, conforme condições estabelecidas neste instrumento.",TERMO+DE+REFERENCIA+CORTINA+DE+AR.pdf,,https://pncp.gov.br/pncp-api/v1/orgaos/42498600000171/compras/2025/5017/arquivos/2,Ativo,"NUMERO FASES: CORTINA DE AR 200 CM, BIFASICO, POTENCIA: 260 W, TENSAO: 220 V, VAZAO MAXIMA: 11a13m3/S, DIMENSAO (C X H X L): 200 X 10 X 21 CM, VELOCIDADE AR: 11 a 13m3/S, RUIDO: 52 dB (A), FORMA FORNECIMENTO: UNIDADE (R$ 4.491,16)"
42498600000171-1-005017/2025,42498600000171-1-005017-2025.md,ESTADO DO RIO DE JANEIRO,Aviso de Contratação Direta nº PD0293/25/2025,"Aquisição de 03 cortinas de ar a serem instaladas no Restaurante Universitário da Universidade do Estado do Rio de Janeiro, no Campus Regional de Resende, nos termos da tabela abaixo, conforme condições estabelecidas neste instrumento.",UERJ+PED+293+2025+AQUIS+CORTINA+DE+AR.pdf,,https://pncp.gov.br/pncp-api/v1/orgaos/42498600000171/compras/2025/5017/arquivos/1,Ativo,"NUMERO FASES: CORTINA DE AR 200 CM, BIFASICO, POTENCIA: 260 W, TENSAO: 220 V, VAZAO MAXIMA: 11a13m3/S, DIMENSAO (C X H X L): 200 X 10 X 21 CM, VELOCIDADE AR: 11 a 13m3/S, RUIDO: 52 dB (A), FORMA FORNECIMENTO: UNIDADE (R$ 4.491,16)"
57571275000100-1-000002/2025,57571275000100-1-000002-2025.md,FUNDACAO DO ABC,Edital nº 90005/2025,"Contratação de empresa especializada na prestação de serviço de fornecimento e instalação do Sistema de Proteção Contra Descargas Atmosféricas (SPDA) nos prédios Central, Administrativo, Restaurante do Centro Universitário FMABC e no prédio Administrativo da Fundação do ABC.",92869803900052025000.zip,COMPRASNET SPDA.zip; COMPRASNET SPDA.zip/COMPRASNET SPDA/; COMPRASNET SPDA.zip/COMPRASNET SPDA/1 - EDITAL CONCORRENCIA ELETRONICA.pdf; COMPRASNET SPDA.zip/COMPRASNET SPDA/2- Termo de Referencia SPDA - anexos I a XXII.pdf; COMPRASNET SPDA.zip/COMPRASNET SPDA/3 - Anexo XXIII - Minuta do Contrato e Anexo XXIV - Termo de Responsabilidade.pdf; COMPRASNET SPDA.zip/COMPRASNET SPDA/4 - Anexo XXV - Questionário Due Dilgencie - apenas para conhecimento a ser preenchido na assinatuta do contrato.pdf; COMPRASNET SPDA.zip/COMPRASNET SPDA/5 - Anexo XXVI - Declaração Codigo e Etica - apenas para conhecimento a ser preenchido na assinatura do contrato.pdf; RelacaoItens92869803900052025000.pdf,https://pncp.gov.br/pncp-api/v1/orgaos/57571275000100/compras/2025/2/arquivos/1,Ativo,"Instalação e Manutenção Sistemas de Aterramento e ProteçãoContra Descargas Atmosféricas (R$ 536.274,54)"
89421259000110-1-000001/2022,89421259000110-1-000001-2022.md,FUNDACAO HOSPITALAR SANTA TEREZINHA DE ERECHIM,Edital nº 24/2022/2022,[Portal de Compras Públicas] - Prestação de Serviços Médicos Especializados em Neurologia e Neurocirurgia.,24.2022 Concorrencia Eletronica Lei 14.133 - Neurologia Neurocirurgia.pdf,,https://pncp.gov.br/pncp-api/v1/orgaos/89421259000110/compras/2022/1/arquivos/1,Ativo,"Lote 1 - Prestação de Serviços de Neurologia e Neurocirurgia, conforme especificações contidas no Edital e Memorial Descritivo. (R$ 1.224.000,00)"
89421259000110-1-000001/2022,89421259000110-1-000001-2022.md,FUNDACAO HOSPITALAR SANTA TEREZINHA DE ERECHIM,Edital nº 24/2022/2022,[Portal de Compras Públicas] - Prestação de Serviços Médicos Especializados em Neurologia e Neurocirurgia.,AtaTotal_191071.pdf,,https://pncp.gov.br/pncp-api/v1/orgaos/89421259000110/compras/2022/1/arquivos/2,Ativo,"Lote 1 - Prestação de Serviços de Neurologia e Neurocirurgia, conforme especificações contidas no Edital e Memorial Descritivo. (R$ 1.224.000,00)"
89421259000110-1-000002/2022,89421259000110-1-000002-2022.md,FUNDACAO HOSPITALAR SANTA TEREZINHA DE ERECHIM,Edital nº 19/2022/2022,"[Portal de Compras Públicas] - Prestação de Serviços Médicos Especializados para pacientes em Unidade de Tratamento Intensivo Adulto com atendimento especializado 24 horas/dia ininterruptamente na forma de plantão presencial por dois profissionais médicos, a pacientes adultos que necessitam de cuidados intensivos contando ainda com disponibilidade de dois profissionais médicos atuando na condição de Responsável Técnico e Responsável Técnico Substituto pela UTI Adulto da Fundação Hospitalar Santa Terezinha de Erechim, conforme normas do Ministério da Saúde, em especial a RDC/MS 07/2010, de 24 de fevereiro de 2010 e Memorial Descritivo.",19.2022 Concorrencia UTI Adulto lei 14.133.pdf,,https://pncp.gov.br/pncp-api/v1/orgaos/89421259000110/compras/2022/2/arquivos/1,Ativo,"Lote 1 - Prestação de Serviços Médicos Especializados para pacientes em Unidade de Tratamento Intensivo Adulto com atendimento especializado 24 horas/dia ininterruptamente na forma de plantão presencial, a pacientes adultos que necessitam de cuidados intensivos. (R$ 1.445.400,00); Lote 1 - Prestação dos serviços através de um profissional médicos atuando na condição Responsável Técnico pelos 20 leitos de UTI Adulto da Fundação Hospitalar Santa Terezinha de Erechim. (R$ 72.000,00)"
89421259000110-1-000003/2022,89421259000110-1-000003-2022.md,FUNDACAO HOSPITALAR SANTA TEREZINHA DE ERECHIM,Edital nº 25/2022/2022,"[Portal de Compras Públicas] - Prestação de Serviços Médicos Especializados em Clínica Médica, Avaliação Clínica Internista, com disponibilidade 24 (vinte e quatro) horas ininterruptas através de plantão presencial para atendimento aos pacientes do Sistema Único de Saúde, particulares e demais convênios credenciados pela FHSTE, contemplando: a) Avaliação clínica de pacientes oriundos da Observação, com a atribuição de diagnosticar, decidir pela internação, alta, ou transferência do paciente. No caso de internação, caberá ao serviço através do profissional médico que realizou a avaliação do paciente, a assistência médica ao paciente durante todo o período de internação do mesmo; b) Colaboração e aconselhamento no tratamento de pacientes tratados por outras especialidades médicas e cirúrgicas; e c) Avaliação clínica de pacientes internados quando em situações de urgência, emergência ou parada cardíaca nas unidades de internação e demais unidades de atendimento ambulatorial da Fundação Hospitalar Santa Terezinha, quando solicitado pela supervisora de enfermagem.",25.2022 Concorrencia Eletronica Lei 14.133 - Clinica Medica.pdf,,https://pncp.gov.br/pncp-api/v1/orgaos/89421259000110/compras/2022/3/arquivos/1,Ativo,"Lote 1 - Prestação de Serviços Médicos Especializados em Clínica Médica, Avaliação Clínica Internista, com disponibilidade 24 (vinte e quatro) horas ininterruptas através de plantão presencial para atendimento aos pacientes do Sistema Único de Saúde, particulares e demais convênios credenciados pela FHSTE. (R$ 1.226.400,00)"
89421259000110-1-000003/2022,89421259000110-1-000003-2022.md,FUNDACAO HOSPITALAR SANTA TEREZINHA DE ERECHIM,Edital nº 25/2022/2022,"[Portal de Compras Públicas] - Prestação de Serviços Médicos Especializados em Clínica Médica, Avaliação Clínica Internista, com disponibilidade 24 (vinte e quatro) horas ininterruptas através de plantão presencial para atendimento aos pacientes do Sistema Único de Saúde, particulares e demais convênios credenciados pela FHSTE, contemplando: a) Avaliação clínica de pacientes oriundos da Observação, com a atribuição de diagnosticar, decidir pela internação, alta, ou transferência do paciente. No caso de internação, caberá ao serviço através do profissional médico que realizou a avaliação do paciente, a assistência médica ao paciente durante todo o período de internação do mesmo; b) Colaboração e aconselhamento no tratamento de pacientes tratados por outras especialidades médicas e cirúrgicas; e c) Avaliação clínica de pacientes internados quando em situações de urgência, emergência ou parada cardíaca nas unidades de internação e demais unidades de atendimento ambulatorial da Fundação Hospitalar Santa Terezinha, quando solicitado pela supervisora de enfermagem.",AtaTotal_192007.pdf,,https://pncp.gov.br/pncp-api/v1/orgaos/89421259000110/compras/2022/3/arquivos/2,Ativo,"Lote 1 - Prestação de Serviços Médicos Especializados em Clínica Médica, Avaliação Clínica Internista, com disponibilidade 24 (vinte e quatro) horas ininterruptas através de plantão presencial para atendimento aos pacientes do Sistema Único de Saúde, particulares e demais convênios credenciados pela FHSTE. (R$ 1.226.400,00)"
89421259000110-1-000004/2022,89421259000110-1-000004-2022.md,FUNDACAO HOSPITALAR SANTA TEREZINHA DE ERECHIM,Edital nº 26/2022/2022,"[Portal de Compras Públicas] - Prestação de Serviços Médicos Especializados na realização de exames diagnósticos vasculares e emissão de respectivo laudo para atendimento a pacientes internados, e os mantidos na Unidade de Observação do hospital, adultos e pediátricos, e pacientes de urgências e emergências vasculares, com cobertura pelo Sistema Único de Saúde – SUS, particulares e demais convênios credenciados, com disponibilidade de atendimento vinte e quatro horas por dia, ininterruptamente, conforme especificações contidas no Memorial Descritivo Anexo.",26.2022 Concorrencia Eletronica Lei 14.133 - Exames Vasculares.pdf,,https://pncp.gov.br/pncp-api/v1/orgaos/89421259000110/compras/2022/4/arquivos/1,Ativo,"Lote 1 - Eco Doppler Colorido Arterial Membro Superior/Membro Inferior 1 membro (unilateral) (R$ 1.230,00); Lote 1 - Eco Doppler Colorido Venoso Membro Superior/Membro Inferior 1 membro (unilateral)2 (R$ 410,00)"
89421259000110-1-000004/2022,89421259000110-1-000004-2022.md,FUNDACAO HOSPITALAR SANTA TEREZINHA DE ERECHIM,Edital nº 26/2022/2022,"[Portal de Compras Públicas] - Prestação de Serviços Médicos Especializados na realização de exames diagnósticos vasculares e emissão de respectivo laudo para atendimento a pacientes internados, e os mantidos na Unidade de Observação do hospital, adultos e pediátricos, e pacientes de urgências e emergências vasculares, com cobertura pelo Sistema Único de Saúde – SUS, particulares e demais convênios credenciados, com disponibilidade de atendimento vinte e quatro horas por dia, ininterruptamente, conforme especificações contidas no Memorial Descritivo Anexo.",AtaTotal_192014.pdf,,https://pncp.gov.br/pncp-api/v1/orgaos/89421259000110/compras/2022/4/arquivos/2,Ativo,"Lote 1 - Eco Doppler Colorido Arterial Membro Superior/Membro Inferior 1 membro (unilateral) (R$ 1.230,00); Lote 1 - Eco Doppler Colorido Venoso Membro Superior/Membro Inferior 1 membro (unilateral)2 (R$ 410,00)"
89421259000110-1-000008/2022,89421259000110-1-000008-2022.md,FUNDACAO HOSPITALAR SANTA TEREZINHA DE ERECHIM,Edital nº 30/2022/2022,"[Portal de Compras Públicas] - Prestação de Serviços Médicos Especializados em Psiquiatria em regime de sobreaviso, 24 horas por dia ininterruptamente, conforme demanda, a pacientes adultos e pediátricos do Sistema Único de Saúde e demais convênios credenciados pela FHSTE.",30.2022 Concorrencia Eletronica Lei 14.133 - Psiquiatria.pdf,,https://pncp.gov.br/pncp-api/v1/orgaos/89421259000110/compras/2022/8/arquivos/1,Ativo,"Lote 1 - Prestação de Serviços Médicos Especializados em Psiquiatria em regime de sobreaviso, 24 horas por dia ininterruptamente, conforme demanda, a pacientes adultos e pediátricos do Sistema Único de Saúde e demais convênios credenciados pela FHSTE. (R$ 306.600,00)"
89421259000110-1-000008/2022,89421259000110-1-000008-2022.md,FUNDACAO HOSPITALAR SANTA TEREZINHA DE ERECHIM,Edital nº 30/2022/2022,"[Portal de Compras Públicas] - Prestação de Serviços Médicos Especializados em Psiquiatria em regime de sobreaviso, 24 horas por dia ininterruptamente, conforme demanda, a pacientes adultos e pediátricos do Sistema Único de Saúde e demais convênios credenciados pela FHSTE.",AtaTotal_194553.pdf,,https://pncp.gov.br/pncp-api/v1/orgaos/89421259000110/compras/2022/8/arquivos/2,Ativo,"Lote 1 - Prestação de Serviços Médicos Especializados em Psiquiatria em regime de sobreaviso, 24 horas por dia ininterruptamente, conforme demanda, a pacientes adultos e pediátricos do Sistema Único de Saúde e demais convênios credenciados pela FHSTE. (R$ 306.600,00)"
04378626000197-1-000102/2024,04378626000197-1-000102-2024.md,FUNDACAO UNIVERSIDADE DO AMAZONAS,Edital nº 90004/2024,"Contratação de empresa especializada em obras para Construção do Restaurante Universitário do Instituto de Natureza e Cultura (INC) em Benjamin Constant - AM, conforme condições, quantidades e exigências estabelecidas neste Edital e seus anexos",15403903900042024000.zip,Edital_nA_90004_2024.pdf; RelacaoItens15403903900042024000.pdf,https://pncp.gov.br/pncp-api/v1/orgaos/04378626000197/compras/2024/102/arquivos/1,Ativo,"Obras Civis de Edificação Prediais (R$ 3.732.653,00)"
04378626000197-1-000103/2024,04378626000197-1-000103-2024.md,FUNDACAO UNIVERSIDADE DO AMAZONAS,Edital nº 90005/2024,Contratação de empresa especializada em obras para Construção do Restaurante Universitário do Instituto de Saúde e Biotecnologia (ISB) em Coari - AM,15403903900052024000.zip,EDITAL_NA_90005_2024.pdf; RelacaoItens15403903900052024000.pdf,https://pncp.gov.br/pncp-api/v1/orgaos/04378626000197/compras/2024/103/arquivos/1,Ativo,"Obras Civis de Edificação Prediais (R$ 3.399.264,81)"
83891283000136-1-000012/2024,83891283000136-1-000012-2024.md,FUNDACAO UNIVERSIDADE DO ESTADO DE SC UDESC,Ato que autoriza a Contratação Direta nº 9/2024,"Contratação de empresa para fornecimento de energia elétrica para suprir as seguintes instalações: Campus I (Reitoria, CEAD, FAED, CEART, ESAG), terreno adquirido em frente ao Campus I – Itacorubi, Antena da Rádio, Biblioteca Universitária, Academia, Restaurante Universitário e MESC, durante o ano de 2024.",%22Ato+que+autoriza+a+Contratacao+Direta+DL+009.2024.pdf,,https://pncp.gov.br/pncp-api/v1/orgaos/83891283000136/compras/2024/12/arquivos/4,Ativo,"Serviços de energia elétrica Fornecimento de energia elétrica Contratação de empresa para fornecimento de energia elétrica para suprir as seguintes instalações: Campus I (Reitoria, CEAD, FAED, CEART, ESAG), terreno adquirido em frente ao Campus I – Itacorubi, Antena da Rádio, Biblioteca Universitária, Academia, Restaurante Universitário e MESC, durante o ano de 2024. (R$ 1.498.951,00)"
83891283000136-1-000012/2024,83891283000136-1-000012-2024.md,FUNDACAO UNIVERSIDADE DO ESTADO DE SC UDESC,Ato que autoriza a Contratação Direta nº 9/2024,"Contratação de empresa para fornecimento de energia elétrica para suprir as seguintes instalações: Campus I (Reitoria, CEAD, FAED, CEART, ESAG), terreno adquirido em frente ao Campus I – Itacorubi, Antena da Rádio, Biblioteca Universitária, Academia, Restaurante Universitário e MESC, durante o ano de 2024.",%22DOD_DL_009.2024_assinado.pdf,,https://pncp.gov.br/pncp-api/v1/orgaos/83891283000136/compras/2024/12/arquivos/5,Ativo,"Serviços de energia elétrica Fornecimento de energia elétrica Contratação de empresa para fornecimento de energia elétrica para suprir as seguintes instalações: Campus I (Reitoria, CEAD, FAED, CEART, ESAG), terreno adquirido em frente ao Campus I – Itacorubi, Antena da Rádio, Biblioteca Universitária, Academia, Restaurante Universitário e MESC, durante o ano de 2024. (R$ 1.498.951,00)"
83891283000136-1-000013/2024,83891283000136-1-000013-2024.md,FUNDACAO UNIVERSIDADE DO ESTADO DE SC UDESC,Ato que autoriza a Contratação Direta nº 10/2024,"Contratação de empresa para fornecimento de água e coleta de esgoto para suprir as seguintes instalações: Campus I (Reitoria, CEAD, FAED, CEART, ESAG), terreno adquirido em frente ao Campus I – Itacorubi, Antena da Rádio, Biblioteca Universitária, Academia, Restaurante Universitário e MESC, durante o ano de 2024.",%22Ato+que+autoriza+a+contratacao+direta.pdf,,https://pncp.gov.br/pncp-api/v1/orgaos/83891283000136/compras/2024/13/arquivos/2,Ativo,"Serviços de água e esgoto Fornecimento de água Contratação de empresa para fornecimento de água e coleta de esgoto para suprir as seguintes instalações: Campus I (Reitoria, CEAD, FAED, CEART, ESAG), terreno adquirido em frente ao Campus I – Itacorubi, Antena da Rádio, Biblioteca Universitária, Academia, Restaurante Universitário e MESC, durante o ano de 2024. (R$ 731.433,00)"
83891283000136-1-000013/2024,83891283000136-1-000013-2024.md,FUNDACAO UNIVERSIDADE DO ESTADO DE SC UDESC,Ato que autoriza a Contratação Direta nº 10/2024,"Contratação de empresa para fornecimento de água e coleta de esgoto para suprir as seguintes instalações: Campus I (Reitoria, CEAD, FAED, CEART, ESAG), terreno adquirido em frente ao Campus I – Itacorubi, Antena da Rádio, Biblioteca Universitária, Academia, Restaurante Universitário e MESC, durante o ano de 2024.",%22Documento_de_Formalizacao_da_Demanda_assinado.pdf,,https://pncp.gov.br/pncp-api/v1/orgaos/83891283000136/compras/2024/13/arquivos/3,Ativo,"Serviços de água e esgoto Fornecimento de água Contratação de empresa para fornecimento de água e coleta de esgoto para suprir as seguintes instalações: Campus I (Reitoria, CEAD, FAED, CEART, ESAG), terreno adquirido em frente ao Campus I – Itacorubi, Antena da Rádio, Biblioteca Universitária, Academia, Restaurante Universitário e MESC, durante o ano de 2024. (R$ 731.433,00)"
83891283000136-1-000022/2025,83891283000136-1-000022-2025.md,FUNDACAO UNIVERSIDADE DO ESTADO DE SC UDESC,Ato que autoriza a Contratação Direta nº 11/2025,"Contratação de serviços de fornecimento de água e esgoto para suprir as instalações da Reitoria e outros prédios (Terreno adquirido em frente ao Campus I – Itacorubi [ESAG, CEAD, CEART, FAED - exclusivo Itacorubi], Biblioteca Universitária, Academia e Restaurante Universitário) e MESC para o ano de 2025.",%22ETP_-_Estudo_Tecnico_Preliminar_CASAN.pdf,,https://pncp.gov.br/pncp-api/v1/orgaos/83891283000136/compras/2025/22/arquivos/2,Ativo,"Serviços de água e esgoto Serviços de água e esgoto - Fornecimento de água Contratação de serviços de fornecimento de água e esgoto para suprir as instalações da Reitoria e outros prédios (Terreno adquirido em frente ao Campus I – Itacorubi [ESAG, CEAD, CEART, FAED - exclusivo Itacorubi], Biblioteca Universitária, Academia e Restaurante Universitário) e MESC para o ano de 2025. (R$ 960.603,00)"
83891283000136-1-000022/2025,83891283000136-1-000022-2025.md,FUNDACAO UNIVERSIDADE DO ESTADO DE SC UDESC,Ato que autoriza a Contratação Direta nº 11/2025,"Contratação de serviços de fornecimento de água e esgoto para suprir as instalações da Reitoria e outros prédios (Terreno adquirido em frente ao Campus I – Itacorubi [ESAG, CEAD, CEART, FAED - exclusivo Itacorubi], Biblioteca Universitária, Academia e Restaurante Universitário) e MESC para o ano de 2025.",Aviso_de_Compra_Direta_n_0011.2025.pdf,,https://pncp.gov.br/pncp-api/v1/orgaos/83891283000136/compras/2025/22/arquivos/1,Ativo,"Serviços de água e esgoto Serviços de água e esgoto - Fornecimento de água Contratação de serviços de fornecimento de água e esgoto para suprir as instalações da Reitoria e outros prédios (Terreno adquirido em frente ao Campus I – Itacorubi [ESAG, CEAD, CEART, FAED - exclusivo Itacorubi], Biblioteca Universitária, Academia e Restaurante Universitário) e MESC para o ano de 2025. (R$ 960.603,00)"
83891283000136-1-000087/2024,83891283000136-1-000087-2024.md,FUNDACAO UNIVERSIDADE DO ESTADO DE SC UDESC,Aviso de Contratação Direta nº 208/2024,Contratação de serviços de engenharia para avaliação mercadológica de valor do aluguel para concessão de serviços de Restaurante Universitário da Udesc Joinville.,%22TR_-_Termo_de_Referencia.pdf,,https://pncp.gov.br/pncp-api/v1/orgaos/83891283000136/compras/2024/87/arquivos/2,Ativo,"Serviço de Avaliação de Imovel Serviço de Avaliacao de Imovel Contratação de serviços de engenharia para avaliação mercadológica de valor do aluguel para concessão de serviços de Restaurante Universitário da Udesc Joinville. (R$ 4.550,00)"
83891283000136-1-000087/2024,83891283000136-1-000087-2024.md,FUNDACAO UNIVERSIDADE DO ESTADO DE SC UDESC,Aviso de Contratação Direta nº 208/2024,Contratação de serviços de engenharia para avaliação mercadológica de valor do aluguel para concessão de serviços de Restaurante Universitário da Udesc Joinville.,Edital_DL_Eletronica_n_208.2024.pdf,,https://pncp.gov.br/pncp-api/v1/orgaos/83891283000136/compras/2024/87/arquivos/1,Ativo,"Serviço de Avaliação de Imovel Serviço de Avaliacao de Imovel Contratação de serviços de engenharia para avaliação mercadológica de valor do aluguel para concessão de serviços de Restaurante Universitário da Udesc Joinville. (R$ 4.550,00)"
83891283000136-1-000107/2024,83891283000136-1-000107-2024.md,FUNDACAO UNIVERSIDADE DO ESTADO DE SC UDESC,Edital nº 621/2024,CONTRATAÇÃO DE EMPRESA PARA PRESTAÇÃO DE SERVIÇOS DE ADEQUAÇÃO E REFORMA DO PPCI DO RESTAURANTE UNIVERSITÁRIO DA UDESC – CAMPUS I,%22Anexo+I+-+Memorial+Descritivo.pdf,,https://pncp.gov.br/pncp-api/v1/orgaos/83891283000136/compras/2024/107/arquivos/2,Ativo,"/ / ADEQUAÇÃO E REFORMA DO PPCI DO RESTAURANTE UNIVERSITÁRIO DA UDESC – CAMPUS I e SGPE 3042/2024, com fornecimento de material. Conforme Memorial Descritivo. (R$ 0,00)"
83891283000136-1-000107/2024,83891283000136-1-000107-2024.md,FUNDACAO UNIVERSIDADE DO ESTADO DE SC UDESC,Edital nº 621/2024,CONTRATAÇÃO DE EMPRESA PARA PRESTAÇÃO DE SERVIÇOS DE ADEQUAÇÃO E REFORMA DO PPCI DO RESTAURANTE UNIVERSITÁRIO DA UDESC – CAMPUS I,Edital+PE+0621.2024.pdf,,https://pncp.gov.br/pncp-api/v1/orgaos/83891283000136/compras/2024/107/arquivos/1,Ativo,"/ / ADEQUAÇÃO E REFORMA DO PPCI DO RESTAURANTE UNIVERSITÁRIO DA UDESC – CAMPUS I e SGPE 3042/2024, com fornecimento de material. Conforme Memorial Descritivo. (R$ 0,00)"
83891283000136-1-000189/2025,83891283000136-1-000189-2025.md,FUNDACAO UNIVERSIDADE DO ESTADO DE SC UDESC,Edital nº 617/2025,Contratação de Empresa para Adequação do Sistema Preventivo Contra Incêndios e de Reforma do Restaurante Universitário (Campus I) - com fornecimento de material.,%22Anexo+I+-++SUMULA+DA+CONTRATACAO.pdf,,https://pncp.gov.br/pncp-api/v1/orgaos/83891283000136/compras/2025/189/arquivos/2,Ativo,"Obras e engenharias, reformas Obras e engenharias, reformas - por serviço Adequação do Sistema Preventivo Contra Incêndios e de Reforma do Restaurante Universitário (Campus I) e SGPE 48249/2024 – com fornecimento de material conforme memorial descritivo. (R$ 72.068,33)"
83891283000136-1-000189/2025,83891283000136-1-000189-2025.md,FUNDACAO UNIVERSIDADE DO ESTADO DE SC UDESC,Edital nº 617/2025,Contratação de Empresa para Adequação do Sistema Preventivo Contra Incêndios e de Reforma do Restaurante Universitário (Campus I) - com fornecimento de material.,Edital+CE+0617.2025.pdf,,https://pncp.gov.br/pncp-api/v1/orgaos/83891283000136/compras/2025/189/arquivos/1,Ativo,"Obras e engenharias, reformas Obras e engenharias, reformas - por serviço Adequação do Sistema Preventivo Contra Incêndios e de Reforma do Restaurante Universitário (Campus I) e SGPE 48249/2024 – com fornecimento de material conforme memorial descritivo. (R$ 72.068,33)"
83891283000136-1-000298/2025,83891283000136-1-000298-2025.md,FUNDACAO UNIVERSIDADE DO ESTADO DE SC UDESC,Edital nº 620/2025,Contratação de Empresa para execução da Obra Restaurante Universitário CAV/UDESC com fornecimento de material.,%22Anexo+I+-+006.1+-+Caderno+de+Especificacoes+Tecnicas+e+demais+Memoriais.pdf,,https://pncp.gov.br/pncp-api/v1/orgaos/83891283000136/compras/2025/298/arquivos/2,Ativo,"Obras e edificações em geral Obras e edificações em geral - por serviço Contratação de Empresa para execução da Obra Restaurante Universitário CAV/UDESC com fornecimento de material (R$ 6.668.969,31)"
83891283000136-1-000298/2025,83891283000136-1-000298-2025.md,FUNDACAO UNIVERSIDADE DO ESTADO DE SC UDESC,Edital nº 620/2025,Contratação de Empresa para execução da Obra Restaurante Universitário CAV/UDESC com fornecimento de material.,Edital+CE+0620-2025.pdf,,https://pncp.gov.br/pncp-api/v1/orgaos/83891283000136/compras/2025/298/arquivos/1,Ativo,"Obras e edificações em geral Obras e edificações em geral - por serviço Contratação de Empresa para execução da Obra Restaurante Universitário CAV/UDESC com fornecimento de material (R$ 6.668.969,31)"
83891283000136-1-000449/2024,83891283000136-1-000449-2024.md,FUNDACAO UNIVERSIDADE DO ESTADO DE SC UDESC,Edital nº 665/2024,CONCESSÃO ADMINISTRATIVA DE USO DE BEM PÚBLICO DESTINADO À EXPLORAÇÃO ECONÔMICA DE RESTAURANTE UNIVERSITÁRIO E LANCHONETE NO CAMPUS DA UDESC JOINVILLE,%22Termo+de+Referencia+-+Atualizado.pdf,,https://pncp.gov.br/pncp-api/v1/orgaos/83891283000136/compras/2024/449/arquivos/2,Ativo,"Serviço de Fornecimento de Refeiçoes Fornecimento de Refeições Preparo e fornecimento de refeições (Almoço e Jantar) para atender a comunidade Universitária da UDESC Joinville/SC, de acordo com todas as condições estabelecidas no Termo de Referência - Anexo I (R$ 14,23)"
83891283000136-1-000449/2024,83891283000136-1-000449-2024.md,FUNDACAO UNIVERSIDADE DO ESTADO DE SC UDESC,Edital nº 665/2024,CONCESSÃO ADMINISTRATIVA DE USO DE BEM PÚBLICO DESTINADO À EXPLORAÇÃO ECONÔMICA DE RESTAURANTE UNIVERSITÁRIO E LANCHONETE NO CAMPUS DA UDESC JOINVILLE,Edital+CC+0665.2024.pdf,,https://pncp.gov.br/pncp-api/v1/orgaos/83891283000136/compras/2024/449/arquivos/1,Ativo,"Serviço de Fornecimento de Refeiçoes Fornecimento de Refeições Preparo e fornecimento de refeições (Almoço e Jantar) para atender a comunidade Universitária da UDESC Joinville/SC, de acordo com todas as condições estabelecidas no Termo de Referência - Anexo I (R$ 14,23)"
83891283000136-1-000590/2024,83891283000136-1-000590-2024.md,FUNDACAO UNIVERSIDADE DO ESTADO DE SC UDESC,Edital nº 983/2024,CONTRATAÇÃO DE EMPRESA PARA PRESTAÇÃO DE SERVIÇOS DE ADEQUAÇÃO E REFORMA DO PPCI DO RESTAURANTE UNIVERSITÁRIO DA UDESC – CAMPUS I - (RELANÇAMENTO),%22Anexo+I+-+Caderno+de+Especificacoes+Tecnicas.pdf,,https://pncp.gov.br/pncp-api/v1/orgaos/83891283000136/compras/2024/590/arquivos/2,Ativo,"/ / ADEQUAÇÃO E REFORMA DO PPCI DO RESTAURANTE UNIVERSITÁRIO DA UDESC – CAMPUS I e SGPE 3042/2024, com fornecimento de material. Conforme Memorial Descritivo. (R$ 0,00)"
83891283000136-1-000590/2024,83891283000136-1-000590-2024.md,FUNDACAO UNIVERSIDADE DO ESTADO DE SC UDESC,Edital nº 983/2024,CONTRATAÇÃO DE EMPRESA PARA PRESTAÇÃO DE SERVIÇOS DE ADEQUAÇÃO E REFORMA DO PPCI DO RESTAURANTE UNIVERSITÁRIO DA UDESC – CAMPUS I - (RELANÇAMENTO),Edital+PE+0983.2024.pdf,,https://pncp.gov.br/pncp-api/v1/orgaos/83891283000136/compras/2024/590/arquivos/1,Ativo,"/ / ADEQUAÇÃO E REFORMA DO PPCI DO RESTAURANTE UNIVERSITÁRIO DA UDESC – CAMPUS I e SGPE 3042/2024, com fornecimento de material. Conforme Memorial Descritivo. (R$ 0,00)"
83891283000136-1-000666/2025,83891283000136-1-000666-2025.md,FUNDACAO UNIVERSIDADE DO ESTADO DE SC UDESC,Edital nº 972/2025,Aquisição de equipamentos de cozinha industrial para o restaurante universitário da UDESC Campus 1 Itacorubi-Florianópolis SC,%22Anexo+I+-+Termo+de+Referencia.pdf,,https://pncp.gov.br/pncp-api/v1/orgaos/83891283000136/compras/2025/666/arquivos/2,Ativo,"BUFFET TERMICO BUFFET TERMICO - CAPACIDADE 10 CUBAS Balcão buffet self módulo 10 cubas aquecido-Material:Aço inox AISI 304, tampo de granito. Capacidade: 10 cubas com tampas e puxadores. Tamanho 10 gn’s ½. Sistema de isolamento térmico, sistema de aquecimento elétrico através de resistências imersas em água.Temperatura: Ajustável por volta de 30°C a 95°C- Funcionalidades: Controle de temperatura com termostato regulável.- Dimensões: Largura 100 cm até 300 cm. Profundidade: 60 a 100 cm. Altura 80 a 130 cm.-Voltagem: 220V-Consumo: Mínimo 11,5 kWh/dia.-Acessórios: Protetor salivar em vidro temperado mínimo 5 mm. Rodízio giratório e com trava para facilitar transporte.-Segurança: Sistema de desligamento automático em caso de superaquecimento.- Garantia: Determinada pelo fabricante ou a mínima legal. A que for maior.-Instalação: Instalado e testado por profissional qualificado, montagem das cubas . Fornecimento de manuais de funcionamento.Marcas de Referência: Klima (Lider equipamentos) Refrimate (NBRCQ), Gelopar (GBTR-200 PR), Frilux (BF003). (R$ 10.651,84); BUFFET TERMICO BUFFET TERMICO - CAPACIDADE 10 CUBAS Balcão buffet self módulo 10 cubas refrigerado-Material: Aço inox AISI 304. Tampo de granito - Capacidade: 10 cubas com tampas e puxadores. Tamanho 10 gn’s ½, com isolamento térmico. Temperatura: por volta de -8° C a 10° C.-Funcionalidades: Refrigeração por compressor, temperatura regulável por termostato. Sistema de congelamento automático. Unidade condensadora acoplada.- Dimensões: Largura 100 cm até 300 cm. Profundidade: 70 a 100 cm. Altura 80 a 100 cm. -Voltagem: 220V-Acessórios: Protetor salivar em vidro temperado mínimo 5 mm. Rodízios giratórios e com trava para facilitar transporte.- Garantia: - Garantia: Determinada pelo fabricante ou a mínima legal. A que for maior.Instalação: Instalado e testado por profissional qualificado, montagem das cubas. Fornecimento de manuais de funcionamento-Marca de Referência: Gelopar (GBRF-200PR), Refrimate (NBRCF-10), Frilux (RF128). (R$ 18.620,20)"
83891283000136-1-000666/2025,83891283000136-1-000666-2025.md,FUNDACAO UNIVERSIDADE DO ESTADO DE SC UDESC,Edital nº 972/2025,Aquisição de equipamentos de cozinha industrial para o restaurante universitário da UDESC Campus 1 Itacorubi-Florianópolis SC,Edital+PE+0972.2025.pdf,,https://pncp.gov.br/pncp-api/v1/orgaos/83891283000136/compras/2025/666/arquivos/1,Ativo,"BUFFET TERMICO BUFFET TERMICO - CAPACIDADE 10 CUBAS Balcão buffet self módulo 10 cubas aquecido-Material:Aço inox AISI 304, tampo de granito. Capacidade: 10 cubas com tampas e puxadores. Tamanho 10 gn’s ½. Sistema de isolamento térmico, sistema de aquecimento elétrico através de resistências imersas em água.Temperatura: Ajustável por volta de 30°C a 95°C- Funcionalidades: Controle de temperatura com termostato regulável.- Dimensões: Largura 100 cm até 300 cm. Profundidade: 60 a 100 cm. Altura 80 a 130 cm.-Voltagem: 220V-Consumo: Mínimo 11,5 kWh/dia.-Acessórios: Protetor salivar em vidro temperado mínimo 5 mm. Rodízio giratório e com trava para facilitar transporte.-Segurança: Sistema de desligamento automático em caso de superaquecimento.- Garantia: Determinada pelo fabricante ou a mínima legal. A que for maior.-Instalação: Instalado e testado por profissional qualificado, montagem das cubas . Fornecimento de manuais de funcionamento.Marcas de Referência: Klima (Lider equipamentos) Refrimate (NBRCQ), Gelopar (GBTR-200 PR), Frilux (BF003). (R$ 10.651,84); BUFFET TERMICO BUFFET TERMICO - CAPACIDADE 10 CUBAS Balcão buffet self módulo 10 cubas refrigerado-Material: Aço inox AISI 304. Tampo de granito - Capacidade: 10 cubas com tampas e puxadores. Tamanho 10 gn’s ½, com isolamento térmico. Temperatura: por volta de -8° C a 10° C.-Funcionalidades: Refrigeração por compressor, temperatura regulável por termostato. Sistema de congelamento automático. Unidade condensadora acoplada.- Dimensões: Largura 100 cm até 300 cm. Profundidade: 70 a 100 cm. Altura 80 a 100 cm. -Voltagem: 220V-Acessórios: Protetor salivar em vidro temperado mínimo 5 mm. Rodízios giratórios e com trava para facilitar transporte.- Garantia: - Garantia: Determinada pelo fabricante ou a mínima legal. A que for maior.Instalação: Instalado e testado por profissional qualificado, montagem das cubas. Fornecimento de manuais de funcionamento-Marca de Referência: Gelopar (GBRF-200PR), Refrimate (NBRCF-10), Frilux (RF128). (R$ 18.620,20)"
86891363000180-1-000021/2025,86891363000180-1-000021-2025.md,FUNDACAO UNIVERSIDADE ESTADUAL DE MATO GROSSO DO SUL,Edital nº 0001/2024/2025,Construção do Restaurante Universitário (RU) da Unidade Universitária de Campo Grande.,Capa_Licitacao_0001_2024_2025.pdf,,https://pncp.gov.br/pncp-api/v1/orgaos/86891363000180/compras/2025/21/arquivos/1,Ativo,"Construção/Reforma de Edificações (R$ 3.015.846,28)"
86891363000180-1-000021/2025,86891363000180-1-000021-2025.md,FUNDACAO UNIVERSIDADE ESTADUAL DE MATO GROSSO DO SUL,Edital nº 0001/2024/2025,Construção do Restaurante Universitário (RU) da Unidade Universitária de Campo Grande.,Edital_CE001-2024-2-RETIFICACAO.pdf,,https://pncp.gov.br/pncp-api/v1/orgaos/86891363000180/compras/2025/21/arquivos/2,Ativo,"Construção/Reforma de Edificações (R$ 3.015.846,28)"
86891363000180-1-000114/2024,86891363000180-1-000114-2024.md,FUNDACAO UNIVERSIDADE ESTADUAL DE MATO GROSSO DO SUL,Edital nº 0002/2024/2024,Construção de um Restaurante Universitário na da Unidade Universitária de Dourados.,01-AVISO-DE-LICITACAO.pdf,,https://pncp.gov.br/pncp-api/v1/orgaos/86891363000180/compras/2024/114/arquivos/2,Ativo,"Construção/Reforma de Edificações (R$ 2.757.425,05)"
86891363000180-1-000114/2024,86891363000180-1-000114-2024.md,FUNDACAO UNIVERSIDADE ESTADUAL DE MATO GROSSO DO SUL,Edital nº 0002/2024/2024,Construção de um Restaurante Universitário na da Unidade Universitária de Dourados.,Capa_Licitacao_0002_2024_2024.pdf,,https://pncp.gov.br/pncp-api/v1/orgaos/86891363000180/compras/2024/114/arquivos/1,Ativo,"Construção/Reforma de Edificações (R$ 2.757.425,05)"
33004540000100-1-000002/2024,33004540000100-1-000002-2024.md,FUNDACAO UNIVERSIDADE FEDERAL DE MATO GROSSO,Edital nº 90004/2024,"Contratação de serviços de alimentação coletiva, por meio da operacionalização e do desenvolvimento de todas as atividades envolvidas na produção e distribuição local de refeições, incluindo o fornecimento de todos os insumos, materiais e mão de obra, visando atender as demandas do Restaurante Universitário da Fundação Universidade Federal de Mato Grosso - FUFMT, no campus de Sinop, incluindo a concessão onerosa de uso de espaço público.",15404505900042024000.zip,Edital 90004-2024+TR+Anexos.zip; Edital 90004-2024+TR+Anexos.zip/Termo de Referencia - 06-2024.pdf; Edital 90004-2024+TR+Anexos.zip/Estudo Técnico Preliminar 190-2023.pdf; Edital 90004-2024+TR+Anexos.zip/Modelo_de_Planilha___RU_Sinop.xlsx; Edital 90004-2024+TR+Anexos.zip/Edital 90004 - 2024 - PE TRAD RU SINOP - AJUSTADO.pdf; RelacaoItens15404505900042024000.pdf,https://pncp.gov.br/pncp-api/v1/orgaos/33004540000100/compras/2024/2/arquivos/1,Ativo,"Cantina / Bar / Lanchonete / Refeição Rápida / Restaurante (R$ 35.751,30); Cantina / Bar / Lanchonete / Refeição Rápida / Restaurante (R$ 27,81)"
33004540000100-1-000011/2025,33004540000100-1-000011-2025.md,FUNDACAO UNIVERSIDADE FEDERAL DE MATO GROSSO,Ato que autoriza a Contratação Direta nº 30/2025,"Contratação de serviços de fornecimento de água potável e coleta e tratamento de esgotamento sanitário para atender ao Restaurante Universitário da Fundação Universidade Federal de Mato Grosso - Campus Universitário de Sinop, cujo fornecedor exclusivo é a ÁGUAS DE SINOP SA, inscrita no CNPJ nº 20.930.953/0001-66, conforme Termo de Referência Nº 10-2025.Processo 23108.001369/2025-01.",SEI_23108.001369_2025_01.zip,[01]-7534082_Documento.pdf; [02]-7534083_Nota_Noticia.pdf; [03]-7534084_Portaria.pdf; [04]-7534098_Anexo_6._Portaria_050_PROAD_2024.pdf; [05]-7534099_Anexo_7._Portaria_160_PROAD_2024.pdf; [06]-7534104_NOTIFICACAO.html; [07]-7535393_DOCUMENTO_DE_FORMALIZACAO_DA_DEMANDA__DFD_.html; [08]-7537105_Documento.pdf; [09]-7537109_Despacho.html; [10]-7540822_Despacho.html; [11]-7541122_Despacho.html; [12]-7542102_Despacho.html; [13]-7546265_Despacho.html; [14]-7560795_Estudo.pdf; [15]-7560904_Anexo.pdf; [16]-7561884_Mapa.pdf; [17]-7562596_Despacho.html; [18]-7563426_Despacho.html; [19]-7565893_Despacho.html; [20]-7570142_Despacho.html; [21]-7574258_Despacho.html; [22]-7579540_Despacho.html; [23]-7586779_Despacho.html; [24]-7617388_Termo.pdf; [25]-7621332_Contrato.pdf; [26]-7621336_Termo.pdf; [27]-7621339_Termo.pdf; [28]-7621351_Decreto.pdf; [29]-7621355_Decreto.pdf; [30]-7625855_Certidao.pdf; [31]-7629781_Certidao.pdf; [32]-7629813_Certidao.png; [33]-7629828_Despacho.html; [34]-7630022_Lista.pdf; [35]-7631064_Documento.pdf; [36]-7633031_Despacho.html; [37]-7633768_Despacho.html; [38]-7634341_Despacho.html; [39]-7635677_Declaracao.html; [40]-7636302_Despacho.html; [41]-7636707_Certidao.pdf; [42]-7639586_Despacho.html; [43]-7651334_Despacho.html; [44]-7658386_Despacho.html,https://pncp.gov.br/pncp-api/v1/orgaos/33004540000100/compras/2025/11/arquivos/1,Ativo,"Fornecimento de Água e Coleta de Esgoto Sanitário Fornecimento de Água e Coleta de Esgoto Sanitário (R$ 22.032,02)"
15461510000133-1-000005/2025,15461510000133-1-000005-2025.md,FUNDACAO UNIVERSIDADE FEDERAL DE MATO GROSSO DO SUL,Edital nº 90001/2025,"Contratação de serviços contínuos de preparo e distribuição de refeições, incluindo os gêneros alimentícios e a administração das instalações, para atender à comunidade universitária e visitantes nos Campis da Fundação Universidade Federal de Mato Grosso do Sul com concessão onerosa do espaço público, com finalidade específica de exploração de Restaurante Universitário, conforme condições, quantidades e exigências estabelecidas no Edital e seus anexos",15405405900012025001.zip,PE 90001.25 - Edital.zip; PE 90001.25 - Edital.zip/PE 90001.25 - Edital/; PE 90001.25 - Edital.zip/PE 90001.25 - Edital/Anexos TR/; PE 90001.25 - Edital.zip/PE 90001.25 - Edital/Anexos TR/Anexo I.pdf; PE 90001.25 - Edital.zip/PE 90001.25 - Edital/Anexos TR/Anexo II.pdf; PE 90001.25 - Edital.zip/PE 90001.25 - Edital/Anexos TR/Anexo III.pdf; PE 90001.25 - Edital.zip/PE 90001.25 - Edital/Anexos TR/Anexo IV.pdf; PE 90001.25 - Edital.zip/PE 90001.25 - Edital/Anexos TR/Anexo IX.pdf; PE 90001.25 - Edital.zip/PE 90001.25 - Edital/Anexos TR/Anexo V.pdf; PE 90001.25 - Edital.zip/PE 90001.25 - Edital/Anexos TR/Anexo VI.pdf; PE 90001.25 - Edital.zip/PE 90001.25 - Edital/Anexos TR/Anexo VII.pdf; PE 90001.25 - Edital.zip/PE 90001.25 - Edital/Anexos TR/Anexo VIII.pdf; PE 90001.25 - Edital.zip/PE 90001.25 - Edital/ETP_220_2024.pdf; PE 90001.25 - Edital.zip/PE 90001.25 - Edital/Modelo_de_Planilha_de_Custos_PE_90001.2025.zip; PE 90001.25 - Edital.zip/PE 90001.25 - Edital/Modelo_de_Planilha_de_Custos_PE_90001.2025.zip/Modelo de Planilha de Custos PE 90001.2025.xlsx; PE 90001.25 - Edital.zip/PE 90001.25 - Edital/RelacaoItens15405405900012025000.pdf; PE 90001.25 - Edital.zip/PE 90001.25 - Edital/SEI_5381283_Licitacao__Anexos.pdf; PE 90001.25 - Edital.zip/PE 90001.25 - Edital/SEI_5381286_Minuta_de_Contrato.pdf; PE 90001.25 - Edital.zip/PE 90001.25 - Edital/SEI_5401909_Edital.pdf; PE 90001.25 - Edital.zip/PE 90001.25 - Edital/TR154054_000370_2024__1_.pdf; RelacaoItens15405405900012025001.pdf,https://pncp.gov.br/pncp-api/v1/orgaos/15461510000133/compras/2025/5/arquivos/2,Ativo,"Cantina / Bar / Lanchonete / Refeição Rápida / Restaurante (R$ 441.750,00); Cantina / Bar / Lanchonete / Refeição Rápida / Restaurante (R$ 2.154.500,00)"
15461510000133-1-000014/2025,15461510000133-1-000014-2025.md,FUNDACAO UNIVERSIDADE FEDERAL DE MATO GROSSO DO SUL,Edital nº 90014/2025,"Contratação de serviços contínuos de preparo e distribuição de refeições, incluindo os gêneros alimentícios e a administração das instalações, para atender à comunidade universitária e visitantes nos Campis da Fundação Universidade Federal de Mato Grosso do Sul com concessão onerosa do espaço público, com finalidade específica de exploração de Restaurante Universitário.",15405405900142025000.zip,Edital - PE 90014-2025-RU.zip; Edital - PE 90014-2025-RU.zip/Edital - PE 90014-2025-RU.pdf; Edital - PE 90014-2025-RU.zip/2.1. Anexos_do_TR_154054_000370_2024.zip; Edital - PE 90014-2025-RU.zip/2.1. Anexos_do_TR_154054_000370_2024.zip/Anexo I - ETP 220-2024.zip; Edital - PE 90014-2025-RU.zip/2.1. Anexos_do_TR_154054_000370_2024.zip/Anexo I - ETP 220-2024.zip/Anexo I - Pesquisa de Preço - Almoço-Jantar.pdf; Edital - PE 90014-2025-RU.zip/2.1. Anexos_do_TR_154054_000370_2024.zip/Anexo I - ETP 220-2024.zip/Anexo II - Pesquisa de Preço - Café da Manhã.pdf; Edital - PE 90014-2025-RU.zip/2.1. Anexos_do_TR_154054_000370_2024.zip/Anexo I - ETP 220-2024.zip/Anexo III - Custo Médio de Energia.pdf; Edital - PE 90014-2025-RU.zip/2.1. Anexos_do_TR_154054_000370_2024.zip/Anexo I - ETP 220-2024.zip/Anexo IV - Custo Médio de Água e Esgoto.pdf; Edital - PE 90014-2025-RU.zip/2.1. Anexos_do_TR_154054_000370_2024.zip/Anexo I - ETP 220-2024.zip/Anexo V - Resolução CFN Nº 600-2018.pdf; Edital - PE 90014-2025-RU.zip/2.1. Anexos_do_TR_154054_000370_2024.zip/Anexo I - ETP 220-2024.zip/Anexo VI - Termo de Vistoria.pdf; Edital - PE 90014-2025-RU.zip/2.1. Anexos_do_TR_154054_000370_2024.zip/Anexo I - ETP 220-2024.zip/Anexo VII - Lista de Patrimônios RU CG.pdf; Edital - PE 90014-2025-RU.zip/2.1. Anexos_do_TR_154054_000370_2024.zip/Anexo I - ETP 220-2024.zip/Anexo VIII - Planilha de Custos - Almoço e Jantar.zip; Edital - PE 90014-2025-RU.zip/2.1. Anexos_do_TR_154054_000370_2024.zip/Anexo I - ETP 220-2024.zip/Anexo IX - Planilha de Custos - Café da Manhã.zip; Edital - PE 90014-2025-RU.zip/2.1. Anexos_do_TR_154054_000370_2024.zip/Anexo I - ETP 220-2024.zip/Anexo X - Instrumento de Medição de Resultado.pdf; Edital - PE 90014-2025-RU.zip/2.1. Anexos_do_TR_154054_000370_2024.zip/Anexo I - ETP 220-2024.zip/Anexo XI - Padrão de Identidade e Qualidade dos Alimentos.pdf; Edital - PE 90014-2025-RU.zip/2.1. Anexos_do_TR_154054_000370_2024.zip/Anexo I - ETP 220-2024.zip/Anexo XII - Orientações para Composição dos Cardápios.pdf; Edital - PE 90014-2025-RU.zip/2.1. Anexos_do_TR_154054_000370_2024.zip/Anexo I - ETP 220-2024.zip/ETP_154054-000220-2024.pdf; Edital - PE 90014-2025-RU.zip/2.1. Anexos_do_TR_154054_000370_2024.zip/Anexo II - Padrao de Identidade e Qualidade dos Alimentos.pdf; Edital - PE 90014-2025-RU.zip/2.1. Anexos_do_TR_154054_000370_2024.zip/Anexo III - Orientacoes para Composicao dos Cardapios.pdf; Edital - PE 90014-2025-RU.zip/2.1. Anexos_do_TR_154054_000370_2024.zip/Anexo IV - Custo Medio de Agua e Esgoto.pdf; Edital - PE 90014-2025-RU.zip/2.1. Anexos_do_TR_154054_000370_2024.zip/Anexo V - Custo Medio de Energia.pdf; Edital - PE 90014-2025-RU.zip/2.1. Anexos_do_TR_154054_000370_2024.zip/Anexo VI - Lista de Patrimonios RU CG.pdf; Edital - PE 90014-2025-RU.zip/2.1. Anexos_do_TR_154054_000370_2024.zip/Anexo VII - Resolucao CFN N 600-2018.pdf; Edital - PE 90014-2025-RU.zip/2.1. Anexos_do_TR_154054_000370_2024.zip/Anexo VIII - Instrumento de Medicao de Resultado.pdf; Edital - PE 90014-2025-RU.zip/2.1. Anexos_do_TR_154054_000370_2024.zip/TR_154054-000370-2024.pdf; Edital - PE 90014-2025-RU.zip/6. Anexo_V___Modelo_de_Planilha_de_Custos_PE_90014.2025.zip; Edital - PE 90014-2025-RU.zip/6. Anexo_V___Modelo_de_Planilha_de_Custos_PE_90014.2025.zip/Anexo V - Modelo de Planilha de Custos PE 90014.2025.xlsx; RelacaoItens15405405900142025000.pdf,https://pncp.gov.br/pncp-api/v1/orgaos/15461510000133/compras/2025/14/arquivos/1,Ativo,"Cantina / Bar / Lanchonete / Refeição Rápida / Restaurante (R$ 176.807,42); Cantina / Bar / Lanchonete / Refeição Rápida / Restaurante (R$ 2.469.333,56)"
15461510000133-1-000088/2025,15461510000133-1-000088-2025.md,FUNDACAO UNIVERSIDADE FEDERAL DE MATO GROSSO DO SUL,Aviso de Contratação Direta nº 90028/2025,"Contratação, por dispensa de licitação, de serviços contínuos de preparo e distribuição de refeições, incluindo os gêneros alimentícios e a administração das instalações, para atender à comunidade universitária no Campus Três Lagoas, da Fundação Universidade Federal de Mato Grosso do Sul com concessão onerosa do espaço público, com finalidade específica de exploração de Restaurante Universitário.",AVISO+E+ANEXOS.zip,AVISO DE CONTRATAÇÃO DIRETA.pdf; Edital - PE 90014-2025-RU.pdf; TR_154054-000370-2024.pdf; Anexo VI - Planilha de Custos - Almoço e Jantar.xlsx; Anexo VII - Planilha de Custos - Café da Manhã.xlsx; Anexo I - ETP 220-224.pdf; Anexo VIII - Termo de Vistoria.pdf; Anexo II - Padrao de Identidade e Qualidade dos Alimentos.pdf; Anexo III - Orientacoes para Composicao dos Cardapios.pdf; Anexo IV - Resolucao CFN N 600-2018.pdf; Anexo V - Instrumento de Medicao de Resultado.pdf; MINUTA DE CONTRATO.pdf,https://pncp.gov.br/pncp-api/v1/orgaos/15461510000133/compras/2025/88/arquivos/1,Ativo,"Cantina / Bar / Lanchonete / Refeição Rápida / Restaurante (R$ 2.218.062,06)"
04418943000190-1-000001/2024,04418943000190-1-000001-2024.md,FUNDACAO UNIVERSIDADE FEDERAL DE RONDONIA,Edital nº 90001/2024,Aquisição de equipamentos e acessórios para o Restaurante Universitário do Campus de Porto Velho.,15405505900012024000.zip,0 - EDITAL1_2024 pub.pdf; RelacaoItens15405505900012024000.pdf,https://pncp.gov.br/pncp-api/v1/orgaos/04418943000190/compras/2024/1/arquivos/1,Ativo,"Aparelho Repelente (R$ 3.170,85); Coifa (R$ 65.533,32)"
04418943000190-1-000009/2025,04418943000190-1-000009-2025.md,FUNDACAO UNIVERSIDADE FEDERAL DE RONDONIA,Edital nº 90006/2025,"Contratação de serviços de preparo e fornecimento de refeições (café da manhã, almoço e jantar) para o público discente da Fundação Universidade Federal de Rondônia, incluindo os beneficiários do Programa de Assistência Estudantil da UNIR, cumulada com a concessão administrativa onerosa de uso do espaço físico do Restaurante Universitário do Campus de Porto Velho, com exploração de serviço de venda de refeições para os demais atores da comunidade do campus.",15405505900062025001.zip,EDITAL ALTERADO.pdf; RelacaoItens15405505900062025001.pdf,https://pncp.gov.br/pncp-api/v1/orgaos/04418943000190/compras/2025/9/arquivos/2,Ativo,"Fornecimento de Refeições / Lanches / Salgados / Doces (R$ 549.356,50); Fornecimento de Refeições / Lanches / Salgados / Doces (R$ 2.746.265,78)"
04418943000190-1-000010/2023,04418943000190-1-000010-2023.md,FUNDACAO UNIVERSIDADE FEDERAL DE RONDONIA,Edital nº 00021/2023,EQUIPAMENTOS E MOBILIÁRIOS PARA O RESTAURANTE universitário,15405505000212023001.zip,1.3 EDITAL CONSOLIDADO Alterado.pdf; RelacaoItens15405505000212023001.pdf,https://pncp.gov.br/pncp-api/v1/orgaos/04418943000190/compras/2023/10/arquivos/2,Ativo,"Máquina Lavar Louças (R$ 44.541,06); Armário Aço (R$ 2.334,67)"
04418943000190-1-000014/2023,04418943000190-1-000014-2023.md,FUNDACAO UNIVERSIDADE FEDERAL DE RONDONIA,Edital nº 00022/2023,EQUIPAMENTOS E UTENSÍLIOS DIVERSOS Para o Restaurante Universitário do Campus de Porto Velho,15405505000222023000.zip,1.3 EDITAL CONSOLIDADO.pdf; RelacaoItens15405505000222023000.pdf,https://pncp.gov.br/pncp-api/v1/orgaos/04418943000190/compras/2023/14/arquivos/1,Ativo,"Amaciador Eletrico De Carne (R$ 2.175,67); Aparelho Repelente (R$ 1.492,14)"
04418943000190-1-000023/2025,04418943000190-1-000023-2025.md,FUNDACAO UNIVERSIDADE FEDERAL DE RONDONIA,Ato que autoriza a Contratação Direta nº 1134/2025,Manutenção de Sistemas de Refrigeração,editais%2FEdital_de_Credenciamento_03_2025_1.pdf,,https://pncp.gov.br/pncp-api/v1/orgaos/04418943000190/compras/2025/23/arquivos/1,Ativo,"Contratação emergencial de serviço de manutenção da câmara fria 01 do Restaurante Universitário (RU) do Campus de Porto Velho da UNIR. Obrigatória a realização de visita técnica antes da oferta da proposta. E-mail para contato: dac-pvh@unir.br Telefone: 69 981150020 (Eliane Gemaque) (R$ 4.900,00)"
04418943000190-1-000024/2025,04418943000190-1-000024-2025.md,FUNDACAO UNIVERSIDADE FEDERAL DE RONDONIA,Ato que autoriza a Contratação Direta nº 1138/2025,Manutenção de Sistemas de Refrigeração,editais%2FEdital_de_Credenciamento_03_2025_1.pdf,,https://pncp.gov.br/pncp-api/v1/orgaos/04418943000190/compras/2025/24/arquivos/1,Ativo,"Contratação emergencial serviço de manutenção preventiva e corretiva da câmara fria 02, do Restaurante Universitário (RU) do Campus de Porto Velho da UNIR. É obrigatória a visita técnica antes da oferta da proposta. E-mail para contato: dac-pvh@unir.br. Telefone para contato: (69) 98115-0020 (Eliane Gemaque). (R$ 8.600,00)"
04418943000190-1-000025/2025,04418943000190-1-000025-2025.md,FUNDACAO UNIVERSIDADE FEDERAL DE RONDONIA,Ato que autoriza a Contratação Direta nº 1139/2025,Manutenção de Sistemas de Refrigeração,editais%2FEdital_de_Credenciamento_03_2025_1.pdf,,https://pncp.gov.br/pncp-api/v1/orgaos/04418943000190/compras/2025/25/arquivos/1,Ativo,"Contratação emergencial de serviço de manutenção da câmara fria 03 do Restaurante Universitário (RU) do Campus de Porto Velho da UNIR. Obrigatória a realização de visita técnica antes da oferta da proposta. E-mail para contato: dac-pvh@unir.br Telefone para contato: 69 981150020 (Eliane Gemaque) (R$ 5.250,00)"
04418943000190-1-000026/2023,04418943000190-1-000026-2023.md,FUNDACAO UNIVERSIDADE FEDERAL DE RONDONIA,Edital nº 00023/2023,"Contratação de serviços de preparo e fornecimento de refeições (café da manhã, almoço e jantar) para o público discente beneficiado de programa de alimentação escolar, cumulada com a concessão administrativa onerosa de uso do espaço físico do Restaurante Universitário do Campus de Porto Velho da Fundação Universidade Federal de Rondônia, com exploração de serviço de venda de refeições para os demais atores da comunidade do campus, conforme condições, quantidades e ex",15405505000232023000.zip,1.3 EDITAL PE TRAD 23 CONSOLIDADO.pdf; RelacaoItens15405505000232023000.pdf,https://pncp.gov.br/pncp-api/v1/orgaos/04418943000190/compras/2023/26/arquivos/1,Ativo,"Fornecimento de Refeições / Lanches / Salgados / Doces (R$ 902.119,68); Fornecimento de Refeições / Lanches / Salgados / Doces (R$ 2.656.158,46)"
04418943000190-1-000030/2025,04418943000190-1-000030-2025.md,FUNDACAO UNIVERSIDADE FEDERAL DE RONDONIA,Aviso de Contratação Direta nº 169/2025,Aquisição de equipamentos para funcionamento do Restaurante Universitário de Jí-Paraná.,SEI_2316823_Mapa_Comparativo.pdf,,https://pncp.gov.br/pncp-api/v1/orgaos/04418943000190/compras/2025/30/arquivos/3,Ativo,"Chapa Assadeira/Fritadeira material: aço inoxidável, material queimador: alumínio, funcionamento: gás, comprimento: 150, largura: 60, altura: 21 (R$ 851,19); Espremedor Fruta material jarra: alumínio polido, cor: alumínio, potência: 1/4, voltagem: 127/220, aplicação: industrial, características adicionais: refrigeração por ventoinhas (R$ 291,20)"
04418943000190-1-000030/2025,04418943000190-1-000030-2025.md,FUNDACAO UNIVERSIDADE FEDERAL DE RONDONIA,Aviso de Contratação Direta nº 169/2025,Aquisição de equipamentos para funcionamento do Restaurante Universitário de Jí-Paraná.,SEI_UNIR+-+2332566+-+Despacho.pdf,,https://pncp.gov.br/pncp-api/v1/orgaos/04418943000190/compras/2025/30/arquivos/2,Ativo,"Chapa Assadeira/Fritadeira material: aço inoxidável, material queimador: alumínio, funcionamento: gás, comprimento: 150, largura: 60, altura: 21 (R$ 851,19); Espremedor Fruta material jarra: alumínio polido, cor: alumínio, potência: 1/4, voltagem: 127/220, aplicação: industrial, características adicionais: refrigeração por ventoinhas (R$ 291,20)"
45358058000140-1-000131/2023,45358058000140-1-000131-2023.md,FUNDACAO UNIVERSIDADE FEDERAL DE SAO CARLOS,Ato que autoriza a Contratação Direta nº 00017/2023,"Contratação de Pessoa Jurídica para Prestação do Serviço de Suporte e Manutenção dos Softwares de Controle de Acesso e de Caixa dos Restaurantes Universitários dos Campi São Carlos, Araras, Sorocaba e Lagoa do Sino",SEI_FUFSCar+-+1133516+-+Adm_+Aquis_+Documento+Formalizacao+Demanda+-+DFD.pdf,,https://pncp.gov.br/pncp-api/v1/orgaos/45358058000140/compras/2023/131/arquivos/1,Ativo,"Cessão Temporária de Direitos Sobre Programas de Computador Locação de Software (R$ 17.760,00)"
45358058000140-1-000157/2025,45358058000140-1-000157-2025.md,FUNDACAO UNIVERSIDADE FEDERAL DE SAO CARLOS,Edital nº 90004/2025,"Execução com fornecimento de serviços, materiais e equipamentos para a Ampliação do Restaurante Universitário e integração com o prédio de vivência, localizado no campus Sorocaba da Universidade Federal de São Carlos - UFSCar.",15404903900042025000.zip,Concorrencia 90004.zip; Concorrencia 90004.zip/Concorrência 90004/1 Edital 90004_assinado.pdf; Concorrencia 90004.zip/Concorrência 90004/10 CRONOGRAMA.pdf; Concorrencia 90004.zip/Concorrência 90004/11 BDI.pdf; Concorrencia 90004.zip/Concorrência 90004/12 Caderno de especificaçΣes técnicas.pdf; Concorrencia 90004.zip/Concorrência 90004/13 ComposiçΣes preços n╞o SINAPI.pdf; Concorrencia 90004.zip/Concorrência 90004/14 CotaçΣes preços n╞o SINAPI.pdf; Concorrencia 90004.zip/Concorrência 90004/15 Nova_tabela_de_encargos_sociais_sinapi_vigencia_12_2022.pdf; Concorrencia 90004.zip/Concorrência 90004/16 PLANILHA_E_CRONOGRAMA_MODELO.xlsx; Concorrencia 90004.zip/Concorrência 90004/17 BDI_Modelo.xlsx; Concorrencia 90004.zip/Concorrência 90004/2 Anexo I - Termo de Referência.pdf; Concorrencia 90004.zip/Concorrência 90004/3 ETP154049_000016_2025.pdf; Concorrencia 90004.zip/Concorrência 90004/4 MR154049_000012_2025.pdf; Concorrencia 90004.zip/Concorrência 90004/5 Escritura_Sorocaba.pdf; Concorrencia 90004.zip/Concorrência 90004/6 Recomendacoes_tecnicas_RU_SO.pdf; Concorrencia 90004.zip/Concorrência 90004/7 ART.pdf; Concorrencia 90004.zip/Concorrência 90004/8 Projetos executivos.odt; Concorrencia 90004.zip/Concorrência 90004/9 Planilha_orçamentária_de_referencia.pdf; Concorrencia 90004.zip/Concorrência 90004/RelacaoItens15404903900042025000 (2).pdf; RelacaoItens15404903900042025000.pdf,https://pncp.gov.br/pncp-api/v1/orgaos/45358058000140/compras/2025/157/arquivos/1,Ativo,"Serviço Engenharia (R$ 3.096.750,41)"
04071106000137-1-000010/2023,04071106000137-1-000010-2023.md,FUNDACAO UNIVERSIDADE FEDERAL DO ACRE,Ato que autoriza a Contratação Direta nº 00009/2023,Aquisição de leite para atender as necessidade do Restaurante Universitário da Universidade federal do Acre - Campus Rio Branco.,SEI_UFAC - 0934932 - Termo de Referencia.pdf,,https://pncp.gov.br/pncp-api/v1/orgaos/04071106000137/compras/2023/10/arquivos/1,Ativo,"Leite fluido (R$ 39.955,20)"
04071106000137-1-000013/2025,04071106000137-1-000013-2025.md,FUNDACAO UNIVERSIDADE FEDERAL DO ACRE,Edital nº 90009/2025,"Aquisição de Materiais de Higiene e Limpeza para o Restaurante Universitário do Campus Reitor Áulio Gélio Alvez de Sousa, da Universidade Federal do Acre – UFAC.",15404405900092025000.zip,EDITAL_154044-000009-2025.zip; EDITAL_154044-000009-2025.zip/TR_7_2025___Assinado.pdf; EDITAL_154044-000009-2025.zip/SEI_UFAC - 1539952 - Minuta de Contrato.pdf; EDITAL_154044-000009-2025.zip/SEI_UFAC - 1539832 - Minuta de Ata de Registro de Precos.pdf; EDITAL_154044-000009-2025.zip/EDITAL_154044-000009-2025.pdf; RelacaoItens15404405900092025000.pdf,https://pncp.gov.br/pncp-api/v1/orgaos/04071106000137/compras/2025/13/arquivos/1,Ativo,"Detergente (R$ 8.326,50); Secante (R$ 26.614,80)"
04071106000137-1-000017/2024,04071106000137-1-000017-2024.md,FUNDACAO UNIVERSIDADE FEDERAL DO ACRE,Edital nº 90013/2024,"Aquisição de Materiais de Higiene e Limpeza para o Restaurante Universitário do Campus Reitor Áulio Gélio Alvez de Sousa, da Universidade Federal do Acre – UFAC, localizada no KM-04 da BR - 364, no bairro Distrito Industrial, na cidade de Rio Branco, no Estado do Acre.",15404405900132024000.zip,Edital do Pregao Eletronico N 13-2024 (SEI n 1196056).zip; Edital do Pregao Eletronico N 13-2024 (SEI n 1196056).zip/Edital do Preg╞o Eletrônico Nº 13-2024 (SEI nº 1196056).pdf; RelacaoItens15404405900132024000.pdf,https://pncp.gov.br/pncp-api/v1/orgaos/04071106000137/compras/2024/17/arquivos/1,Ativo,"Detergente (R$ 26.184,00); Secante (R$ 6.632,64)"
04071106000137-1-000020/2024,04071106000137-1-000020-2024.md,FUNDACAO UNIVERSIDADE FEDERAL DO ACRE,Edital nº 90016/2024,Adquirir gêneros alimentícios não perecíveis e perecíveis para o Restaurante Universitário (RU) da UFAC.,15404405900162024000.zip,Edital do Pregao Eletronico N 16-2024 (SEI n 1208721).zip; Edital do Pregao Eletronico N 16-2024 (SEI n 1208721).zip/Edital do Preg╞o Eletrônico Nº 16-2024 (SEI nº 1208721).pdf; RelacaoItens15404405900162024000.pdf,https://pncp.gov.br/pncp-api/v1/orgaos/04071106000137/compras/2024/20/arquivos/1,Ativo,"Açúcar (R$ 40.838,16); Amido (R$ 3.551,52)"
04071106000137-1-000038/2023,04071106000137-1-000038-2023.md,FUNDACAO UNIVERSIDADE FEDERAL DO ACRE,Aviso de Contratação Direta nº 00020/2023,Aquisição de bobinas de papel para impressoras de Tickets do Restaurante Universitário da Universidade Federal do Acre,DISPENSA+N+20-2023.zip,DISPENSA Nº 20-2023/; DISPENSA Nº 20-2023/AVISO DE CONTRATAÇÃO Nº 9-2023.pdf; DISPENSA Nº 20-2023/TERMO DE REFERÊNCIA 1071963.pdf,https://pncp.gov.br/pncp-api/v1/orgaos/04071106000137/compras/2023/38/arquivos/1,Ativo,"Bobina Papel Senha (R$ 19.000,00)"
04071106000137-1-000038/2025,04071106000137-1-000038-2025.md,FUNDACAO UNIVERSIDADE FEDERAL DO ACRE,Ato que autoriza a Contratação Direta nº 793/2025,Manutenção de Caldeiras e Estufas,editais%2FEdital_de_Credenciamento_03_2025_1.pdf,,https://pncp.gov.br/pncp-api/v1/orgaos/04071106000137/compras/2025/38/arquivos/1,Ativo,"Contratação de profissional ou empresa MEI, devidamente habilitada para serviços de manutenção em 04 (quatro) caldeirões a gás, do Restaurante Universitário - RU. Sistemas de queimadores danificados. Limpeza, lubrificação de válvulas, descarbonização dos injetores e regulagem em geral. Troca dos estaleiros de queimadores. A empresa deverá fornecer todos os materiais necessários para a execução completa dos serviços, além de ser responsável por toda a mão de obra, montagem, instalação e testes de funcionamento, garantindo a perfeita operação de todo o solicitado nesta demanda. Nota: para realização de visita técnica ou outras informações: Contato: 68 99922-7196 (R$ 7.000,00)"
06279103000119-1-000039/2025,06279103000119-1-000039-2025.md,FUNDACAO UNIVERSIDADE FEDERAL DO MARANHAO,Edital nº 90017/2025,"Contratação de serviços contínuos de fornecimento e preparo de refeição nos Restaurantes Universitários para atender as necessidades dos Campi de Chapadinha, Codó, Pinheiro e São Bernardo desta Universidade Federal do Maranhão.",15404105900172025000.zip,EDITAL - REFEICOES - CONTINENTE.zip; EDITAL - REFEICOES - CONTINENTE.zip/ANEXO II - Minuta do Termo de Contrato - abr25.pdf; EDITAL - REFEICOES - CONTINENTE.zip/EDITAL_-_Fornecimento_de_Refeicoes_assinado.pdf; EDITAL - REFEICOES - CONTINENTE.zip/ANEXO I - Termo de Referencia (completo).pdf; EDITAL - REFEICOES - CONTINENTE.zip/ANEXO III - Minuta Ata de Registro de Preços - abr25.pdf; RelacaoItens15404105900172025000.pdf,https://pncp.gov.br/pncp-api/v1/orgaos/06279103000119/compras/2025/39/arquivos/1,Ativo,"Refeições Industriais - Preparo / Distribuição (R$ 2.406.240,00); Refeições Industriais - Preparo / Distribuição (R$ 278.500,00)"
06279103000119-1-000044/2025,06279103000119-1-000044-2025.md,FUNDACAO UNIVERSIDADE FEDERAL DO MARANHAO,Edital nº 90021/2025,"Contratação de serviços contínuos de preparo, fornecimento e distribuição de refeição no Restaurante Universitário e de mais unidades do Campus São Luís desta Universidade Federal do Maranhão.",15404105900212025001.zip,Edital 90021_2025 - RU.rar; RelacaoItens15404105900212025000.pdf,https://pncp.gov.br/pncp-api/v1/orgaos/06279103000119/compras/2025/44/arquivos/2,Ativo,"Refeições Industriais - Preparo / Distribuição (R$ 25.164.000,00); Refeições Industriais - Preparo / Distribuição (R$ 3.495.000,00)"
09341233000122-1-000001/2025,09341233000122-1-000001-2025.md,FUNDACAO UNIVERSIDADE FEDERAL DO PAMPA - UNIPAMPA,Ato que autoriza a Contratação Direta nº 110/2025,Contratação de serviços de atualização tecnológica do parque de Leitores Biométricos destinados aos Restaurantes Universitários da Unipampa.,1.Pedido.pdf,,https://pncp.gov.br/pncp-api/v1/orgaos/09341233000122/compras/2025/1/arquivos/1,Ativo,"INSTALAÇÃO / MANUTENÇÃO - EQUIPAMENTO CONTROLE ACESSO PESSOA INSTALAÇÃO / MANUTENÇÃO - EQUIPAMENTO CONTROLE ACESSO PESSOA (R$ 45.599,76)"
09341233000122-1-000001/2025,09341233000122-1-000001-2025.md,FUNDACAO UNIVERSIDADE FEDERAL DO PAMPA - UNIPAMPA,Ato que autoriza a Contratação Direta nº 110/2025,Contratação de serviços de atualização tecnológica do parque de Leitores Biométricos destinados aos Restaurantes Universitários da Unipampa.,Parecer_143_2024_inexigibilidade_art_74_inciso_l_lei_14.133_2021.pdf,,https://pncp.gov.br/pncp-api/v1/orgaos/09341233000122/compras/2025/1/arquivos/2,Ativo,"INSTALAÇÃO / MANUTENÇÃO - EQUIPAMENTO CONTROLE ACESSO PESSOA INSTALAÇÃO / MANUTENÇÃO - EQUIPAMENTO CONTROLE ACESSO PESSOA (R$ 45.599,76)"
09341233000122-1-000019/2025,09341233000122-1-000019-2025.md,FUNDACAO UNIVERSIDADE FEDERAL DO PAMPA - UNIPAMPA,Edital nº 90006/2025,"Pregão Eletrônico para Contratação de empresa especializada para prestação de serviços de alimentação, nutrição e lanchonete, modalidade: preparo e fornecimento de refeições no Restaurante Universitário (RU), Unipampa/Caçapava do Sul /Rs, conforme condições, quantidades e exigências estabelecidas neste Edital e seus anexos.",15435905900062025000.zip,Publicacao.7z; RelacaoItens15435905900062025000.pdf,https://pncp.gov.br/pncp-api/v1/orgaos/09341233000122/compras/2025/19/arquivos/1,Ativo,"Cantina / Bar / Lanchonete / Refeição Rápida / Restaurante (R$ 512.500,00)"
09341233000122-1-000026/2025,09341233000122-1-000026-2025.md,FUNDACAO UNIVERSIDADE FEDERAL DO PAMPA - UNIPAMPA,Edital nº 90008/2025,"Pregão Eletrônico para Contratação de empresa especializada para prestação de serviços de alimentação, nutrição e lanchonete, modalidade: preparo e fornecimento de refeições no Restaurante Universitário (RU), Unipampa/São Gabriel /Rs, conforme condições, quantidades e exigências estabelecidas neste Edital e seus anexos.",15435905900082025000.zip,Publicacao.zip; Publicacao.zip/RelacaoItens15435905900082025000.pdf; Publicacao.zip/SEI - 23100.006504_2025-77 contrato.pdf; Publicacao.zip/SEI - 23100.006504_2025-77.pdf; Publicacao.zip/TR 11_2025 11_2025.pdf; RelacaoItens15435905900082025000.pdf,https://pncp.gov.br/pncp-api/v1/orgaos/09341233000122/compras/2025/26/arquivos/1,Ativo,"Cantina / Bar / Lanchonete / Refeição Rápida / Restaurante (R$ 475.000,00)"
09341233000122-1-000027/2025,09341233000122-1-000027-2025.md,FUNDACAO UNIVERSIDADE FEDERAL DO PAMPA - UNIPAMPA,Edital nº 90009/2025,"Pregão Eletrônico para Contratação de empresa especializada para prestação de serviços de alimentação, nutrição e lanchonete, modalidade: preparo e fornecimento de refeições no Restaurante Universitário (RU), Unipampa/Jaguarão/Rs, conforme condições, quantidades e exigências estabelecidas neste Edital e seus anexos.",15435905900092025000.zip,publicacao.zip; publicacao.zip/edital.pdf; publicacao.zip/RelacaoItens15435905900092025000.pdf; publicacao.zip/SEI - 23100.006511_2025-79.pdf; publicacao.zip/TR_JAGUARAO_154359_000009_2025_assinado_assinado.pdf; RelacaoItens15435905900092025000.pdf,https://pncp.gov.br/pncp-api/v1/orgaos/09341233000122/compras/2025/27/arquivos/1,Ativo,"Cantina / Bar / Lanchonete / Refeição Rápida / Restaurante (R$ 400.000,00)"
09341233000122-1-000031/2025,09341233000122-1-000031-2025.md,FUNDACAO UNIVERSIDADE FEDERAL DO PAMPA - UNIPAMPA,Edital nº 90007/2025,"Pregão Eletrônico para Contratação de empresa especializada para prestação de serviços de alimentação, nutrição e lanchonete, modalidade: preparo e fornecimento de refeições no Restaurante Universitário (RU), Unipampa/Dom Pedrito /Rs, conforme condições, quantidades e exigências estabelecidas neste Edital e seus anexos.",15435905900072025000.zip,publicacao.zip; publicacao.zip/contrato.pdf; publicacao.zip/Edital.pdf; publicacao.zip/RelacaoItens15435905900072025000.pdf; publicacao.zip/TR.pdf; RelacaoItens15435905900072025000.pdf,https://pncp.gov.br/pncp-api/v1/orgaos/09341233000122/compras/2025/31/arquivos/1,Ativo,"Cantina / Bar / Lanchonete / Refeição Rápida / Restaurante (R$ 641.250,00)"
09341233000122-1-000052/2025,09341233000122-1-000052-2025.md,FUNDACAO UNIVERSIDADE FEDERAL DO PAMPA - UNIPAMPA,Edital nº 90003/2025,Contratação de empresa especializada para execução da Reforma do Restaurante Universitário do Campus Alegrete da UNIPAMPA,15435903900032025000.zip,CC 03.2025 Reforma RU de Alegrete.zip; CC 03.2025 Reforma RU de Alegrete.zip/Anexo 01 CONS_TEC_RELEVANTES_RU_ALEGRETE.pdf; CC 03.2025 Reforma RU de Alegrete.zip/Anexo 02 ETP68_2024.pdf; CC 03.2025 Reforma RU de Alegrete.zip/Anexo 03_ao_05.pdf; CC 03.2025 Reforma RU de Alegrete.zip/Anexo 07 Minuta_de_Contrato.pdf; CC 03.2025 Reforma RU de Alegrete.zip/DOCUMENTOS LICITAÇ╟O_RU_AL_R01.zip; CC 03.2025 Reforma RU de Alegrete.zip/DOCUMENTOS LICITAÇ╟O_RU_AL_R01.zip/DOCUMENTOS LICITAÇÃO_RU_AL/; CC 03.2025 Reforma RU de Alegrete.zip/DOCUMENTOS LICITAÇ╟O_RU_AL_R01.zip/DOCUMENTOS LICITAÇÃO_RU_AL/01_PLANTAS/; CC 03.2025 Reforma RU de Alegrete.zip/DOCUMENTOS LICITAÇ╟O_RU_AL_R01.zip/DOCUMENTOS LICITAÇÃO_RU_AL/01_PLANTAS/01_ARQUITETÔNICO/; CC 03.2025 Reforma RU de Alegrete.zip/DOCUMENTOS LICITAÇ╟O_RU_AL_R01.zip/DOCUMENTOS LICITAÇÃO_RU_AL/01_PLANTAS/01_ARQUITETÔNICO/Projeto Arquitetônico Reforma RUAlegrete.pdf; CC 03.2025 Reforma RU de Alegrete.zip/DOCUMENTOS LICITAÇ╟O_RU_AL_R01.zip/DOCUMENTOS LICITAÇÃO_RU_AL/01_PLANTAS/02_ESTRUTURAL/; CC 03.2025 Reforma RU de Alegrete.zip/DOCUMENTOS LICITAÇ╟O_RU_AL_R01.zip/DOCUMENTOS LICITAÇÃO_RU_AL/01_PLANTAS/02_ESTRUTURAL/ESTRUTURAL_CENTRALDE_GASES_01_DE_02_assinado.pdf; CC 03.2025 Reforma RU de Alegrete.zip/DOCUMENTOS LICITAÇ╟O_RU_AL_R01.zip/DOCUMENTOS LICITAÇÃO_RU_AL/01_PLANTAS/02_ESTRUTURAL/ESTRUTURAL_CENTRALDE_GASES_02_DE_02_assinado.pdf; CC 03.2025 Reforma RU de Alegrete.zip/DOCUMENTOS LICITAÇ╟O_RU_AL_R01.zip/DOCUMENTOS LICITAÇÃO_RU_AL/01_PLANTAS/03_HIDROSSANITÁRIO/; CC 03.2025 Reforma RU de Alegrete.zip/DOCUMENTOS LICITAÇ╟O_RU_AL_R01.zip/DOCUMENTOS LICITAÇÃO_RU_AL/01_PLANTAS/03_HIDROSSANITÁRIO/Prancha_01_05_PLANTA BAIXA COBERTURA ÁGUA FRIA E QUENTE.pdf; CC 03.2025 Reforma RU de Alegrete.zip/DOCUMENTOS LICITAÇ╟O_RU_AL_R01.zip/DOCUMENTOS LICITAÇÃO_RU_AL/01_PLANTAS/03_HIDROSSANITÁRIO/Prancha_02_05_PLANTA BAIXA TÉRREO ÁGUA FRIA E QUENTE.pdf; CC 03.2025 Reforma RU de Alegrete.zip/DOCUMENTOS LICITAÇ╟O_RU_AL_R01.zip/DOCUMENTOS LICITAÇÃO_RU_AL/01_PLANTAS/03_HIDROSSANITÁRIO/Prancha_03_05_PLANTA IMPLANTAÇÃO E TRATAMENTO DE ESGOTO.pdf; CC 03.2025 Reforma RU de Alegrete.zip/DOCUMENTOS LICITAÇ╟O_RU_AL_R01.zip/DOCUMENTOS LICITAÇÃO_RU_AL/01_PLANTAS/03_HIDROSSANITÁRIO/Prancha_04_05_PLANTA BAIXA TÉRREO ESGOTO.pdf; CC 03.2025 Reforma RU de Alegrete.zip/DOCUMENTOS LICITAÇ╟O_RU_AL_R01.zip/DOCUMENTOS LICITAÇÃO_RU_AL/01_PLANTAS/03_HIDROSSANITÁRIO/Prancha_05_05_PLANTA BAIXA REDE DE PLUVIAL.pdf; CC 03.2025 Reforma RU de Alegrete.zip/DOCUMENTOS LICITAÇ╟O_RU_AL_R01.zip/DOCUMENTOS LICITAÇÃO_RU_AL/01_PLANTAS/04_ELÉTRICO/; CC 03.2025 Reforma RU de Alegrete.zip/DOCUMENTOS LICITAÇ╟O_RU_AL_R01.zip/DOCUMENTOS LICITAÇÃO_RU_AL/01_PLANTAS/04_ELÉTRICO/AL_REFORMARU_ELÉTRICO02-02.pdf; CC 03.2025 Reforma RU de Alegrete.zip/DOCUMENTOS LICITAÇ╟O_RU_AL_R01.zip/DOCUMENTOS LICITAÇÃO_RU_AL/01_PLANTAS/04_ELÉTRICO/AL_REFORMARU_ELÉTRICO01-02.pdf; CC 03.2025 Reforma RU de Alegrete.zip/DOCUMENTOS LICITAÇ╟O_RU_AL_R01.zip/DOCUMENTOS LICITAÇÃO_RU_AL/01_PLANTAS/05_LÓGICA/; CC 03.2025 Reforma RU de Alegrete.zip/DOCUMENTOS LICITAÇ╟O_RU_AL_R01.zip/DOCUMENTOS LICITAÇÃO_RU_AL/01_PLANTAS/05_LÓGICA/AL_CABEAMENTO.pdf; CC 03.2025 Reforma RU de Alegrete.zip/DOCUMENTOS LICITAÇ╟O_RU_AL_R01.zip/DOCUMENTOS LICITAÇÃO_RU_AL/01_PLANTAS/06_PPCI/; CC 03.2025 Reforma RU de Alegrete.zip/DOCUMENTOS LICITAÇ╟O_RU_AL_R01.zip/DOCUMENTOS LICITAÇÃO_RU_AL/01_PLANTAS/06_PPCI/Projeto PPCI_01.pdf; CC 03.2025 Reforma RU de Alegrete.zip/DOCUMENTOS LICITAÇ╟O_RU_AL_R01.zip/DOCUMENTOS LICITAÇÃO_RU_AL/01_PLANTAS/07_REDE DE GASES/; CC 03.2025 Reforma RU de Alegrete.zip/DOCUMENTOS LICITAÇ╟O_RU_AL_R01.zip/DOCUMENTOS LICITAÇÃO_RU_AL/01_PLANTAS/07_REDE DE GASES/Rede de Gás GLP.pdf; CC 03.2025 Reforma RU de Alegrete.zip/DOCUMENTOS LICITAÇ╟O_RU_AL_R01.zip/DOCUMENTOS LICITAÇÃO_RU_AL/01_PLANTAS/07_REDE DE GASES/Rede de Gás GLP Assinado.pdf; CC 03.2025 Reforma RU de Alegrete.zip/DOCUMENTOS LICITAÇ╟O_RU_AL_R01.zip/DOCUMENTOS LICITAÇÃO_RU_AL/01_PLANTAS/08_CLIMATIZAÇÃO/; CC 03.2025 Reforma RU de Alegrete.zip/DOCUMENTOS LICITAÇ╟O_RU_AL_R01.zip/DOCUMENTOS LICITAÇÃO_RU_AL/01_PLANTAS/08_CLIMATIZAÇÃO/Reforma RU Alegrete Climatização R00 Assinado.pdf; CC 03.2025 Reforma RU de Alegrete.zip/DOCUMENTOS LICITAÇ╟O_RU_AL_R01.zip/DOCUMENTOS LICITAÇÃO_RU_AL/02_MEMORIAL/; CC 03.2025 Reforma RU de Alegrete.zip/DOCUMENTOS LICITAÇ╟O_RU_AL_R01.zip/DOCUMENTOS LICITAÇÃO_RU_AL/02_MEMORIAL/MEMORIAL_DESCRITIVO_RU_ALEGRETE__ASSINADO_assinado.pdf; CC 03.2025 Reforma RU de Alegrete.zip/DOCUMENTOS LICITAÇ╟O_RU_AL_R01.zip/DOCUMENTOS LICITAÇÃO_RU_AL/03_PLANILHAS/; CC 03.2025 Reforma RU de Alegrete.zip/DOCUMENTOS LICITAÇ╟O_RU_AL_R01.zip/DOCUMENTOS LICITAÇÃO_RU_AL/03_PLANILHAS/AL_REFORMA_RESTAURANTE_UNIVERSITARIO_BDI_ASSINADO.pdf; CC 03.2025 Reforma RU de Alegrete.zip/DOCUMENTOS LICITAÇ╟O_RU_AL_R01.zip/DOCUMENTOS LICITAÇÃO_RU_AL/03_PLANILHAS/AL_REFORMA_RESTAURANTE_UNIVERSITARIO_COMPOSICOES_COM_PRECO_UNITARIO_ASSINADO.pdf; CC 03.2025 Reforma RU de Alegrete.zip/DOCUMENTOS LICITAÇ╟O_RU_AL_R01.zip/DOCUMENTOS LICITAÇÃO_RU_AL/03_PLANILHAS/AL_REFORMA_RESTAURANTE_UNIVERSITARIO_CRONOGRAMA_ASSINADO.pdf; CC 03.2025 Reforma RU de Alegrete.zip/DOCUMENTOS LICITAÇ╟O_RU_AL_R01.zip/DOCUMENTOS LICITAÇÃO_RU_AL/03_PLANILHAS/AL_REFORMA_RESTAURANTE_UNIVERSITARIO_ORCAMENTO_ASSINADO.pdf; CC 03.2025 Reforma RU de Alegrete.zip/DOCUMENTOS LICITAÇ╟O_RU_AL_R01.zip/DOCUMENTOS LICITAÇÃO_RU_AL/03_PLANILHAS/AL_REFORMA_RESTAURANTE_UNIVERSITARIO_CURVA_ABC_ASSINADO.pdf; CC 03.2025 Reforma RU de Alegrete.zip/DOCUMENTOS LICITAÇ╟O_RU_AL_R01.zip/DOCUMENTOS LICITAÇÃO_RU_AL/04_PLANILHA EDITÁVEL/; CC 03.2025 Reforma RU de Alegrete.zip/DOCUMENTOS LICITAÇ╟O_RU_AL_R01.zip/DOCUMENTOS LICITAÇÃO_RU_AL/04_PLANILHA EDITÁVEL/AL_REFORMA RESTAURANTE UNIVERSITÁRIO_ORÇAMENTO LIMPO.xlsx; CC 03.2025 Reforma RU de Alegrete.zip/Edital Concorrência 90003.2025 Reforma RU de Alegrete.pdf; RelacaoItens15435903900032025000.pdf,https://pncp.gov.br/pncp-api/v1/orgaos/09341233000122/compras/2025/52/arquivos/1,Ativo,"Manutenção / Reforma Predial (R$ 700.057,37)"
09341233000122-1-000068/2025,09341233000122-1-000068-2025.md,FUNDACAO UNIVERSIDADE FEDERAL DO PAMPA - UNIPAMPA,Edital nº 90022/2025,"Pregão Eletrônico para a Contratação de empresa especializada para prestação de serviços de alimentação, nutrição e lanchonete, modalidade: preparo e fornecimento de refeições no Restaurante Universitário (RU), destinada a Unipampa, campus Jaguarão/Rs.",15435905900222025000.zip,Publicacao.zip; Publicacao.zip/Anexo II Declaração vistoria.pdf; Publicacao.zip/Anexo III Delaração responsabilidade.pdf; Publicacao.zip/Anexo IV Declaração de contratos firmados.pdf; Publicacao.zip/Anexo V IMR.pdf; Publicacao.zip/Anexo VI Pesquisa de satisfação.pdf; Publicacao.zip/Minuta_de_Termo_de_Contrato.pdf; Publicacao.zip/RelacaoItens15435905900222025000 (1).pdf; Publicacao.zip/SEI - 23100.010983_2025-26.pdf; Publicacao.zip/TR_000017_2025.pdf; RelacaoItens15435905900222025000.pdf,https://pncp.gov.br/pncp-api/v1/orgaos/09341233000122/compras/2025/68/arquivos/1,Ativo,"Cantina / Bar / Lanchonete / Refeição Rápida / Restaurante (R$ 478.240,00)"
06517387000134-1-000002/2025,06517387000134-1-000002-2025.md,FUNDACAO UNIVERSIDADE FEDERAL DO PIAUI,Edital nº 90002/2025,"Contratação de serviços de empresa especializada no fornecimento de mão de obra para prestação de serviços de COZINHEIRO, AUXILIAR DE COZINHA, ALMOXARIFE E AUXILIAR DE ALMOXARIFE para os Restaurantes Universitários da Universidade Federal do Piauí nas cidades de Teresina e Picos, a serem executados com regime de dedicação exclusiva de mão de obra, nos termos do Edital e seus anexos.",15404805900022025001.zip,EDITAL E PLANILHAS PE 90002-2025.zip; EDITAL E PLANILHAS PE 90002-2025.zip/EDITAL E PLANILHAS PE 90002-2025/5-ANEXO IV - PLANILHAS DE CUSTOS E FORMAÇ╟O DE PREÇOS.xlsx; EDITAL E PLANILHAS PE 90002-2025.zip/EDITAL E PLANILHAS PE 90002-2025/EDITAL E ANEXOS PE 90002-2025.pdf; RelacaoItens15404805900022025000.pdf,https://pncp.gov.br/pncp-api/v1/orgaos/06517387000134/compras/2025/2/arquivos/2,Ativo,"Prestação de Serviços de Cozinheiro (R$ 533.688,00); Prestação de serviços de cozinheiro (R$ 2.005.768,20)"
06517387000134-1-000015/2024,06517387000134-1-000015-2024.md,FUNDACAO UNIVERSIDADE FEDERAL DO PIAUI,Edital nº 90009/2024,"Aquisição de materiais de consumo: alimentos secos e enlatados, materiais descartáveis, materiais de higiene e limpeza e outros para atender demandas dos Restaurantes Universitários da Universidade Federal do Piauí – UFPI, conforme condições e exigências estabelecidas no Edital e seus anexos",15404805900092024001.zip,12-08-EDITAL REPUBLICADO PE 90009-2024.pdf; RelacaoItens15404805900092024001.pdf,https://pncp.gov.br/pncp-api/v1/orgaos/06517387000134/compras/2024/15/arquivos/2,Ativo,"Açúcar (R$ 16.530,00); Amido (R$ 23.580,00)"
06517387000134-1-000016/2024,06517387000134-1-000016-2024.md,FUNDACAO UNIVERSIDADE FEDERAL DO PIAUI,Edital nº 90008/2024,"Aquisição de equipamentos eletrodomésticos, projetores, telas de projeção e contratação de empresa (s) especializada (s) para o fornecimento de equipamentos e utensílios de cozinha industrial, com o objetivo de atender demandas dos Restaurantes Universitários e Residências Universitárias dos quatro campi da Universidade Federal do Piauí.",15404805900082024001.zip,EDITAL E SEUS ANEXOS-PE90008-2024-REPUBLICACAO.pdf; RelacaoItens15404805900082024000.pdf,https://pncp.gov.br/pncp-api/v1/orgaos/06517387000134/compras/2024/16/arquivos/2,Ativo,"Aparelho ar condicionado (R$ 189.832,65); Aparelho ar condicionado (R$ 244.579,20)"
06517387000134-1-000025/2024,06517387000134-1-000025-2024.md,FUNDACAO UNIVERSIDADE FEDERAL DO PIAUI,Edital nº 90014/2024,"Aquisição de materiais de consumo: materiais de higiene e limpeza para atender demandas dos Restaurantes Universitários da Universidade Federal do Piauí – UFPI, conforme condições e exigências estabelecidas no Edital e seus anexos.",15404805900142024000.zip,EDITAL E ANEXOS PE 90014-2024.pdf; RelacaoItens15404805900142024000.pdf,https://pncp.gov.br/pncp-api/v1/orgaos/06517387000134/compras/2024/25/arquivos/1,Ativo,"Álcool Etílico (R$ 34.685,00); Álcool Etílico (R$ 40.800,00)"
06517387000134-1-000033/2024,06517387000134-1-000033-2024.md,FUNDACAO UNIVERSIDADE FEDERAL DO PIAUI,Edital nº 90017/2024,"Aquisição de materiais de consumo tipo Alimentos Perecíveis (carnes diversas, frutas, legumes e verduras, frios, pães, leite, ovos, sucos); Secos Ensacados (arroz, feijões, farinha) e alimentos para Lanches (achocolatado, sucos e biscoitos) para atender demandas dos Restaurantes Universitários da Universidade Federal do Piauí – UFPI.",15404805900172024001.zip,EDITAL ASSINADO E SEUS ANEXOS.pdf; RelacaoItens15404805900172024001.pdf,https://pncp.gov.br/pncp-api/v1/orgaos/06517387000134/compras/2024/33/arquivos/2,Ativo,"Carne bovina in natura (R$ 226.920,00); Carne bovina in natura (R$ 334.300,00)"
06517387000134-1-000054/2024,06517387000134-1-000054-2024.md,FUNDACAO UNIVERSIDADE FEDERAL DO PIAUI,Edital nº 90022/2024,Aquisição de materiais de consumo: materiais de higiene e limpeza para atender demandas dos Restaurantes Universitários da Universidade Federal do Piauí – UFP,15404805900222024000.zip,EDITAL 90022 2024 E ANEXOS.pdf; RelacaoItens15404805900222024000.pdf,https://pncp.gov.br/pncp-api/v1/orgaos/06517387000134/compras/2024/54/arquivos/1,Ativo,"Álcool Etílico (R$ 34.685,00); Álcool Etílico (R$ 40.800,00)"
05149726000104-1-000004/2025,05149726000104-1-000004-2025.md,FUNDACAO UNIVERSIDADE FEDERAL DO TOCANTINS,Edital nº 90002/2025,Contratação de empresa especializada para a prestação de Serviços de Alimentação e Nutrição - Restaurante Universitário do Campus de Arraias.,15441905900022025000.zip,Edital de Licitacao - RU Campus Arraias - UFT.zip; Edital de Licitacao - RU Campus Arraias - UFT.zip/Anexo I - Termo de Referência - RU - Campus Arraias.pdf; Edital de Licitacao - RU Campus Arraias - UFT.zip/Anexo II - Planilha de Formaç╞o de Preços.pdf; Edital de Licitacao - RU Campus Arraias - UFT.zip/Anexo III - Minuta de Contrato.pdf; Edital de Licitacao - RU Campus Arraias - UFT.zip/Apêndice do Anexo I - Estudo Técnico Preliminar.pdf; Edital de Licitacao - RU Campus Arraias - UFT.zip/Edital de Licitaç╞o.pdf; RelacaoItens15441905900022025000.pdf,https://pncp.gov.br/pncp-api/v1/orgaos/05149726000104/compras/2025/4/arquivos/1,Ativo,"Refeições Industriais - Preparo / Distribuição (R$ 460.944,00); Refeições Industriais - Preparo / Distribuição (R$ 1.672.704,00)"
05149726000104-1-000031/2024,05149726000104-1-000031-2024.md,FUNDACAO UNIVERSIDADE FEDERAL DO TOCANTINS,Edital nº 90006/2024,Contratação de Empresa Especializada no Fornecimento de Alimentação para o Restaurante Universitário no Campus de Miracema.,15441905900062024000.zip,Edital 90006_2024.pdf; RelacaoItens15441905900062024000.pdf,https://pncp.gov.br/pncp-api/v1/orgaos/05149726000104/compras/2024/31/arquivos/1,Ativo,"Refeições Industriais - Preparo / Distribuição (R$ 506.300,00); Refeições Industriais - Preparo / Distribuição (R$ 2.882.860,00)"
46168650000141-1-000005/2025,46168650000141-1-000005-2025.md,FUNDO MUNICIPAL DE EDUCACAO DE ALIANÇA,Edital nº 003/2025,"Ata de Registro de Preços destinada a Aquisição de Materiais para o Programa Escola em Tempo Integral como: BRINQUEDOS DE RECREAÇÃO E ACOMPANHAMENTO PEDAGÓGICO EM PORTUGUÊS E MATEMÁTICA, JOGOS DE MESA E DE TABULEIRO, ITENS DE ESPORTE E LAZER – FUTEBOL, BAMBOLÊ; MATERIAIS PARA EDUCAÇÃO DE COMPETÊNCIAS SOCIOEMOCIONAIS, LIVROS PARADIDÁTICOS E CAÇA PALAVRAS, MATERIAIS PARA HIGIENE PESSOAL, MATERIAIS DE EXPEDIENTE, MATERIAIS DIDÁTICO; MOBILIÁRIO, MATERIAIS PARA AUDIO VISUAL, ELETRÔNICOS E ELETRODOMÉS",Ata_de_Registro_008Prego_Eletrnico_03Material_EscolarA_Martins.pdf,,https://pncp.gov.br/pncp-api/v1/orgaos/46168650000141/compras/2025/5/arquivos/2,Ativo,"Baralho Alfanumérico Dimensões: (C)10cmX(L)6cmX(H)3cm. Produto com embalagem. Composição: Cartão e Plástico. Cor: Azul e Vermelho. Descrição: Jogo Baralho 54 Cartas 139 -Tipo COPAG ou similar. Feitas em cartão couché de excelente qualidade. Maior flexibilidade. Melhor manuseio. Contém 55 cartas (52 cartas + 2 coringas + Carta Garantia). Tamanho da carta: (C)8,9cmX(L)5,7cm. (R$ 708,96); Jogo educativo - Blocos de Madeira Arquitetura e Construção - Pequeno Engenheiro Contém 100 peças em MDF impresso com motivos de construção civil sendo as maiores 5 x 2,5 x 1 cm e as menores 1 x 1 x 1 cm Caixa em Madeira tamanho 25 x 18 x 7 cm (R$ 533,88)"
46168650000141-1-000005/2025,46168650000141-1-000005-2025.md,FUNDO MUNICIPAL DE EDUCACAO DE ALIANÇA,Edital nº 003/2025,"Ata de Registro de Preços destinada a Aquisição de Materiais para o Programa Escola em Tempo Integral como: BRINQUEDOS DE RECREAÇÃO E ACOMPANHAMENTO PEDAGÓGICO EM PORTUGUÊS E MATEMÁTICA, JOGOS DE MESA E DE TABULEIRO, ITENS DE ESPORTE E LAZER – FUTEBOL, BAMBOLÊ; MATERIAIS PARA EDUCAÇÃO DE COMPETÊNCIAS SOCIOEMOCIONAIS, LIVROS PARADIDÁTICOS E CAÇA PALAVRAS, MATERIAIS PARA HIGIENE PESSOAL, MATERIAIS DE EXPEDIENTE, MATERIAIS DIDÁTICO; MOBILIÁRIO, MATERIAIS PARA AUDIO VISUAL, ELETRÔNICOS E ELETRODOMÉS",EditalMateriais_Escola_Tempo_integral.pdf,,https://pncp.gov.br/pncp-api/v1/orgaos/46168650000141/compras/2025/5/arquivos/1,Ativo,"Baralho Alfanumérico Dimensões: (C)10cmX(L)6cmX(H)3cm. Produto com embalagem. Composição: Cartão e Plástico. Cor: Azul e Vermelho. Descrição: Jogo Baralho 54 Cartas 139 -Tipo COPAG ou similar. Feitas em cartão couché de excelente qualidade. Maior flexibilidade. Melhor manuseio. Contém 55 cartas (52 cartas + 2 coringas + Carta Garantia). Tamanho da carta: (C)8,9cmX(L)5,7cm. (R$ 708,96); Jogo educativo - Blocos de Madeira Arquitetura e Construção - Pequeno Engenheiro Contém 100 peças em MDF impresso com motivos de construção civil sendo as maiores 5 x 2,5 x 1 cm e as menores 1 x 1 x 1 cm Caixa em Madeira tamanho 25 x 18 x 7 cm (R$ 533,88)"
19578710000121-1-000008/2023,19578710000121-1-000008-2023.md,FUNDO MUNICIPAL DE EDUCACAO DE LUIS ALVES,Edital nº 1/2023,"CONTRATAÇÃO DE PESSOA JURÍDICA PARA PRESTAÇÃO DE SERVIÇOS DE ENGENHARIA PARA AMPLIAÇÃO DA ESCOLA MUNICIPAL HENRIQUE KEUNECKE, COM MATERIAL E MÃO DE OBRA",/var/www/html/luizalves.atende.net/temp/WCO/PNCP/Edital/edital_10_2023_18293_documento.pdf,,https://pncp.gov.br/pncp-api/v1/orgaos/19578710000121/compras/2023/8/arquivos/1,Ativo,"CONTRATAÇÃO DE PESSOA JURÍDICA PARA PRESTAÇÃO DE SERVIÇOS DE ENGENHARIA PARA AMPLIAÇÃO DA ESCOLA MUNICIPAL HENRIQUE KEUNECKE, COM MATERIAL E MÃO DE OBRA (R$ 263.234,35)"
44984638000180-1-000014/2025,44984638000180-1-000014-2025.md,FUNDO MUNICIPAL DE EDUCACAO FME,Edital nº (3525) | 4-0/2025,"aquisições de materiais de expediente, material pedagógico, copa e cozinha, eletroeletrônico, papelaria, material permanente para atender ao Fundo Municipal de Educação/Escola integral creche Municipal Professora Terezinha de Barros Alves, e Demais Escolas municipais",ATA+DE+SESSAO.pdf,,https://pncp.gov.br/pncp-api/v1/orgaos/44984638000180/compras/2025/14/arquivos/2,Ativo,"AMOLADOR DE FACAS (R$ 120,69); ESCORREDOR DE LOUÇAS INOX (R$ 316,50)"
44984638000180-1-000014/2025,44984638000180-1-000014-2025.md,FUNDO MUNICIPAL DE EDUCACAO FME,Edital nº (3525) | 4-0/2025,"aquisições de materiais de expediente, material pedagógico, copa e cozinha, eletroeletrônico, papelaria, material permanente para atender ao Fundo Municipal de Educação/Escola integral creche Municipal Professora Terezinha de Barros Alves, e Demais Escolas municipais",EDITAL+REGULADOR.pdf,,https://pncp.gov.br/pncp-api/v1/orgaos/44984638000180/compras/2025/14/arquivos/1,Ativo,"AMOLADOR DE FACAS (R$ 120,69); ESCORREDOR DE LOUÇAS INOX (R$ 316,50)"
10784782000150-1-000458/2023,10784782000150-1-000458-2023.md,"INSTITUTO FEDERAL DE EDUCACAO, CIENCIA E TECNOLOGIA DE MATO GROSSO",Edital nº 00017/2023,Aquisição de gêneros alimentícios para atender o Restaurante Universitário do IFMT – Campus São Vicente.,15814405000172023000.zip,PREGAO 17-2023 - AQUISICAO GENEROS ALIMENTICIOS.rar; RelacaoItens15814405000172023000.pdf,https://pncp.gov.br/pncp-api/v1/orgaos/10784782000150/compras/2023/458/arquivos/1,Ativo,"Verdura In Natura (R$ 3.440,00); Verdura In Natura (R$ 3.744,00)"
10648539000105-1-000208/2024,10648539000105-1-000208-2024.md,"INSTITUTO FEDERAL DE EDUCACAO, CIENCIA E TECNOLOGIA DO SUL DE MINAS GERAIS",Edital nº 90526/2024,Aquisição de equipamentos e móveis para o Restaurante Universitário. (MCH),15813705905262024001.zip,PREGAO SRP 90526.2024 - EQUIP REFEITORIO.zip; PREGAO SRP 90526.2024 - EQUIP REFEITORIO.zip/EDITAL E ANEXOS REABERTURA - Copia/1. EDITAL PR 90526.2024.pdf; PREGAO SRP 90526.2024 - EQUIP REFEITORIO.zip/EDITAL E ANEXOS REABERTURA - Copia/2. ANEXO I - TERMO DE REF╥RENCIA.pdf; PREGAO SRP 90526.2024 - EQUIP REFEITORIO.zip/EDITAL E ANEXOS REABERTURA - Copia/3. ANEXO II - DADOS DO LICITANTE.odt; PREGAO SRP 90526.2024 - EQUIP REFEITORIO.zip/EDITAL E ANEXOS REABERTURA - Copia/4. ANEXO III - MINUTA DA ATA SRP.pdf; PREGAO SRP 90526.2024 - EQUIP REFEITORIO.zip/EDITAL E ANEXOS REABERTURA - Copia/5. ANEXO IV - MINUTA DE CONTRATO.pdf; PREGAO SRP 90526.2024 - EQUIP REFEITORIO.zip/EDITAL E ANEXOS REABERTURA - Copia/desktop.ini; RelacaoItens15813705905262024001.pdf,https://pncp.gov.br/pncp-api/v1/orgaos/10648539000105/compras/2024/208/arquivos/2,Ativo,"Fritadeira (R$ 17.520,00); Chapa assadeira,fritadeira (R$ 76.050,00)"
10662072000158-1-000068/2024,10662072000158-1-000068-2024.md,"INSTITUTO FEDERAL DE EDUCACAO, CIENCIA E TECNOLOGIA FARROUPILHA",Edital nº 90045/2024,Contratação de empresa especializada para execução da Reforma e Adequação ao PPCI do prédio Restaurante Universitário do IFFar Campus Frederico Westphalen,15812703900452024000.zip,Concorrencia 90045_2024.zip; Concorrencia 90045_2024.zip/Concorrência 90045_2024/; Concorrencia 90045_2024.zip/Concorrência 90045_2024/00. EDITAL45_2024 (1).pdf; Concorrencia 90045_2024.zip/Concorrência 90045_2024/01. TR74_202.pdf; Concorrencia 90045_2024.zip/Concorrência 90045_2024/02. CONTRATO20_2024.pdf; Concorrencia 90045_2024.zip/Concorrência 90045_2024/03. ANEXO III - Declaraç╞o de Dispensa de Vistoria.docx; Concorrencia 90045_2024.zip/Concorrência 90045_2024/04. ANEXO IV MODELO DE ATESTADO DE VISTORIA.pdf; Concorrencia 90045_2024.zip/Concorrência 90045_2024/05. ANEXO V -Projetos de Engenharia.pdf; Concorrencia 90045_2024.zip/Concorrência 90045_2024/06. ANEXO VI – Modelo de Proposta.xlsx; RelacaoItens15812703900452024000.pdf,https://pncp.gov.br/pncp-api/v1/orgaos/10662072000158/compras/2024/68/arquivos/1,Ativo,"Obras Civis Públicas ( Construção ) (R$ 1.826.374,11)"
10729992000146-1-000004/2022,10729992000146-1-000004-2022.md,"INSTITUTO FEDERAL DE EDUCACAO, CIENCIA E TECNOLOGIA SUL-RIO-GRANDENSE - RS",Edital nº 00005/2022,"Contratação de empresa especializada na prestacao de serviços no ramo de fornecimento de alimentos, compreendendo: a disponibilização de almoço, lanches diversos e congêneres.",15812603000052022000.zip,EDITAL_E_ANEXOS_assinado_221230_132053.pdf; RelacaoItens15812603000052022000.pdf,https://pncp.gov.br/pncp-api/v1/orgaos/10729992000146/compras/2022/4/arquivos/1,Ativo,"Cantina / Bar / Lanchonete / Refeição Rápida / Restaurante (R$ 97,00)"
00508903000188-1-000352/2023,00508903000188-1-000352-2023.md,JUSTICA FEDERAL DE PRIMEIRA INSTANCIA,Edital nº 00001/2023,"Contratação das obras de reforma, adequação e modernização das instalações físicas e sistemas prediais do edifício-sede da Justiça Federal na Paraíba, situado à rua João Teixeira de Carvalho, 480 - Pedro Gondim, João Pessoa/PB, cujas especificações, quantitativos e condições gerais se encontram detalhados no PROJETO BÁSICO E EXECUTIVO (Anexo I).",09000803000012023000.zip,EDITAIS - 2023.rar; RelacaoItens09000803000012023000.pdf,https://pncp.gov.br/pncp-api/v1/orgaos/00508903000188/compras/2023/352/arquivos/1,Ativo,"Manutenção / Reforma Predial (R$ 6.642.213,37)"
00394445000101-1-000078/2025,00394445000101-1-000078-2025.md,MINISTERIO DA EDUCACAO,Edital nº 90002/2025,"Aquisição de equipamentos, utensílios e mobiliário de cozinha, para implantação do Restaurante Universitário do DESU/INES, conforme condições, quantidades e exigências estabelecidas no Edital e seus Anexos.",15200505900022025000.zip,Pregao90002 - Equipamento Cozinha.zip; Pregao90002 - Equipamento Cozinha.zip/Edital.pdf; Pregao90002 - Equipamento Cozinha.zip/Anexo I - Termo de Referência.pdf; Pregao90002 - Equipamento Cozinha.zip/Anexo II – Planilha estimativa de preço.pdf; Pregao90002 - Equipamento Cozinha.zip/Apêndice do Anexo I - Estudo Técnico Preliminar.pdf; RelacaoItens15200505900022025000.pdf,https://pncp.gov.br/pncp-api/v1/orgaos/00394445000101/compras/2025/78/arquivos/1,Ativo,"Refrigerador Expositor (R$ 4.719,37); Bebedouro Água (R$ 2.098,30)"
37115342000167-1-000004/2022,37115342000167-1-000004-2022.md,MINISTERIO DA INFRAESTRUTURA,Edital nº 00007/2022,Obras de instalação e adequação do sistema de incêndio para a sede administrativa da PORTOSRIO.,39900803000072022000.zip,Edital RCE 07-2022.rar; RelacaoItens39900803000072022000.pdf,https://pncp.gov.br/pncp-api/v1/orgaos/37115342000167/compras/2022/4/arquivos/1,Ativo,"Instalação e Montagem de Sistemas - Proteção Contra Incêndio (R$ 231.803,38)"
37115342000167-1-000005/2022,37115342000167-1-000005-2022.md,MINISTERIO DA INFRAESTRUTURA,Edital nº 00002/2022,Obras de implantação de iluminação viária na Av. Rio de Janeiro no interior do Porto do Rio de Janeiro.,39900803000022022000.zip,Edital RCE 02-2022.rar; RelacaoItens39900803000022022000.pdf,https://pncp.gov.br/pncp-api/v1/orgaos/37115342000167/compras/2022/5/arquivos/1,Ativo,"Instalação / Manutenção - Iluminação Travessia Urbana / Obrade Arte Especial (R$ 922.931,68)"
07000268000172-1-000028/2022,07000268000172-1-000028-2022.md,MUNICIPIO DE ACAILANDIA,Edital nº 009/2022/2022,"[Portal de Compras Públicas] - Registro de preços visando eventual contratação de pessoa jurídica para o desenvolvimento de Estudos de Viabilidade Técnica, Econômico-financeira e Jurídicos, incluindo Levantamentos, Investigações, Pesquisas, Soluções Tecnológicas e demais informações necessárias à realização de futura licitação para Concessão dos Serviços Públicos de Abastecimento de Água e Esgotamento Sanitário, incluindo: expansão, operação e manutenção dos Sistemas de Açailândia/MA, de interesse da Secretaria de Infraestrutura e Urbanismo.",ATO DE REVOGACAO.pdf,,https://pncp.gov.br/pncp-api/v1/orgaos/07000268000172/compras/2022/28/arquivos/2,Ativo,"Desenvolvimento de Estudos de Viabilidade Técnica, Econômico-financeira e Jurídicos, incluindo Levantamentos, Investigações, Pesquisas, Soluções Tecnológicas e demais informações necessárias à realização de futura licitação para Concessão dos Serviços Públicos de Abastecimento de Água e Esgotamento Sanitário, incluindo: expansão, operação e manutenção dos Sistemas de Açailândia/MA, de interesse da Secretaria de Infraestrutura e Urbanismo (R$ 1.080.000,00)"
07000268000172-1-000028/2022,07000268000172-1-000028-2022.md,MUNICIPIO DE ACAILANDIA,Edital nº 009/2022/2022,"[Portal de Compras Públicas] - Registro de preços visando eventual contratação de pessoa jurídica para o desenvolvimento de Estudos de Viabilidade Técnica, Econômico-financeira e Jurídicos, incluindo Levantamentos, Investigações, Pesquisas, Soluções Tecnológicas e demais informações necessárias à realização de futura licitação para Concessão dos Serviços Públicos de Abastecimento de Água e Esgotamento Sanitário, incluindo: expansão, operação e manutenção dos Sistemas de Açailândia/MA, de interesse da Secretaria de Infraestrutura e Urbanismo.",Edital de Licitac&#807,,https://pncp.gov.br/pncp-api/v1/orgaos/07000268000172/compras/2022/28/arquivos/1,Ativo,"Desenvolvimento de Estudos de Viabilidade Técnica, Econômico-financeira e Jurídicos, incluindo Levantamentos, Investigações, Pesquisas, Soluções Tecnológicas e demais informações necessárias à realização de futura licitação para Concessão dos Serviços Públicos de Abastecimento de Água e Esgotamento Sanitário, incluindo: expansão, operação e manutenção dos Sistemas de Açailândia/MA, de interesse da Secretaria de Infraestrutura e Urbanismo (R$ 1.080.000,00)"
07000268000172-1-000029/2022,07000268000172-1-000029-2022.md,MUNICIPIO DE ACAILANDIA,Edital nº 012/2022/2022,[Portal de Compras Públicas] - Seleção da proposta mais vantajosa para contratação de pessoa jurídica para a construção do Mercado Público Municipal da Vila Ildemar no município de Açailândia/MA.,Edital de Licitacao Concorrencia 012.2022.pdf,,https://pncp.gov.br/pncp-api/v1/orgaos/07000268000172/compras/2022/29/arquivos/1,Ativo,"Construção do Mercado Público Municipal da Vila Ildemar no município de Açailândia/MA, conforme quantitativos e descrição disposta no projeto básico e anexos do edital. (R$ 1.180.000,00)"
07000268000172-1-000031/2022,07000268000172-1-000031-2022.md,MUNICIPIO DE ACAILANDIA,Edital nº 008/2022/2022,[Portal de Compras Públicas] - Contratação de empresa especializada em serviços de terraplanagem para recuperação de estradas com revestimento primário do povoado de Córrego Novo ao Assentamento Santa Clara.,Edital de Licitacao RETIFICADO VICINAL CP 008.pdf,,https://pncp.gov.br/pncp-api/v1/orgaos/07000268000172/compras/2022/31/arquivos/1,Ativo,"Serviços de terraplanagem para recuperação de estradas com revestimento primário do povoado de Córrego Novo ao Assentamento Santa Clara, conforme especificações do projeto básico anexo ao edital. (R$ 3.070.951,61)"
07000268000172-1-000032/2022,07000268000172-1-000032-2022.md,MUNICIPIO DE ACAILANDIA,Edital nº 010/2022/2022,"[Portal de Compras Públicas] - Seleção da proposta mais vantajosa para contratação de empresa especializada em execução de serviços referentes à reforma das calçadas da rua Marly Sarney entre as avenidas Bernardo Sayão e Tácito de Caldas, conforme projeto básico anexo ao este edital.",Edital de Licitacao CP 010.22.pdf,,https://pncp.gov.br/pncp-api/v1/orgaos/07000268000172/compras/2022/32/arquivos/1,Ativo,"Reforma das calçadas da rua Marly Sarney entre as avenidas Bernardo Sayão e Tácito de Caldas, conforme projeto básico anexo ao edital (R$ 379.713,09)"
07000268000172-1-000033/2022,07000268000172-1-000033-2022.md,MUNICIPIO DE ACAILANDIA,Edital nº 013/2022/2022,Seleção da proposta mais vantajosa para contratação de pessoa jurídica para Construção do bloco administrativo da Prefeitura Municipal de Açailândia/MA,1669731208957-652003112-_-AVISO DE LICITACAO CP013.pdf,,https://pncp.gov.br/pncp-api/v1/orgaos/07000268000172/compras/2022/33/arquivos/1,Ativo,"Seleção da proposta mais vantajosa para contratação de pessoa jurídica para Construção do bloco administrativo da Prefeitura Municipal de Açailândia/MA (R$ 386.603,00)"
07000268000172-1-000033/2022,07000268000172-1-000033-2022.md,MUNICIPIO DE ACAILANDIA,Edital nº 013/2022/2022,Seleção da proposta mais vantajosa para contratação de pessoa jurídica para Construção do bloco administrativo da Prefeitura Municipal de Açailândia/MA,1669731393517-327379885-_-Edital de Licitacao CP 013.pdf,,https://pncp.gov.br/pncp-api/v1/orgaos/07000268000172/compras/2022/33/arquivos/2,Ativo,"Seleção da proposta mais vantajosa para contratação de pessoa jurídica para Construção do bloco administrativo da Prefeitura Municipal de Açailândia/MA (R$ 386.603,00)"
07000268000172-1-000034/2022,07000268000172-1-000034-2022.md,MUNICIPIO DE ACAILANDIA,Edital nº 013/2022/2022,"[Portal de Compras Públicas] - Seleção da proposta mais vantajosa para contratação de pessoa jurídica para construção do bloco administrativo da Prefeitura Municipal de Açailândia/MA, conforme projeto básico anexo ao edital.",Edital de Licitacao CP 013.pdf,,https://pncp.gov.br/pncp-api/v1/orgaos/07000268000172/compras/2022/34/arquivos/1,Ativo,"Construção do bloco administrativo da Prefeitura Municipal de Açailândia/MA, conforme projeto básico anexo ao edital (R$ 386.603,00)"
87896874000157-1-000010/2023,87896874000157-1-000010-2023.md,MUNICIPIO DE ALEGRETE,Edital nº 002/2023/2023,[Portal de Compras Públicas] - CONTRATAÇÃO DE EMPRESA PARA EXECUTAR A PAVIMENTAÇÃO DA RUA PAULO HOUAYEK – BAIRRO JARDIM PLANALTO.,CONCORRENCIA 002.2023 - 14.133 - PAVIMENTACAO RUA PAULO HOUYAEK - JARDIM PLANALTO - FINAL.pdf,,https://pncp.gov.br/pncp-api/v1/orgaos/87896874000157/compras/2023/10/arquivos/1,Ativo,"CONTRATAÇÃO DE EMPRESA PARA EXECUTAR A PAVIMENTAÇÃO DA RUA PAULO HOUAYEK – BAIRRO JARDIM PLANALTO. (R$ 127.744,42)"
87896874000157-1-000010/2023,87896874000157-1-000010-2023.md,MUNICIPIO DE ALEGRETE,Edital nº 002/2023/2023,[Portal de Compras Públicas] - CONTRATAÇÃO DE EMPRESA PARA EXECUTAR A PAVIMENTAÇÃO DA RUA PAULO HOUAYEK – BAIRRO JARDIM PLANALTO.,CONCORRENCIA 002.2023 - PAVIMENTACAO PAULO HOUAYEK.rar,,https://pncp.gov.br/pncp-api/v1/orgaos/87896874000157/compras/2023/10/arquivos/2,Ativo,"CONTRATAÇÃO DE EMPRESA PARA EXECUTAR A PAVIMENTAÇÃO DA RUA PAULO HOUAYEK – BAIRRO JARDIM PLANALTO. (R$ 127.744,42)"
92123926000192-1-000002/2023,92123926000192-1-000002-2023.md,MUNICIPIO DE ALTO FELIZ,Edital nº 1/2023,[Portal de Compras Públicas] - CONTRATAÇÃO DE EMPRESA PARA EXECUÇÃO DE PAVIMENTAÇÃO ASFÁLTICA (CBUQ) NA ESTRADA ARROIO JAGUAR (2.060M).,AtaTotal_234670.pdf,,https://pncp.gov.br/pncp-api/v1/orgaos/92123926000192/compras/2023/2/arquivos/2,Ativo,"CONTRATAÇÃO DE EMPRESA PARA EXECUÇÃO DE PAVIMENTAÇÃO ASFÁLTICA (CBUQ) NA ESTRADA ARROIO JAGUAR (2.060M). (R$ 2.571.328,38)"
92123926000192-1-000002/2023,92123926000192-1-000002-2023.md,MUNICIPIO DE ALTO FELIZ,Edital nº 1/2023,[Portal de Compras Públicas] - CONTRATAÇÃO DE EMPRESA PARA EXECUÇÃO DE PAVIMENTAÇÃO ASFÁLTICA (CBUQ) NA ESTRADA ARROIO JAGUAR (2.060M).,Prancha 12 - Projeto de Drenagem e Detalhamentos - Trecho 02.pdf,,https://pncp.gov.br/pncp-api/v1/orgaos/92123926000192/compras/2023/2/arquivos/1,Ativo,"CONTRATAÇÃO DE EMPRESA PARA EXECUÇÃO DE PAVIMENTAÇÃO ASFÁLTICA (CBUQ) NA ESTRADA ARROIO JAGUAR (2.060M). (R$ 2.571.328,38)"
92123926000192-1-000003/2023,92123926000192-1-000003-2023.md,MUNICIPIO DE ALTO FELIZ,Edital nº 1 | Processo 317/2023,CONTRATACAO DE EMPRESA PARA EXECUCAO DE PAVIMENTACAO ASFALTICA CBUQ NA ESTRADA ARROIO JAGUAR 2.060m,Prancha 09 - Projeto de Sinalizacao e Detalhamentos - Trecho 01.pdf,,https://pncp.gov.br/pncp-api/v1/orgaos/92123926000192/compras/2023/3/arquivos/3,Ativo,"CONTRATACAO DE EMPRESA PARA EXECUCAO DE PAVIMENTACAO ASFALTICA CBUQ NA ESTRADA ARROIO JAGUAR 2.060m (R$ 2.571.328,38)"
92123926000192-1-000003/2023,92123926000192-1-000003-2023.md,MUNICIPIO DE ALTO FELIZ,Edital nº 1 | Processo 317/2023,CONTRATACAO DE EMPRESA PARA EXECUCAO DE PAVIMENTACAO ASFALTICA CBUQ NA ESTRADA ARROIO JAGUAR 2.060m,Prancha 10 - Projeto de Sinalizacao e Detalhamentos - Trecho 02.pdf,,https://pncp.gov.br/pncp-api/v1/orgaos/92123926000192/compras/2023/3/arquivos/2,Ativo,"CONTRATACAO DE EMPRESA PARA EXECUCAO DE PAVIMENTACAO ASFALTICA CBUQ NA ESTRADA ARROIO JAGUAR 2.060m (R$ 2.571.328,38)"
92123926000192-1-000004/2023,92123926000192-1-000004-2023.md,MUNICIPIO DE ALTO FELIZ,Edital nº 2/2023,[Portal de Compras Públicas] - CONTRATAÇÃO DE EMPRESA PARA CERCAMENTO DA ESCOLA MUNICIPAL PADRE JOÃO BATISTA RULAND,AtaTotal_235008.pdf,,https://pncp.gov.br/pncp-api/v1/orgaos/92123926000192/compras/2023/4/arquivos/2,Ativo,"CONTRATAÇÃO DE EMPRESA PARA CERCAMENTO DA ESCOLA MUNICIPAL PADRE JOÃO BATISTA RULAN (R$ 154.293,48)"
92123926000192-1-000004/2023,92123926000192-1-000004-2023.md,MUNICIPIO DE ALTO FELIZ,Edital nº 2/2023,[Portal de Compras Públicas] - CONTRATAÇÃO DE EMPRESA PARA CERCAMENTO DA ESCOLA MUNICIPAL PADRE JOÃO BATISTA RULAND,PROJETO DE CERCAMENTO DA ESCOLA PE. JOAO BATISTA RULAND - ALTO FELIZ (3).pdf,,https://pncp.gov.br/pncp-api/v1/orgaos/92123926000192/compras/2023/4/arquivos/1,Ativo,"CONTRATAÇÃO DE EMPRESA PARA CERCAMENTO DA ESCOLA MUNICIPAL PADRE JOÃO BATISTA RULAN (R$ 154.293,48)"
92123926000192-1-000007/2023,92123926000192-1-000007-2023.md,MUNICIPIO DE ALTO FELIZ,Edital nº 3/2023,[Portal de Compras Públicas] - CONTRATAÇÃO DE EMPRESA PARA EXECUÇÃO DE OBRAS DE REVITALIZAÇÃO DA RUA JÚLIO DE CASTILHOS.,14-projeto-sinalizacao-2.pdf,,https://pncp.gov.br/pncp-api/v1/orgaos/92123926000192/compras/2023/7/arquivos/1,Ativo,"Lote 1 - Serviços Iniciais, Mobilização e Desmobilização, Pavimentação de Passeios, Trevo de Acesso, Terraplenagem, Pavimentação, Construção de Rótulas e acessos, Sinalização (R$ 626.499,67); Lote 2 - Serviços Iniciais, Terraplenagem e drenagem, Recuo de passeio com recolocação dos meio-fios, Pavimentação Asfáltica, Pavimentação das elevadas, Sinalização, Equipamentos e Mobiliário Urbano (R$ 378.808,71)"
13825484000150-1-000008/2023,13825484000150-1-000008-2023.md,MUNICIPIO DE AMARGOSA,Edital nº CPE-001-2023/2023,"[Portal de Compras Públicas] - Contratação de empresa de engenharia para execução de obras/serviços de CONSTRUÇÃO DA PRAÇA TROPICAL CENTER, NO MUNICÍPIO DE AMARGOSA/BAHIA, descritos no instrumento de projeto básico, com recursos do FINISA, através do menor preço global, empreitada por preço global.",CPE001_2023_ANEXOS.rar,,https://pncp.gov.br/pncp-api/v1/orgaos/13825484000150/compras/2023/8/arquivos/2,Ativo,"Lote 1 - CONSTRUÇÃO DA PRAÇA TROPICAL CENTER (R$ 245.464,70)"
13825484000150-1-000008/2023,13825484000150-1-000008-2023.md,MUNICIPIO DE AMARGOSA,Edital nº CPE-001-2023/2023,"[Portal de Compras Públicas] - Contratação de empresa de engenharia para execução de obras/serviços de CONSTRUÇÃO DA PRAÇA TROPICAL CENTER, NO MUNICÍPIO DE AMARGOSA/BAHIA, descritos no instrumento de projeto básico, com recursos do FINISA, através do menor preço global, empreitada por preço global.",CPE001_PRACA TROPICAL CENTER_FINISA_14133.pdf,,https://pncp.gov.br/pncp-api/v1/orgaos/13825484000150/compras/2023/8/arquivos/1,Ativo,"Lote 1 - CONSTRUÇÃO DA PRAÇA TROPICAL CENTER (R$ 245.464,70)"
01237403000111-1-000011/2023,01237403000111-1-000011-2023.md,MUNICIPIO DE ARAGUATINS,Edital nº 2023.001/2023,"[Portal de Compras Públicas] - CONTRATACAO DE EMPRESA ESPECIALIZADA PARA SERVICO DE ADEQUACAO DE ESTRADAS VICINAIS DO MUNICIPIO DE ARAGUATINS - TO, CONFORME CONVENIO N SICONV 910419/2021.",PARECER TECNICO 005_2023 a.pdf,,https://pncp.gov.br/pncp-api/v1/orgaos/01237403000111/compras/2023/11/arquivos/2,Ativo,"SERVICO DE ADEQUACAO DE ESTRADAS VICINAIS - CONVENIO N SICONV 910419/2021 (R$ 275.500,00)"
01237403000111-1-000011/2023,01237403000111-1-000011-2023.md,MUNICIPIO DE ARAGUATINS,Edital nº 2023.001/2023,"[Portal de Compras Públicas] - CONTRATACAO DE EMPRESA ESPECIALIZADA PARA SERVICO DE ADEQUACAO DE ESTRADAS VICINAIS DO MUNICIPIO DE ARAGUATINS - TO, CONFORME CONVENIO N SICONV 910419/2021.",TOPOGRAFIA CT. 910419-2021_ESTRADAS - ARAGUATINS REV.02a.pdf,,https://pncp.gov.br/pncp-api/v1/orgaos/01237403000111/compras/2023/11/arquivos/1,Ativo,"SERVICO DE ADEQUACAO DE ESTRADAS VICINAIS - CONVENIO N SICONV 910419/2021 (R$ 275.500,00)"
00007914000184-1-000006/2023,00007914000184-1-000006-2023.md,MUNICIPIO DE ARENOPOLIS,Edital nº 01/2023,"contratação de empresa especializada de engenharia para serviços de pavimentação, recapeamento e construção de calçadas no Município de Arenópolis-Go",Referncia_102022.xls,,https://pncp.gov.br/pncp-api/v1/orgaos/00007914000184/compras/2023/6/arquivos/1,Ativo,"contratação de empresa especializada de engenharia para serviços de pavimentação, recapeamento e construção de calçadas no Município de Arenópolis-Go (R$ 697.227,73)"
45279635000108-1-000131/2023,45279635000108-1-000131-2023.md,MUNICIPIO DE ATIBAIA,Edital nº 001/2023/2023,"[Portal de Compras Públicas] - CONTRATAÇÃO DE EMPRESA ESPECIALIZADA COM FORNECIMENTO DE MATERIAL E MÃO DE OBRA, PARA READEQUAÇÃO VIÁRIA E DO ESTACIONAMENTO DO COMPLEXO ESPORTIVO DO TRABALHADOR PROF. ANTONIO CARLOS LAUREANO – ATIBAIA/SP",AtaTotal_227043.pdf,,https://pncp.gov.br/pncp-api/v1/orgaos/45279635000108/compras/2023/131/arquivos/2,Ativo,"Lote 1 - OBRA 01 – PROF. ANTONIO CARLOS LAUREANO TIPO DE OBRAS: ESTACIONAMENTO DO COMPLEXO ESPORTIVO DO TRABALHADOR (R$ 635.418,71); Lote 1 - OBRA 02. READEQUAÇÃO VIÁRIA DA AL. PROF LUCAS NOGUEIRA GARCEZ X RUA MARIA AP. CHAMADOIRA LORIANO (R$ 113.931,43)"
45279635000108-1-000131/2023,45279635000108-1-000131-2023.md,MUNICIPIO DE ATIBAIA,Edital nº 001/2023/2023,"[Portal de Compras Públicas] - CONTRATAÇÃO DE EMPRESA ESPECIALIZADA COM FORNECIMENTO DE MATERIAL E MÃO DE OBRA, PARA READEQUAÇÃO VIÁRIA E DO ESTACIONAMENTO DO COMPLEXO ESPORTIVO DO TRABALHADOR PROF. ANTONIO CARLOS LAUREANO – ATIBAIA/SP",EDITAL CONSOLIDADO - CO 001-23 - PROCESSO 10.594-2023 - CONTRATACAO PARA A READEQUACAO VIARIA E DO ESTACIONAMENTO DO COMPLEXO ESPORTIVO - ATIBAIA - SP.pdf,,https://pncp.gov.br/pncp-api/v1/orgaos/45279635000108/compras/2023/131/arquivos/1,Ativo,"Lote 1 - OBRA 01 – PROF. ANTONIO CARLOS LAUREANO TIPO DE OBRAS: ESTACIONAMENTO DO COMPLEXO ESPORTIVO DO TRABALHADOR (R$ 635.418,71); Lote 1 - OBRA 02. READEQUAÇÃO VIÁRIA DA AL. PROF LUCAS NOGUEIRA GARCEZ X RUA MARIA AP. CHAMADOIRA LORIANO (R$ 113.931,43)"
45279635000108-1-000142/2023,45279635000108-1-000142-2023.md,MUNICIPIO DE ATIBAIA,Edital nº 002/2023/2023,"[Portal de Compras Públicas] - CONTRATAÇÃO DE EMPRESA ESPECIALIZADA, COM FORNECIMENTO DE MATERIAL E MÃO DE OBRA, DESTINADO AO RECAPEAMENTO ASFÁLTICO DE DIVERSAS RUAS DA CIDADE DE ATIBAIA-SP.",CO 002-23 - ATA DE ESCLARECIMENTO 2.pdf,,https://pncp.gov.br/pncp-api/v1/orgaos/45279635000108/compras/2023/142/arquivos/2,Ativo,"Lote 1 - CONTRATAÇÃO DE EMPRESA ESPECIALIZADA, COM FORNECIMENTO DE MATERIAL E MÃO DE OBRA, DESTINADO AO RECAPEAMENTO ASFÁLTICO DE DIVERSAS RUAS DA CIDADE DE ATIBAIA-SP. (R$ 6.976.629,85)"
45279635000108-1-000142/2023,45279635000108-1-000142-2023.md,MUNICIPIO DE ATIBAIA,Edital nº 002/2023/2023,"[Portal de Compras Públicas] - CONTRATAÇÃO DE EMPRESA ESPECIALIZADA, COM FORNECIMENTO DE MATERIAL E MÃO DE OBRA, DESTINADO AO RECAPEAMENTO ASFÁLTICO DE DIVERSAS RUAS DA CIDADE DE ATIBAIA-SP.",EDITAL - CO 002-23.pdf,,https://pncp.gov.br/pncp-api/v1/orgaos/45279635000108/compras/2023/142/arquivos/1,Ativo,"Lote 1 - CONTRATAÇÃO DE EMPRESA ESPECIALIZADA, COM FORNECIMENTO DE MATERIAL E MÃO DE OBRA, DESTINADO AO RECAPEAMENTO ASFÁLTICO DE DIVERSAS RUAS DA CIDADE DE ATIBAIA-SP. (R$ 6.976.629,85)"
45279635000108-1-000271/2023,45279635000108-1-000271-2023.md,MUNICIPIO DE ATIBAIA,Edital nº 005/2023/2023,"[Portal de Compras Públicas] - CONTRATAÇÃO DE EMPRESA ESPECIALIZADA, COM FORNECIMENTO DE MATERIAL E MÃO DE OBRA, PARA OBRA DE INFRAESTRUTURA E PAVIMENTAÇÃO ASFÁLTICA PL. TANQUE E SANTA HELENA - ATIBAIA, SP",anexo 03 - CO 005-23.pdf,,https://pncp.gov.br/pncp-api/v1/orgaos/45279635000108/compras/2023/271/arquivos/1,Ativo,"Obra de infraestrutura e pavimentação asfáltica nos bairros: Jardim Paraíso do Tanque, Jardim Planalto e Vila Santa Helena - Tanque - Atibaia/SP (R$ 5.355.190,44)"
45279635000108-1-000271/2023,45279635000108-1-000271-2023.md,MUNICIPIO DE ATIBAIA,Edital nº 005/2023/2023,"[Portal de Compras Públicas] - CONTRATAÇÃO DE EMPRESA ESPECIALIZADA, COM FORNECIMENTO DE MATERIAL E MÃO DE OBRA, PARA OBRA DE INFRAESTRUTURA E PAVIMENTAÇÃO ASFÁLTICA PL. TANQUE E SANTA HELENA - ATIBAIA, SP",AtaTotal_232614.pdf,,https://pncp.gov.br/pncp-api/v1/orgaos/45279635000108/compras/2023/271/arquivos/2,Ativo,"Obra de infraestrutura e pavimentação asfáltica nos bairros: Jardim Paraíso do Tanque, Jardim Planalto e Vila Santa Helena - Tanque - Atibaia/SP (R$ 5.355.190,44)"
45279635000108-1-000299/2023,45279635000108-1-000299-2023.md,MUNICIPIO DE ATIBAIA,Edital nº 003/2023/2023,"[Portal de Compras Públicas] - CONTRATAÇÃO DE EMPRESA ESPECIALIZADA, COM FORNECIMENTO DE MATERIAL E MÃO DE OBRA PARA A EXECUÇÃO DE OBRA DE INFRAESTRUTURA E PAVIMENTAÇÃO ASFÁLTICA NA AV. SANTANA E AV NOSSA SENHORA DO ROSÁRIO - ATIBAIA-SP",AtaTotal_230726.pdf,,https://pncp.gov.br/pncp-api/v1/orgaos/45279635000108/compras/2023/299/arquivos/2,Ativo,"Lote 1 - OBRA 1 – AV. NOSSA SENHORA DO ROSÁRIO– BAIRRO DO ROSÁRIO (R$ 115.012,43); Lote 1 - OBRA 2 – AV. SANTANA – BAIRRO ITAPETINGA – TRECHO 1 (R$ 131.344,87)"
45279635000108-1-000299/2023,45279635000108-1-000299-2023.md,MUNICIPIO DE ATIBAIA,Edital nº 003/2023/2023,"[Portal de Compras Públicas] - CONTRATAÇÃO DE EMPRESA ESPECIALIZADA, COM FORNECIMENTO DE MATERIAL E MÃO DE OBRA PARA A EXECUÇÃO DE OBRA DE INFRAESTRUTURA E PAVIMENTAÇÃO ASFÁLTICA NA AV. SANTANA E AV NOSSA SENHORA DO ROSÁRIO - ATIBAIA-SP",EDITAL - CO 003-23.pdf,,https://pncp.gov.br/pncp-api/v1/orgaos/45279635000108/compras/2023/299/arquivos/1,Ativo,"Lote 1 - OBRA 1 – AV. NOSSA SENHORA DO ROSÁRIO– BAIRRO DO ROSÁRIO (R$ 115.012,43); Lote 1 - OBRA 2 – AV. SANTANA – BAIRRO ITAPETINGA – TRECHO 1 (R$ 131.344,87)"
46634168000150-1-000054/2023,46634168000150-1-000054-2023.md,MUNICIPIO DE AVARE,Edital nº 006/2023,"Pavimentação asfáltica de duplicação das Avenidas Governador Mário Covas, Dr. Antônio Silvio Cunha Bueno e Rua Atílio Silvestre e complementação de galeria pluvial na Av. Dr. Antônio Silvio Cunha Bueno.",EDITAL_COMPLETO_CP_00623.pdf,,https://pncp.gov.br/pncp-api/v1/orgaos/46634168000150/compras/2023/54/arquivos/1,Ativo,"Contratação de empresa especializada com fornecimento de mão de obra, materiais, máquinas, equipamentos, e serviços para execução da PAVIMENTAÇÃO ASFÁLTICA DE DUPLICAÇÃO DAS AVENIDAS GOVERNADOR MARIO COVAS, DOUTOR ANTÔNIO SÍLVIO CUNHA BUENO E RUA ATÍLIO SILVESTRE E COMPLEMENTAÇÃO DE GALERIA PLUVIAL NA AV. DR. ANTÔNIO SILVIO CUNHA BUENO de acordo com os projetos, planilhas de custo, cronogramas físico-financeiro e memoriais descritivos, anexos. (R$ 3.486.011,42)"
46634168000150-1-000098/2023,46634168000150-1-000098-2023.md,MUNICIPIO DE AVARE,Edital nº 009/2023,"Contratação de empresa para fornecimento de materiais, máquinas, equipamentos e mão-de-obra para Revitalização e Acessibilidade do Campo São Pedro.",EDITAL_COMPLETO_DE_CP_00923.pdf,,https://pncp.gov.br/pncp-api/v1/orgaos/46634168000150/compras/2023/98/arquivos/1,Ativo,"Contratação de empresa para fornecimento de materiais, máquinas, equipamentos emão-de-obra para Revitalização e Acessibilidade do Campo São Pedro. (R$ 380.835,41)"
83102335000148-1-000004/2023,83102335000148-1-000004-2023.md,MUNICIPIO DE BALNEARIO DE PICARRAS,Edital nº 4/2023,CONTRATAÇÃO DE EMPRESA ESPECIALIZADA PARA A REURBANIZAÇÃO DA RUA 5000 - TRECHO 03 (ENTRE AS RUAS MARIA PINTO SANTANA E MANOEL FERREIRA) - BAIRRO NOSSA SENHORA DA PAZ.,/var/www/html/balneariopicarras.atende.net/temp/WCO/PNCP/Edital/edital_50_2023_6_documento.pdf,,https://pncp.gov.br/pncp-api/v1/orgaos/83102335000148/compras/2023/4/arquivos/1,Ativo,"REURBANIZAÇÃO DA RUA 5000 - TRECHO 03 (ENTRE AS RUAS MARIA PINTO SANTANA E MANOEL FERREIRA) - BAIRRO NOSSA SENHORA DA PAZ. (R$ 4.154.271,66)"
83102335000148-1-000005/2023,83102335000148-1-000005-2023.md,MUNICIPIO DE BALNEARIO DE PICARRAS,Edital nº 49/2023/2023,[Portal de Compras Públicas] - CONTRATAÇÃO DE EMPRESA ESPECIALIZADA PARA A REURBANIZAÇÃO DA RUA 5000 - TRECHO 03 (ENTRE AS RUAS MARIA PINTO SANTANA E MANOEL FERREIRA) - BAIRRO NOSSA SENHORA DA PAZ.,EDITAL20234.pdf,,https://pncp.gov.br/pncp-api/v1/orgaos/83102335000148/compras/2023/5/arquivos/1,Ativo,"REURBANIZAÇÃO DA RUA 5000 - TRECHO 03 (ENTRE AS RUAS MARIA PINTO SANTANA E MANOEL FERREIRA) - BAIRRO NOSSA SENHORA DA PAZ. (R$ 4.154.271,66)"
83102335000148-1-000005/2023,83102335000148-1-000005-2023.md,MUNICIPIO DE BALNEARIO DE PICARRAS,Edital nº 49/2023/2023,[Portal de Compras Públicas] - CONTRATAÇÃO DE EMPRESA ESPECIALIZADA PARA A REURBANIZAÇÃO DA RUA 5000 - TRECHO 03 (ENTRE AS RUAS MARIA PINTO SANTANA E MANOEL FERREIRA) - BAIRRO NOSSA SENHORA DA PAZ.,TERMO DE REFERENCIA.pdf,,https://pncp.gov.br/pncp-api/v1/orgaos/83102335000148/compras/2023/5/arquivos/2,Ativo,"REURBANIZAÇÃO DA RUA 5000 - TRECHO 03 (ENTRE AS RUAS MARIA PINTO SANTANA E MANOEL FERREIRA) - BAIRRO NOSSA SENHORA DA PAZ. (R$ 4.154.271,66)"
08002180000152-1-000006/2023,08002180000152-1-000006-2023.md,MUNICIPIO DE BARCELONA,Edital nº 001-2023/2023,[Portal de Compras Públicas] - Contratação de Empresa de Engenharia para Ampliação da Unidade Mista Maria Gomes da Rocha.,PCP.EDITAL - CE N 001-2023.pdf,,https://pncp.gov.br/pncp-api/v1/orgaos/08002180000152/compras/2023/6/arquivos/1,Ativo,"Contratação de Empresa de Engenharia para Ampliação da Unidade Mista Maria Gomes da Rocha. (R$ 668.583,94)"
10260222000105-1-000052/2025,10260222000105-1-000052-2025.md,MUNICIPIO DE BELO JARDIM,Ato que autoriza a Contratação Direta nº 55/2025,"Fornecimento, em caráter especial, de Almoços.",TR+ALMOCO+ASSINADO.pdf,,https://pncp.gov.br/pncp-api/v1/orgaos/10260222000105/compras/2025/52/arquivos/1,Ativo,"Fornecimento de Refeições / Lanches / Salgados / Doces Fornecimento de Refeições / Lanches / Salgados / Doces (R$ 2.900,07)"
83102343000194-1-000001/2023,83102343000194-1-000001-2023.md,MUNICIPIO DE BRUSQUE,Edital nº 1/2023,"CONTRATAÇÃO DE EMPRESA PARA EXECUÇÃO DAS OBRAS DE DRENAGEM NA BACIA POÇO FUNDO E 1o. DE MAIO, NO MUNICIPIO DE BRUSQUE/SC.",/var/www/html/brusque.atende.net/temp/WCO/PNCP/Edital/ART_Denis_Moresco.pdf,,https://pncp.gov.br/pncp-api/v1/orgaos/83102343000194/compras/2023/1/arquivos/2,Ativo,"SERVIÇOS DE ENGENHARIA PARA EXECUÇÃO DAS OBRAS DE DRENAGEM NA BACIA POÇO FUNDO E PRIMEIRO DE MAIO, LOCALIZADA NA CIDAE DE BRUSQUE/SC, CONTEMPLANDO FORNECIMENTO DE MÃO DE OBRA, MATERIAIS, EQUIPAMENTOS E OUTROS SERVIÇOS AFINS E CORRELATOS, CONFORME PROJETO BÁSICO, PLANILHA ORÇAMENTÁRIA, CRONOGRAMA FÍSICO-FINANCEIRO E MERORIAL DESCRITIVO. (R$ 16.774.376,87)"
83102343000194-1-000001/2023,83102343000194-1-000001-2023.md,MUNICIPIO DE BRUSQUE,Edital nº 1/2023,"CONTRATAÇÃO DE EMPRESA PARA EXECUÇÃO DAS OBRAS DE DRENAGEM NA BACIA POÇO FUNDO E 1o. DE MAIO, NO MUNICIPIO DE BRUSQUE/SC.",/var/www/html/brusque.atende.net/temp/WCO/PNCP/Edital/edital_41_2023_58_documento.pdf,,https://pncp.gov.br/pncp-api/v1/orgaos/83102343000194/compras/2023/1/arquivos/1,Ativo,"SERVIÇOS DE ENGENHARIA PARA EXECUÇÃO DAS OBRAS DE DRENAGEM NA BACIA POÇO FUNDO E PRIMEIRO DE MAIO, LOCALIZADA NA CIDAE DE BRUSQUE/SC, CONTEMPLANDO FORNECIMENTO DE MÃO DE OBRA, MATERIAIS, EQUIPAMENTOS E OUTROS SERVIÇOS AFINS E CORRELATOS, CONFORME PROJETO BÁSICO, PLANILHA ORÇAMENTÁRIA, CRONOGRAMA FÍSICO-FINANCEIRO E MERORIAL DESCRITIVO. (R$ 16.774.376,87)"
83102343000194-1-000002/2023,83102343000194-1-000002-2023.md,MUNICIPIO DE BRUSQUE,Edital nº 43/2023/2023,"[Portal de Compras Públicas] - CONTRATAÇÃO DE EMPRESA PARA EXECUÇÃO DAS OBRAS DE DRENAGEM NA BACIA POÇO FUNDO E 1o. DE MAIO, NO MUNICIPIO DE BRUSQUE/SC.",Cronograma Fisico Financeiro.pdf,,https://pncp.gov.br/pncp-api/v1/orgaos/83102343000194/compras/2023/2/arquivos/2,Ativo,"SERVIÇOS DE ENGENHARIA PARA EXECUÇÃO DAS OBRAS DE DRENAGEM NA BACIA POÇO FUNDO E PRIMEIRO DE MAIO, LOCALIZADA NA CIDAE DE BRUSQUE/SC, CONTEMPLANDO FORNECIMENTO DE MÃO DE OBRA, MATERIAIS, EQUIPAMENTOS E OUTROS SERVIÇOS AFINS E CORRELATOS, CONFORME PROJETO BÁSICO, PLANILHA ORÇAMENTÁRIA, CRONOGRAMA FÍSICO-FINANCEIRO E MERORIAL DESCRITIVO. (R$ 16.774.376,87)"
83102343000194-1-000002/2023,83102343000194-1-000002-2023.md,MUNICIPIO DE BRUSQUE,Edital nº 43/2023/2023,"[Portal de Compras Públicas] - CONTRATAÇÃO DE EMPRESA PARA EXECUÇÃO DAS OBRAS DE DRENAGEM NA BACIA POÇO FUNDO E 1o. DE MAIO, NO MUNICIPIO DE BRUSQUE/SC.",EDITAL20231.pdf,,https://pncp.gov.br/pncp-api/v1/orgaos/83102343000194/compras/2023/2/arquivos/1,Ativo,"SERVIÇOS DE ENGENHARIA PARA EXECUÇÃO DAS OBRAS DE DRENAGEM NA BACIA POÇO FUNDO E PRIMEIRO DE MAIO, LOCALIZADA NA CIDAE DE BRUSQUE/SC, CONTEMPLANDO FORNECIMENTO DE MÃO DE OBRA, MATERIAIS, EQUIPAMENTOS E OUTROS SERVIÇOS AFINS E CORRELATOS, CONFORME PROJETO BÁSICO, PLANILHA ORÇAMENTÁRIA, CRONOGRAMA FÍSICO-FINANCEIRO E MERORIAL DESCRITIVO. (R$ 16.774.376,87)"
83102343000194-1-000004/2023,83102343000194-1-000004-2023.md,MUNICIPIO DE BRUSQUE,Edital nº 2/2023,CONTRATAÇÃO DE EMPRESA PARA EXECUÇÃO DAS OBRAS DE DRENAGEM NA BACIA SÃO LEOPOLDO E SÃO PEDRO.,/var/www/html/brusque.atende.net/temp/WCO/PNCP/Edital/ETP_PAC_Sao_Leopoldo_rev00.pdf,,https://pncp.gov.br/pncp-api/v1/orgaos/83102343000194/compras/2023/4/arquivos/2,Ativo,"SERVIÇOS DE ENGENHARIA PARA EXECUÇÃO DAS OBRAS DE DRENAGEM NA BACIA SÃO LEOPOLDO E SÃO PEDRO, LOCALIZADA NA CIDADE DE BRUSQUE/SC, CONTEMPLANDO FORNECIMENTO DE MÃO DE OBRA, MATERIAIS, EQUIPAMENTOS E OUTROS SERVIÇOS AFINS E CORRELATOS CONFORME PROJETO BÁSICO, PLANILHA ORÇAMENTARIA, CRONOGRAMA FÍSICO-FINANCEIRO E MEMORIAL DESCRITIVO. (R$ 1.436.908,38)"
83102343000194-1-000004/2023,83102343000194-1-000004-2023.md,MUNICIPIO DE BRUSQUE,Edital nº 2/2023,CONTRATAÇÃO DE EMPRESA PARA EXECUÇÃO DAS OBRAS DE DRENAGEM NA BACIA SÃO LEOPOLDO E SÃO PEDRO.,/var/www/html/brusque.atende.net/temp/WCO/PNCP/Editaledital_44_2023_58_documento.pdf,,https://pncp.gov.br/pncp-api/v1/orgaos/83102343000194/compras/2023/4/arquivos/1,Ativo,"SERVIÇOS DE ENGENHARIA PARA EXECUÇÃO DAS OBRAS DE DRENAGEM NA BACIA SÃO LEOPOLDO E SÃO PEDRO, LOCALIZADA NA CIDADE DE BRUSQUE/SC, CONTEMPLANDO FORNECIMENTO DE MÃO DE OBRA, MATERIAIS, EQUIPAMENTOS E OUTROS SERVIÇOS AFINS E CORRELATOS CONFORME PROJETO BÁSICO, PLANILHA ORÇAMENTARIA, CRONOGRAMA FÍSICO-FINANCEIRO E MEMORIAL DESCRITIVO. (R$ 1.436.908,38)"
18302299000102-1-000092/2025,18302299000102-1-000092-2025.md,MUNICIPIO DE CAETE,Edital nº 8 | Processo 112/2025,Registro de preco para futura e eventuais aquisicoes de materiais e expediente para atendimento as Secretarias pelo periodo de 12 doze meses.,PE+no+008+SRP+008+Material+de+Expediente.pdf,,https://pncp.gov.br/pncp-api/v1/orgaos/18302299000102/compras/2025/92/arquivos/1,Ativo,"Agulha de mao para costura n 9 envelope com 20 unidades. (R$ 34,10); Linha 100 poliester para costura resistente cone 150 jardas cores a ser definidas na entrega. (R$ 390,30)"
83102384000180-1-000048/2023,83102384000180-1-000048-2023.md,MUNICIPIO DE CANOINHAS,Edital nº PMC 01/2023,"CONTRATAÇÃO DE EMPRESA ESPECIALIZADA DE ENGENHARIA PARA SERVIÇOS CONTÍNUOS DE MANUTENÇÃO DE ILUMINAÇÃO PÚBLICA DO MUNICÍPIO DE CANOINHAS-SC, COM O FORNECIMENTO DE TODO O MATERIAL E MÃO DE OBRA NECESSÁRIA.",Alterao_Edital_CC_PMC_01.20231.pdf,,https://pncp.gov.br/pncp-api/v1/orgaos/83102384000180/compras/2023/48/arquivos/1,Ativo,"CONTRATAÇÃO DE EMPRESA ESPECIALIZADA DE ENGENHARIA PARA SERVIÇOS CONTÍNUOS DE MANUTENÇÃO DE ILUMINAÇÃO PÚBLICA DO MUNICÍPIO DE CANOINHAS-SC COM FORNECIMENTO DE MATERIAIS E MÃO DE OBRA. (R$ 1.007.483.580,00)"
83102384000180-1-000071/2023,83102384000180-1-000071-2023.md,MUNICIPIO DE CANOINHAS,Edital nº PMC 08/2023,"CONTRATAÇÃO DE EMPRESA DE ENGENHARIA ESPECIALIZADA PARA EXECUÇÃO DE MANUTENÇÃO DE VIAS URBANAS PAVIMENTADAS, COM OPERAÇÃO TAPA BURACO, COM FORNECIMENTO DE MASSA ASFÁLTICA USINADA A QUENTE (CBUQ), PINTURA DE LIGAÇÃO, IMPRIMAÇÃO E MÃO DE OBRA NECESSÁRIA.",Edital_CC_PMC_08.2023.pdf,,https://pncp.gov.br/pncp-api/v1/orgaos/83102384000180/compras/2023/71/arquivos/1,Ativo,"EXECUÇÃO DE PINTURA DE LIGAÇÃO COM EMULSÃO ASFÁLTICA RR-2C (R$ 26.471,52); EXECUÇÃO DE IMPRIMAÇÃO COM ASFALTO DILUÍDO CM- 30 (R$ 77.137,44)"
01614158000114-1-000002/2022,01614158000114-1-000002-2022.md,MUNICIPIO DE CARAA,Edital nº 01/2022/2022,[Portal de Compras Públicas] - Contratação de empresa para fornecimento de materiais e mão-de-obra para construção de ponte na localidade de Alto Caraá nas proximidades do santuário Nossa Senhora das Lágrimas,01_Topografico_Projeto da Ponte Sanga N.S.das Lagrimas em Caraa_COORD.pdf,,https://pncp.gov.br/pncp-api/v1/orgaos/01614158000114/compras/2022/2/arquivos/1,Ativo,"Fornecimento de material e mão de obra para construção de ponte em Alto Caraá conforme edital (R$ 701.735,98)"
01614158000114-1-000006/2022,01614158000114-1-000006-2022.md,MUNICIPIO DE CARAA,Edital nº 03/2022/2022,[Portal de Compras Públicas] - Contratação de empresa para fornecimento de material e mão de obra para execução de transposição de galerias de concreto armado na localidade de Caraá Central conforme edital.,Edital de Concorrencia Eletronica n 03-2022 - Transposicao Caraa Central.pdf,,https://pncp.gov.br/pncp-api/v1/orgaos/01614158000114/compras/2022/6/arquivos/1,Ativo,"Fornecimento de material e mão de obra para execução de transposição com galerias de concreto armado na localidade de Caraá Central conforme edital (R$ 98.844,83)"
01614158000114-1-000007/2022,01614158000114-1-000007-2022.md,MUNICIPIO DE CARAA,Edital nº 02/2022/2022,"[Portal de Compras Públicas] - Contratação de empresa para fornecimento de materiais e mão-de-obra para realização de reforma no piso do Ginásio Poliesportivo Profº.Jorge Von Saltiel, ao lado da Escola Marçal Ramos conforme edital.",AtaTotal_191023.pdf,,https://pncp.gov.br/pncp-api/v1/orgaos/01614158000114/compras/2022/7/arquivos/2,Ativo,"Fornecimento de material e mão de obra para reforma do piso do Ginásio Arno Von Saltiel conforme edital (R$ 55.124,87)"
01614158000114-1-000007/2022,01614158000114-1-000007-2022.md,MUNICIPIO DE CARAA,Edital nº 02/2022/2022,"[Portal de Compras Públicas] - Contratação de empresa para fornecimento de materiais e mão-de-obra para realização de reforma no piso do Ginásio Poliesportivo Profº.Jorge Von Saltiel, ao lado da Escola Marçal Ramos conforme edital.",Edital de Concorrencia Eletronica n 02-2022 - Piso Marcal Ramos .pdf,,https://pncp.gov.br/pncp-api/v1/orgaos/01614158000114/compras/2022/7/arquivos/1,Ativo,"Fornecimento de material e mão de obra para reforma do piso do Ginásio Arno Von Saltiel conforme edital (R$ 55.124,87)"
01614158000114-1-000012/2022,01614158000114-1-000012-2022.md,MUNICIPIO DE CARAA,Edital nº 04/2022/2022,[Portal de Compras Públicas] - Contratação de empresa para execução de pavimentação do trecho 3 da Avenida Arno von Saltiel conforme projetos técnicos em anexo.,AtaTotal_192973.pdf,,https://pncp.gov.br/pncp-api/v1/orgaos/01614158000114/compras/2022/12/arquivos/2,Ativo,"contratação de empresa com fornecimento de material e mão de obra para execução de pavimentação, do trecho 3 da Avenida Arno von Saltiel conforme projetos técnicos em anexo. (R$ 529.386,68)"
01614158000114-1-000012/2022,01614158000114-1-000012-2022.md,MUNICIPIO DE CARAA,Edital nº 04/2022/2022,[Portal de Compras Públicas] - Contratação de empresa para execução de pavimentação do trecho 3 da Avenida Arno von Saltiel conforme projetos técnicos em anexo.,Edital Concorrencia Eletronica n 04-2022 - Pavimentacao Arno von Saltiel trecho 3 .pdf,,https://pncp.gov.br/pncp-api/v1/orgaos/01614158000114/compras/2022/12/arquivos/1,Ativo,"contratação de empresa com fornecimento de material e mão de obra para execução de pavimentação, do trecho 3 da Avenida Arno von Saltiel conforme projetos técnicos em anexo. (R$ 529.386,68)"
01614158000114-1-000017/2022,01614158000114-1-000017-2022.md,MUNICIPIO DE CARAA,Edital nº 05/2022/2022,[Portal de Compras Públicas] - Fornecimento de material e mão de obra para construção de ponte sobre o Arroio Caraá/Nossa Sra das Lágrimas conforme edital,Edital de Concorrencia Eletronica n 05-2022 - Ponte sobre Arroio Alto Caraa.pdf,,https://pncp.gov.br/pncp-api/v1/orgaos/01614158000114/compras/2022/17/arquivos/1,Ativo,"Contratação de empresa para fornecimento de material e mão de obra para construção de ponte sobre o Arroio Caraá/ Nossa Sra das Lágrimas conforme edital. (R$ 972.542,37)"
01614158000114-1-000019/2022,01614158000114-1-000019-2022.md,MUNICIPIO DE CARAA,Edital nº 06/2022/2022,[Portal de Compras Públicas] - Fornecimento de material e mão de obra para construção de ponte sobre o Arroio Caraá/Nossa Sra das Lágrimas conforme edital,Edital de Concorrencia Eletronica n 06-2022 - Ponte sobre Arroio Alto Caraa.pdf,,https://pncp.gov.br/pncp-api/v1/orgaos/01614158000114/compras/2022/19/arquivos/1,Ativo,"Contratação de empresa para fornecimento de material e mão de obra para construção de ponte sobre o Arroio Caraá/ Nossa Sra das Lágrimas conforme edital. (R$ 972.542,37)"
01614158000114-1-000022/2022,01614158000114-1-000022-2022.md,MUNICIPIO DE CARAA,Edital nº 07/2022/2022,[Portal de Compras Públicas] - Contratação de empresa para execução de transposição com galerias de concreto armado na localidade de Caraá Central conforme edital.,Edital de Concorrencia Eletronica n 07-2022 - Transposicao Caraa Central.pdf,,https://pncp.gov.br/pncp-api/v1/orgaos/01614158000114/compras/2022/22/arquivos/1,Ativo,"Fornecimento de material e mão de obra para transposição com galerias de concreto armado na localidade de Caraá Central conforme edital (R$ 126.490,57)"
08924003000123-1-000001/2023,08924003000123-1-000001-2023.md,MUNICIPIO DE CARRAPATEIRA,Edital nº CR 00001/2023/2023,"[Portal de Compras Públicas] - CONTRATAÇÃO DE EMPRESA PARA EXECUÇÃO DOS SERVIÇOS DE ENGENHARIA REFERENTE A CONSTRUÇÃO DO CRAS NO MUNICIPIO DE CARRAPATEIRA PB, CONFORME CONVENIO Nº 914099 CELEBRADO ENTRE O MINISTERIO DA CIDADANIA E O MUNICIPIO DE CARRAPATEIRA – PB",PROJETO BASICO +PLANILHAS ORCAMENTARIAS.pdf,,https://pncp.gov.br/pncp-api/v1/orgaos/08924003000123/compras/2023/1/arquivos/2,Ativo,"CONTRATAÇÃO DE EMPRESA PARA EXECUÇÃO DOS SERVIÇOS DE ENGENHARIA REFERENTE A CONSTRUÇÃO DO CRAS NO MUNICIPIO DE CARRAPATEIRA PB, CONFORME CONVENIO Nº 914099 CELEBRADO ENTRE O MINISTERIO DA CIDADANIA E O MUNICIPIO DE CARRAPATEIRA – PB. (R$ 450.740,76)"
08924003000123-1-000001/2023,08924003000123-1-000001-2023.md,MUNICIPIO DE CARRAPATEIRA,Edital nº CR 00001/2023/2023,"[Portal de Compras Públicas] - CONTRATAÇÃO DE EMPRESA PARA EXECUÇÃO DOS SERVIÇOS DE ENGENHARIA REFERENTE A CONSTRUÇÃO DO CRAS NO MUNICIPIO DE CARRAPATEIRA PB, CONFORME CONVENIO Nº 914099 CELEBRADO ENTRE O MINISTERIO DA CIDADANIA E O MUNICIPIO DE CARRAPATEIRA – PB","RECIBO, Imprensa Nacional - recibo de recebimento de oficio.pdf",,https://pncp.gov.br/pncp-api/v1/orgaos/08924003000123/compras/2023/1/arquivos/1,Ativo,"CONTRATAÇÃO DE EMPRESA PARA EXECUÇÃO DOS SERVIÇOS DE ENGENHARIA REFERENTE A CONSTRUÇÃO DO CRAS NO MUNICIPIO DE CARRAPATEIRA PB, CONFORME CONVENIO Nº 914099 CELEBRADO ENTRE O MINISTERIO DA CIDADANIA E O MUNICIPIO DE CARRAPATEIRA – PB. (R$ 450.740,76)"
15023930000138-1-000081/2025,15023930000138-1-000081-2025.md,MUNICIPIO DE COLIDER,Edital nº 021/2025,[Portal de Compras Públicas] - Registro de Preço para Futura e Eventual Aquisição de Materiais de Expediente para Atender as Demandas das Diversas Secretarias do Município de Colider/MT,8+-+EDITAL+DE+LICITACAO+-+PE+021-2025+-+PDF.pdf,,https://pncp.gov.br/pncp-api/v1/orgaos/15023930000138/compras/2025/81/arquivos/1,Ativo,"AGENDA ANO DE 2025 - Especificações Técnicas Mínimas: capa dura revestida em material sintético ou papelão rígido, encadernação costurada e colada (sem arame), aproximadamente 365 páginas, impressão offset em papel off-white ou branco 75g/m² a 90g/m², cor preta ou bicromia, espaço para anotações diárias, planejamento mensal e anual, calendário anual, feriados nacionais, marcador de página em fita de cetim, cantos arredondados, acabamento lombada reta ou redonda, dimensões aproximada: : 15 cm x 21 cm. (R$ 12.093,00); AGENDA DIÁRIA CAPA DURA 2025 - Especificações Técnicas Mínimas: encadernação colado ou costurada, capa dura, revestimento em material sintético resistente, papel offset branco, gramatura mínima de 63 g/m², impressão em preto, páginas datadas de 01 de janeiro à 31 de dezembro, fita de marcação de páginas, dimensões aproximadas: 14 cm x 20 cm. (R$ 1.697,60)"
15023930000138-1-000081/2025,15023930000138-1-000081-2025.md,MUNICIPIO DE COLIDER,Edital nº 021/2025,[Portal de Compras Públicas] - Registro de Preço para Futura e Eventual Aquisição de Materiais de Expediente para Atender as Demandas das Diversas Secretarias do Município de Colider/MT,PARECER+JURIDICO+-+IMPUGNACAO+PE+021-2025+-+MULTI+QUADROS.pdf,,https://pncp.gov.br/pncp-api/v1/orgaos/15023930000138/compras/2025/81/arquivos/2,Ativo,"AGENDA ANO DE 2025 - Especificações Técnicas Mínimas: capa dura revestida em material sintético ou papelão rígido, encadernação costurada e colada (sem arame), aproximadamente 365 páginas, impressão offset em papel off-white ou branco 75g/m² a 90g/m², cor preta ou bicromia, espaço para anotações diárias, planejamento mensal e anual, calendário anual, feriados nacionais, marcador de página em fita de cetim, cantos arredondados, acabamento lombada reta ou redonda, dimensões aproximada: : 15 cm x 21 cm. (R$ 12.093,00); AGENDA DIÁRIA CAPA DURA 2025 - Especificações Técnicas Mínimas: encadernação colado ou costurada, capa dura, revestimento em material sintético resistente, papel offset branco, gramatura mínima de 63 g/m², impressão em preto, páginas datadas de 01 de janeiro à 31 de dezembro, fita de marcação de páginas, dimensões aproximadas: 14 cm x 20 cm. (R$ 1.697,60)"
14222574000119-1-000001/2023,14222574000119-1-000001-2023.md,MUNICIPIO DE CONCEICAO DO JACUIPE,Edital nº 001/2023,"[LICITANET] - Contratação de empresa de engenharia para execução de obras/serviços de pavimentação em paralelepípedo e drenagem superficial de diversas ruas e logradouros deste Município, conforme projeto básico.",edital_de_concorrencia_eletronica_n_0012023_1680014058.pdf,,https://pncp.gov.br/pncp-api/v1/orgaos/14222574000119/compras/2023/1/arquivos/1,Ativo,"Drenagem e Pavimentação em Paralelepípedo da 2ª Travessa Saturnino Mendes (R$ 496.797,31); Drenagem e Recuperação da Pavimentação em paralelepípedo da Rua Teodoro Sampaio - Guedes (R$ 2.411.929,62)"
14222574000119-1-000001/2023,14222574000119-1-000001-2023.md,MUNICIPIO DE CONCEICAO DO JACUIPE,Edital nº 001/2023,"[LICITANET] - Contratação de empresa de engenharia para execução de obras/serviços de pavimentação em paralelepípedo e drenagem superficial de diversas ruas e logradouros deste Município, conforme projeto básico.",planilhas_concorrencia_001_2023_conceicao_do_jacuipe_ba_1680014058.zip,"PLANILHAS CONCORRENCIA 001.2023- CONCEICAO DO JACUIPE-BA/lote 01- Orc. -Pav, dren, 2ª Trav Saturnino Mendes - Bairro Caicara.pdf; PLANILHAS CONCORRENCIA 001.2023- CONCEICAO DO JACUIPE-BA/LOTE 10 Orc. da Pav. com drenagem do Lot Horto Alfredo Venceslau - Bairro Nova Brasília.pdf; PLANILHAS CONCORRENCIA 001.2023- CONCEICAO DO JACUIPE-BA/LOTE 11 Orc. da Pav. da 1ª, 2ª, 3ª e 4ª Travessa da Rua da Clarinha - Distrito do Picado.pdf; PLANILHAS CONCORRENCIA 001.2023- CONCEICAO DO JACUIPE-BA/LOTE 12 Orc. da Pav. do Lot. Parque Boaventura - Bairro Nova Brasília.pdf; PLANILHAS CONCORRENCIA 001.2023- CONCEICAO DO JACUIPE-BA/lote 2- .Orc. da Drenagem com rec da Pav. na Rua Teodoro Sampaio - Bairro Guedes.pdf; PLANILHAS CONCORRENCIA 001.2023- CONCEICAO DO JACUIPE-BA/lote 3-.Orc. da Pav. com drenagem em diversas ruas do Guedes - Bairro Guedes.pdf; PLANILHAS CONCORRENCIA 001.2023- CONCEICAO DO JACUIPE-BA/lote 4-.Orc. da Pav. e dren prolong Av. Berimbau - Bairro Baldez.pdf; PLANILHAS CONCORRENCIA 001.2023- CONCEICAO DO JACUIPE-BA/LOTE 5 Orc. da Pav. dren do Lot ╡gua Branca -Bairro Centro.pdf; PLANILHAS CONCORRENCIA 001.2023- CONCEICAO DO JACUIPE-BA/LOTE 6 Orc. da Pav. com drenagem em diversas ruas da Tribu - Bairro Tribu.pdf; PLANILHAS CONCORRENCIA 001.2023- CONCEICAO DO JACUIPE-BA/LOTE 7. Orc. da Pav. da Rua Bacildes Azevedo Moraes - Bairro Centro.pdf; PLANILHAS CONCORRENCIA 001.2023- CONCEICAO DO JACUIPE-BA/LOTE 8 .Orc. da Pav. com drenagem do Lot Horto Berimbau - Bairro Nova Brasília.pdf; PLANILHAS CONCORRENCIA 001.2023- CONCEICAO DO JACUIPE-BA/LOTE 9 Orc. da Drenagem da Trav Cancara com recuperaç╞o da pavimentaç╞o - bairro do Baldez.pdf; PLANILHAS CONCORRENCIA 001.2023- CONCEICAO DO JACUIPE-BA/Resumo das ruas a serem pavimentadas em Conceiç╞o do Jacuípe.pdf",https://pncp.gov.br/pncp-api/v1/orgaos/14222574000119/compras/2023/1/arquivos/2,Ativo,"Drenagem e Pavimentação em Paralelepípedo da 2ª Travessa Saturnino Mendes (R$ 496.797,31); Drenagem e Recuperação da Pavimentação em paralelepípedo da Rua Teodoro Sampaio - Guedes (R$ 2.411.929,62)"
88775390000112-1-000008/2023,88775390000112-1-000008-2023.md,MUNICIPIO DE CRUZ ALTA,Edital nº 013/2023,"Contratação de empresa especializada, no regime de empreitada por preço global, para execução da obra de pavimentação de vias urbanas: Rua Procópio Gomes (trechos 1,2,3) em lote único.",013.EDITAL_DE_CONCORRENCIA_ELETRONICA_N.BA_013.2023__PAVIMENTACAO_URBANA__PROCOPIO_GOMES_assinado_assinado_assinado.pdf,,https://pncp.gov.br/pncp-api/v1/orgaos/88775390000112/compras/2023/8/arquivos/1,Ativo,"Contratação de empresa especializada para execução da obra de pavimentação asfáltica de vias urbanas, Rua Procópio Gomes (trecho 1) (R$ 249.241,55); Contratação de empresa especializada para execução da obra de pavimentação de vias urbanas, Rua Procópio Gomes (trecho 2), conforme Termo de Referência. (R$ 181.348,43)"
88775390000112-1-000013/2023,88775390000112-1-000013-2023.md,MUNICIPIO DE CRUZ ALTA,Edital nº 873/2023,OBRA DE CONSTRUÇÃO DE UM PORTAL NO MUNICIPIO DE CRUZ ALTA,873.EDITAL_DE_CONCORRENCIA_ELETRONICA_N.BA_873.2022__CONSTRUCAO_DO_PORTICO.docx_29_assinado_assinado_assinado.pdf,,https://pncp.gov.br/pncp-api/v1/orgaos/88775390000112/compras/2023/13/arquivos/1,Ativo,"CONTRATAÇÃO DE EMPRESA ESPECIALIZADA POR EMPREITADA GLOBAL (MATERIAL E MÃO DE OBRA) PARA EXECUÇÃO DA OBRA DE CONSTRUÇÃO DE UM PORTAL NO MUNICÍPIO DE CRUZ ALTARS, CONFORME PROJETO E DEMAIS DOCUMENTOS TÉCNICOS. (R$ 579.010,81)"
88775390000112-1-000026/2023,88775390000112-1-000026-2023.md,MUNICIPIO DE CRUZ ALTA,Edital nº 049/2023,"CONTRATAÇÃO DE EMPRESA ESPECIALIZADA, PARA ELABORAÇÃO DE PROJETO EXECUTIVO DE ENGENHARIA DE OBRA DE ARTE ESPECIAL SOBRE O VIADUTO LOCALIZADO NA RODOVIA ERS-342, SOBRE LINHA FÉRREA, PRÓXIMO À INTERSECÇÃO COM A AVENIDA LUCIANO FURIAN, NO MUNICÍPIO DE CRUZ ALTA-RS",049.edital_de_concorrencia_eletronica_n.ba_049.2023__contratacao_de_projeto_de_engenharia_oae__viaduto_ers342_assinado_assinado.pdf,,https://pncp.gov.br/pncp-api/v1/orgaos/88775390000112/compras/2023/26/arquivos/1,Ativo,"Contratação de empresa especializada para elaboração de projeto executivo de engenharia de obra de arte especial sobre o viaduto localizado na rodovia ERS-342, sobre linha férrea,.... (R$ 281.756,59)"
88775390000112-1-000050/2023,88775390000112-1-000050-2023.md,MUNICIPIO DE CRUZ ALTA,Edital nº 064/2023,"CONTRATAÇÃO DE EMPRESA ESPECIALIZADA, NO REGIME DE EMPREITADA GLOBAL, PARA EXECUÇÃO DE OBRA DE PAVIMENTAÇÃO DE VIAS URBANAS - RUA PROCÓPIO GOMES (TRECHOS 1, 2 e 3)",064.edital_de_concorrencia_eletronica_n.ba_064.2023__pavimentacao_urbana__procopio_gomes.docx_29_assinado_assinado_29_29_assinado.pdf,,https://pncp.gov.br/pncp-api/v1/orgaos/88775390000112/compras/2023/50/arquivos/1,Ativo,"Contratação de empresa especializada para execução da obra de engenharia de pavimentação asfáltica de vias urbanas - Rua Procópio Gomes trechos 1, 2 e 3, de acordo com o disciplinado no edital e em seus anexos. (R$ 696.791,32)"
88775390000112-1-000077/2023,88775390000112-1-000077-2023.md,MUNICIPIO DE CRUZ ALTA,Edital nº 64/2023,"A referente requisição se faz necessária para contratação de empresa especializa em empreitada global (material + mão de obra) para execução da obra de pavimentação em vias urbanas no Município de Cruz Alta ( Rua Procópio Gomes trechos, 1,2 e 3), conforme projetos e demais documentos técnicos. Destacamos que tal contratação está vinculada a recurso federal identificado pelos nºs dos contratos de repasse 922177/2021 trecho 1 e 911990/2021 trecho 3, firmado com o MINISTÉRIO DO DESENVILVIEMNTO REGINAL ATRAVÉS DA MANDATÁRIA DA UNIÃO CAIXA ECONÔMICA FEDERAL, conforme contratos de repasse em anexo e deve respeitar todas as diretrizes da Portaria Interministerial 424/2016. Com Licitação R$ 5.504.376,04 Sem Licitação R$ 0,00",/var/www/html/cruzalta.atende.net/temp/WCO/PNCP/Edital/edital_64_2023_2436_documento.pdf,,https://pncp.gov.br/pncp-api/v1/orgaos/88775390000112/compras/2023/77/arquivos/1,Ativo,"CONTRATAÇÃO DE EMPRESA ESPECIALIZADA, NO REGIME DE EMPREITADA POR PREÇO GLOBAL, (MATERIAL + MÃO DE OBRA ) PARA EXECUÇÃO DE OBRA DE PAVIMENTAÇÃO EM VIAS URBANAS: RUA PROCÓPIO GOMES (TRECHO 1) ENTRE RUAS DR.WAUTHIER E RUA ALBERTO SANTOS DUMONT, CONFORME PROJETO EM ANEXO. CONTRATO DE REPASSE N°922177/2021/MDR (R$ 249.241,55); CONTRATAÇÃO DE EMPRESA ESPECIALIZADA, NO REGIME DE EMPREITADA POR PREÇO GLOBAL (MATERIAL + MÃO DE OBRA), PARA EXECUÇÃO DE OBRA DE PAVIMENTAÇÃO EM VIAS URBANAS: RUA PROCÓPIO GOMES (TRECHO 2) ENTRE RUAS PN FERROVIA E RUA ALBERTO SANTOS DUMONT, CONFORME PROJETO EM ANEXO. (R$ 181.348,43)"
88775390000112-1-000082/2022,88775390000112-1-000082-2022.md,MUNICIPIO DE CRUZ ALTA,Edital nº 873/2022,"Ao cumprimentá-los, encaminhamos solicitação de abertura de processo licitatório através de requisição de compras para Contratação de empresa especializada por empreitada global (material e mão de obra) para execução da obra de Construção de um Portal no município de CruzAlta-RS, conforme projeto e demais documentos técnicos.Destacamos que a compra destes itens está vinculada a recurso federal identificado pelos no do Contrato de Repasse 914505/2021 - Construção de um Portal no município de Cruz Alta-RS firmado com o Ministério do Turismo através da mandatária da União Caixa Econômica Federal conforme Contratos de Repasse em anexo e deve respeitar todas as diretrizes da Portaria Interministerial 424/2016.A justificativa para a aquisição, é a seguinte:&#8220;Revitalizar e transformar o principal acesso da cidade de Cruz Alta (28°38'47.52''S 53°34'40.96''W), importante Município do estado do Rio Grande do Sul que completa 200 anos de emancipação em agosto de 2021. Portanto, esse projeto urbanístico de construção de um Portal visa proporcionar uma maior receptividade à entrada da cidade, dando destaque com elementos turísticos destacando também as identidades do município, deixando mais atrativa para os munícipes, visitantes e turistas. &#8221;A justificativa acima consta no Plano de Trabalho cadastrado na Plataforma +Brasil.O projeto foi cadastrado através do Programa no 5400020210002 - APOIO A PROJETOS DE INFRAESTRUTURA TURÍSTICA - CONTRATO DE REPASSE - EMENDA INDIVIDUAL - RP6 do governo federal. Sugere-se, em virtude na natureza da contratação a modalidade de licitação concorrênciapela lei 14.133/2021. VALORES GASTOS NO PRESENTE SUBELEMENTO COM LICITAÇÃO R$31.697.810,10 / SEM LICITAÇÃO R$204.310,62",/var/www/html/cruzalta.atende.net/temp/WCO/PNCP/Edital/edital_873_2022_2436_documento.pdf,,https://pncp.gov.br/pncp-api/v1/orgaos/88775390000112/compras/2022/82/arquivos/1,Ativo,"CONTRATAÇÃO DE EMPRESA ESPECIALIZADA POR EMPREITADA GLOBAL (MATERIAL E MÃO DE OBRA) PARA EXECUÇÃO DA OBRA DE CONSTRUÇÃO DE UM PORTAL NO MUNICÍPIO DE CRUZ ALTA-RS, CONFORME PROJETO E DEMAIS DOCUMENTOS TÉCNICOS. (R$ 579.010,81)"
88775390000112-1-000083/2022,88775390000112-1-000083-2022.md,MUNICIPIO DE CRUZ ALTA,Edital nº 859/2022,"A REFERENTE REQUISIÇÃO SE FAZ NECESSÁRIA, PARA CONTRATAÇÃO DE EMPRESA ESPECIALIZADA PARA ELABORAÇÃO DE PROJETO DE ENGENHARIA PARA OBRAS DE INFRAESTRUTURA URBANA NO MUNICÍPIO DE CRUZ ALTA-RS, PROJETO DE PAVIMENTAÇÃO. Processo encaminhado pela servidora Karen M. dos Santos Sugestivo modalidade concorrência! NÃO HÁ VALORES GASTOS NO PRESENTE SUBELEMENTO",/var/www/html/cruzalta.atende.net/temp/WCO/PNCP/Edital/edital_859_2022_2436_documento.pdf,,https://pncp.gov.br/pncp-api/v1/orgaos/88775390000112/compras/2022/83/arquivos/1,Ativo,"CONTRATAÇÃO DE EMPRESA ESPECIALIZADA PARA ELABORAÇÃO DE PROJETO EXECUTIVO DE ENGENHARIA DE OBRA DE PAVIMENTAÇÃO ASFÁLTICA NO MUNICIPIO DE CRUZ ALTA, CONFORME ANEXO. (R$ 211.504,09)"
88775390000112-1-000084/2022,88775390000112-1-000084-2022.md,MUNICIPIO DE CRUZ ALTA,Edital nº 868/2022,"A referente requisição se faz necessária para contratação de empresa especializa em empreitada global (material + mão de obra) para execução da obra de pavimentação em vias urbanas no Município de Cruz Alta ( Rua Procópio Gomes trechos, 1,2 e 3), conforme projetos e demais documentos técnicos. Destacamos que tal contratação está vinculada a recurso federal identificado pelos nºs dos contratos de repasse 922177/2021 trecho 1 e 911990/2021 trecho 3, firmado com o MINISTÉRIO DO DESENVILVIEMNTO REGINAL ATRAVÉS DA MANDATÁRIA DA UNIÃO CAIXA ECONÔMICA FEDERAL, conforme contratos de repasse em anexo e deve respeitar todas as diretrizes da Portaria Interministerial 424/2016. VALORES GASTOS NO PRESENTE SUBELEMENTO COM LICITAÇÃO R$31.064.914,90 / SEM LICITAÇÃO R$204.310,62",/var/www/html/cruzalta.atende.net/temp/WCO/PNCP/Edital/edital_868_2022_2436_documento.pdf,,https://pncp.gov.br/pncp-api/v1/orgaos/88775390000112/compras/2022/84/arquivos/1,Ativo,"CONTRATAÇÃO DE EMPRESA ESPECIALIZADA, NO REGIME DE EMPREITADA POR PREÇO GLOBAL (MATERIAL + MÃO DE OBRA), PARA EXECUÇÃO DE OBRA DE PAVIMENTAÇÃO EM VIAS URBANAS: RUA PROCÓPIO GOMES (TRECHO 3) ENTRE RUAS PN FERROVIA E RUA GENERAL OSÓRIO, CONFORME PROJETO EM ANEXO. CONTRATO DE REPASSE N°911990/2021/MDR. (R$ 266.201,34); CONTRATAÇÃO DE EMPRESA ESPECIALIZADA, NO REGIME DE EMPREITADA POR PREÇO GLOBAL (MATERIAL + MÃO DE OBRA), PARA EXECUÇÃO DE OBRA DE PAVIMENTAÇÃO EM VIAS URBANAS: RUA PROCÓPIO GOMES (TRECHO 2) ENTRE RUAS PN FERROVIA E RUA ALBERTO SANTOS DUMONT, CONFORME PROJETO EM ANEXO. (R$ 181.348,43)"
88775390000112-1-000085/2022,88775390000112-1-000085-2022.md,MUNICIPIO DE CRUZ ALTA,Edital nº 859/2022,CONTRATAÇÃO DE EMPRESA ESPECIALIZADA PARA ELABORAÇÃO DE PROJETO EXECUTIVO DE ENGENHARIA DE OBRA DE PAVIMENTAÇÃO ASFALTICA,_859.EDITAL_DE_CONCORRENCIA_ELETRONICA_N.BA_859.2022__CONTRATACAO_DE_PROJETO_PAVIMENTACAO__EMENDA_DE_BANCADA._assinado_29_assinado_assinado.pdf,,https://pncp.gov.br/pncp-api/v1/orgaos/88775390000112/compras/2022/85/arquivos/1,Ativo,"Contratação de empresa especializada para elaboração de projeto executivo de engenharia de obra de pavimentação asfáltica. (R$ 211.504,09)"
88775390000112-1-000086/2022,88775390000112-1-000086-2022.md,MUNICIPIO DE CRUZ ALTA,Edital nº 868/2022,"PAVIMENTAÇÃO URBANA, PROCÓPIO GOMES",868.EDITAL_DE_CONCORRENCIA_ELETRONICA_N.BA_868.2022__PAVIMENTACAO_URBANA__PROCOPIO_GOMES.docx_29_assinado_assinado_assinado_1.pdf,,https://pncp.gov.br/pncp-api/v1/orgaos/88775390000112/compras/2022/86/arquivos/1,Ativo,"CONTRATAÇÃO DE EMPRESA ESPECIALIZADA, NO REGIME DE EMPREITADA POR PREÇO GLOBAL (MATERIAL MÃO DE OBRA), PARA EXECUÇÃO DE OBRA DE PAVIMENTAÇÃO EMVIAS URBANAS: RUA PROCÓPIO GOMES (TRECHO 3) ENTRE RUAS PN FERROVIA E RUA GENERAL OSÓRIO, CONFORME PROJETO EM ANEXO. CONTRATO DE REPASSE N°911990/2021/MDR. (R$ 266.201,34); CONTRATAÇÃO DE EMPRESA ESPECIALIZADA, NO REGIME DE EMPREITADA POR PREÇO GLOBAL (MATERIAL MÃO DE OBRA), PARA EXECUÇÃO DE OBRA DE PAVIMENTAÇÃO EMVIAS URBANAS: RUA PROCÓPIO GOMES (TRECHO 2) ENTRE RUAS PN FERROVIA E RUA ALBERTO SANTOS DUMONT, CONFORME PROJETO EM ANEXO. (R$ 181.348,43)"
88775390000112-1-000090/2023,88775390000112-1-000090-2023.md,MUNICIPIO DE CRUZ ALTA,Edital nº 111/2023,"A referente requisição se faz necessária, para contratação de empresa empreitada global (material + mão de obra), para a finalização dos poços artesianos para comunidades do interior conforme consta no projeto , memorial descritivo e demais anexos. Sugestivo dispensa pela URGÊNCIA, da crise hídrica. VALORES GASTOS NO PRESENTE SUBELEMENTO COM LICITAÇÃO R$6.634.879,82 / SEM LICITAÇÃO R$0,00",/var/www/html/cruzalta.atende.net/temp/WCO/PNCP/Edital/edital_111_2023_2436_documento.pdf,,https://pncp.gov.br/pncp-api/v1/orgaos/88775390000112/compras/2023/90/arquivos/1,Ativo,"CONTRATAÇÃO DE EMPRESA ESPECIALIZADA EM EMPREITADA GLOBAL (MATERIAL + MÃO DE OBRA ) PARA INSTALAÇÃO DE RAMAIS DE ÁGUA E RESERVATORIOS, PARA OS POÇOS ARTESIANOS , CONFORME PROJETO E MEMORAIL DESCRITIVO EM ANEXO. (R$ 230.677,37)"
88775390000112-1-000091/2023,88775390000112-1-000091-2023.md,MUNICIPIO DE CRUZ ALTA,Edital nº 111/2023,"CONTRATAÇÃO DE EMPRESA ESPECIALIZADA, ATRAVÉS DE EMPREITADA GLOBAL PARA INSTALAÇÃO DE RAMAIS E RESERVATÓRIOS, PARA POÇOS ARTESIANOS",edital_concorrncia_eletrnica_111.2023.pdf,,https://pncp.gov.br/pncp-api/v1/orgaos/88775390000112/compras/2023/91/arquivos/1,Ativo,"CONTRATAÇÃO DE EMPRESA ESPECIALIZADA, ATRAVÉS DE EMPREITADA GLOBAL PARA INSTALAÇÃO DE RAMAIS E RESERVATÓRIOS PARA POÇOS ARTESIANOS (R$ 231.132,12)"
88775390000112-1-000098/2022,88775390000112-1-000098-2022.md,MUNICIPIO DE CRUZ ALTA,Edital nº 702/2022,"Contratação de empresa por empreitada global (material + mao de obra), para execução de estrutura de contenção em trecho do Arroio Panelinha, localizado na Rua Marechal Floriano Peixoto, conforme Projeto e Memorial Descritivo em anexo",/var/www/html/cruzalta.atende.net/temp/WCO/PNCP/Edital/edital_702_2022_2436_documento.pdf,,https://pncp.gov.br/pncp-api/v1/orgaos/88775390000112/compras/2022/98/arquivos/1,Ativo,"CONTRATAÇÃO DE EMPRESA POR EMPREITADA GLOBAL (MATERIAL + MAO DE OBRA), PARA EXECUÇÃO DE ESTRUTURA DE CONTENÇÃO EM TRECHO DO ARROIO PANELINHA, LOCALIZADO NA RUA MARECHAL FLORIANO PEIXOTO, CONFORME PROJETO E MEMORIAL DESCRITIVO EM ANEXO (R$ 1,00)"
88775390000112-1-000099/2022,88775390000112-1-000099-2022.md,MUNICIPIO DE CRUZ ALTA,Edital nº 704/2022,"Contratação de empresa por empreitada global (material + mão de obra), para execução de obra de microdrenagem urbana, nos bairros Farroupilha e de Fátima. Conforme projeto e memorial descritivo em anexo.",/var/www/html/cruzalta.atende.net/temp/WCO/PNCP/Edital/edital_704_2022_2436_documento.pdf,,https://pncp.gov.br/pncp-api/v1/orgaos/88775390000112/compras/2022/99/arquivos/1,Ativo,"CONTRATAÇÃO DE EMPRESA POR EMPREITADA GLOBAL (MATERIAL + MÃO DE OBRA), PARA EXECUÇÃO DE OBRA DE MICRODRENAGEM URBANA, NOS BAIRROS FARROUPILHA E DE FÁTIMA. CONFORME PROJETO E MEMORIAL DESCRITIVO EM ANEXO. (R$ 1,00)"
88775390000112-1-000140/2023,88775390000112-1-000140-2023.md,MUNICIPIO DE CRUZ ALTA,Edital nº 49/2023,"A PRESENTE REQUISIÇÃO TÊM POR OBJETO A NECESSIDADE DE CONTRATAÇÃO DE EMPRESA PARA ELABORAÇÃO DE PROJETO DE OBRA DE ENGENHARIA ESPECIAL SOBRE O VIADUTO LOCALIZADO NA ERS-342, CONFORME O TERMO DE COOPERAÇÃO TÉCNICA N° AJ/TC/027/22. FIRMADO ENTRE O MUNICÍPIO E DAER/RS. VALORES GASTOS NO PRESENTE SUBELEMENTO COM LICITAÇÃO R$0,00 / SEM LICITAÇÃO R$0,00 SUGESTIVO CONCORRÊNCIA ELETRÔNICA",/var/www/html/cruzalta.atende.net/temp/WCO/PNCP/Editaledital_200_2023_2436_documento.pdf,,https://pncp.gov.br/pncp-api/v1/orgaos/88775390000112/compras/2023/140/arquivos/1,Ativo,"CONTRATAÇÃO DE EMPRESA ESPECIALIZADA, ATRAVÉS DE EMPREITADA POR PREÇO GLOBAL, PARA ELABORAÇÃO DE PROJETO EXECUTIVO DE ENGENHARIA DE OBRA DE ARTE ESPECIAL SOBRE O VIADUTO LOCALIZADO NA RODOVIA ERS-342, SOBRE LINHA FÉRREA, PRÓXIMO À INTERSECÇÃO COM A AVENIDA LUCIANO FURIAN, NO MUNICÍPIO DE CRUZ ALTA/RS (R$ 281.756,59)"
92324706000127-1-000184/2023,92324706000127-1-000184-2023.md,MUNICIPIO DE ELDORADO DO SUL,Edital nº 001/2023/2023,"[Portal de Compras Públicas] - Seleção e contratação de empresa especializada para executar, com fornecimento de material e mão de obra, a construção da Escola Municipal de Ensino Fundamental Fazendo Arte, localizada no Parque Eldorado, na Av. Angelo Colovini - Parque Eldorado, neste Município, com área a construir de 953,20m², incluindo pátio coberto de 188,00m² e 10 (dez) salas de aula, conforme Projeto Executivo anexado.",Concorrencia Eletronica 001_23.pdf,,https://pncp.gov.br/pncp-api/v1/orgaos/92324706000127/compras/2023/184/arquivos/1,Ativo,"Seleção e contratação de empresa especializada para executar, com fornecimento de material e mão de obra, a construção da Escola Municipal de Ensino Fundamental Fazendo Arte, localizada no Parque Eldorado, na Av. Angelo Colovini - Parque Eldorado, neste Município, com área a construir de 953,20m², incluindo pátio coberto de 188,00m² e 10 (dez) salas de aula, conforme Projeto Executivo anexado. (R$ 575.976,52)"
92324706000127-1-000184/2023,92324706000127-1-000184-2023.md,MUNICIPIO DE ELDORADO DO SUL,Edital nº 001/2023/2023,"[Portal de Compras Públicas] - Seleção e contratação de empresa especializada para executar, com fornecimento de material e mão de obra, a construção da Escola Municipal de Ensino Fundamental Fazendo Arte, localizada no Parque Eldorado, na Av. Angelo Colovini - Parque Eldorado, neste Município, com área a construir de 953,20m², incluindo pátio coberto de 188,00m² e 10 (dez) salas de aula, conforme Projeto Executivo anexado.",Termo de Retificacao CC 001_23.pdf,,https://pncp.gov.br/pncp-api/v1/orgaos/92324706000127/compras/2023/184/arquivos/2,Ativo,"Seleção e contratação de empresa especializada para executar, com fornecimento de material e mão de obra, a construção da Escola Municipal de Ensino Fundamental Fazendo Arte, localizada no Parque Eldorado, na Av. Angelo Colovini - Parque Eldorado, neste Município, com área a construir de 953,20m², incluindo pátio coberto de 188,00m² e 10 (dez) salas de aula, conforme Projeto Executivo anexado. (R$ 575.976,52)"
01566621000108-1-000127/2023,01566621000108-1-000127-2023.md,MUNICIPIO DE FLOR DO SERTAO,Edital nº 1 | Processo 1038/2023,CONTRATACAO DE EMPRESA SOB REGIME DE EMPREITADA GLOBAL COM FORNECIMENTO DE MATERIAIS CONSTRUCAO DE UM BARRACAO PRE MOLDADO COM COBERTURA METALICA DE AREA TOTAL DE 2.100 M NA AREA INDUSTRIAL DO MUNICIPIO DE FLOR DO SERTAO,EDITAL no 1038 BARRACAO.pdf,,https://pncp.gov.br/pncp-api/v1/orgaos/01566621000108/compras/2023/127/arquivos/1,Ativo,"SERVICO SOB REGIME DE EMPREITADA GLOBAL COM FORNECIMENTO DE MATERIAIS CONSTRUCAO DE UM BARRACAO PRE MOLDADO COM COBERTURA METALICA DE AREA TOTAL DE 2.100 M . (R$ 554.346,86)"
01566621000108-1-000127/2023,01566621000108-1-000127-2023.md,MUNICIPIO DE FLOR DO SERTAO,Edital nº 1 | Processo 1038/2023,CONTRATACAO DE EMPRESA SOB REGIME DE EMPREITADA GLOBAL COM FORNECIMENTO DE MATERIAIS CONSTRUCAO DE UM BARRACAO PRE MOLDADO COM COBERTURA METALICA DE AREA TOTAL DE 2.100 M NA AREA INDUSTRIAL DO MUNICIPIO DE FLOR DO SERTAO,ETP FLOR DO SERTAO barracao industrial.pdf,,https://pncp.gov.br/pncp-api/v1/orgaos/01566621000108/compras/2023/127/arquivos/2,Ativo,"SERVICO SOB REGIME DE EMPREITADA GLOBAL COM FORNECIMENTO DE MATERIAIS CONSTRUCAO DE UM BARRACAO PRE MOLDADO COM COBERTURA METALICA DE AREA TOTAL DE 2.100 M . (R$ 554.346,86)"
06554067000154-1-000004/2023,06554067000154-1-000004-2023.md,MUNICIPIO DE FLORIANO,Edital nº 001/2023,"[LICITANET] - CONTRATAÇÃO DE PESSOA JURÍDICA ESPECIALIZADA EM SERVIÇOS DE ENGENHARIA PARA EXECUÇÃO DE CONSTRUÇÃO DE UNIDADE DE ENSINO INFANTIL PADRÃO FNDE, CONFORME CONDIÇÕES, QUANTIDADES E EXIGÊNCIAS ESTABELECIDAS NO EDITAL E SEUS ANEXOS",edital_concorrencia_eletronica_n_001_2023_construcao_creche_padrao_fnde_1678378942.pdf,,https://pncp.gov.br/pncp-api/v1/orgaos/06554067000154/compras/2023/4/arquivos/1,Ativo,"CONTRATAÇÃO DE PESSOA JURÍDICA ESPECIALIZADA EM SERVIÇOS DE ENGENHARIA PARA EXECUÇÃO DE CONSTRUÇÃO DE UNIDADE DE ENSINO INFANTIL PADRÃO FNDE, CONFORME CONDIÇÕES, QUANTIDADES E EXIGÊNCIAS ESTABELECIDAS NO EDITAL E SEUS ANEXOS. (R$ 2.635.281,61)"
06554067000154-1-000004/2023,06554067000154-1-000004-2023.md,MUNICIPIO DE FLORIANO,Edital nº 001/2023,"[LICITANET] - CONTRATAÇÃO DE PESSOA JURÍDICA ESPECIALIZADA EM SERVIÇOS DE ENGENHARIA PARA EXECUÇÃO DE CONSTRUÇÃO DE UNIDADE DE ENSINO INFANTIL PADRÃO FNDE, CONFORME CONDIÇÕES, QUANTIDADES E EXIGÊNCIAS ESTABELECIDAS NO EDITAL E SEUS ANEXOS",floriano_planilha_orcamentaria_simec_creche_pre_escola_projeto_tipo_2_1678378942.pdf,,https://pncp.gov.br/pncp-api/v1/orgaos/06554067000154/compras/2023/4/arquivos/2,Ativo,"CONTRATAÇÃO DE PESSOA JURÍDICA ESPECIALIZADA EM SERVIÇOS DE ENGENHARIA PARA EXECUÇÃO DE CONSTRUÇÃO DE UNIDADE DE ENSINO INFANTIL PADRÃO FNDE, CONFORME CONDIÇÕES, QUANTIDADES E EXIGÊNCIAS ESTABELECIDAS NO EDITAL E SEUS ANEXOS. (R$ 2.635.281,61)"
44493575000169-1-000003/2023,44493575000169-1-000003-2023.md,MUNICIPIO DE FLORINEA,Edital nº 01/2023,"CONTRATAÇÃO DE EMPRESA ESPECIALIZADA PARA PRESTAÇÃO DE SERVIÇOS PARA EXECUÇÃO DE INFRAESTRUTURA DO CENTRO DE DESENVOLVIMENTO INDUSTRIAL, NO MUNICÍPIO DE FLORÍNEA.",Edital_CC_ELET__N__0123.pdf,,https://pncp.gov.br/pncp-api/v1/orgaos/44493575000169/compras/2023/3/arquivos/1,Ativo,"PLACA DE OBRA EM CHAPA DE ACO GALVANIZADO (R$ 0,00); GUIA (MEIO-FIO) E SARJETA CONJUGADOS DE CONCRETO, MOLDADA IN LOCO EM TRECHO RETO COM EXTRUSORA, 45 CM BASE (15 CM BASE DA GUIA + 30 CM BASE DA SARJETA) X 22 CM ALTURA (R$ 0,00)"
02506012000118-1-000097/2023,02506012000118-1-000097-2023.md,MUNICIPIO DE GOIANAPOLIS,Edital nº (3638) | 1-0/2023,CONTRATAÇÃO DE EMPRESA ESPECIALIZADA PARA A EXECUÇÃO DE DIVERSAS OBRAS E REFORMAS NECESSÁRIAS NO MUNICÍPIO DE GOIANÁPOLIS GO.,Certidao de Publicacao 3644.pdf,,https://pncp.gov.br/pncp-api/v1/orgaos/02506012000118/compras/2023/97/arquivos/2,Ativo,"CONSERTO DO ALAMBRADO (R$ 199.758,21); Reforma de muro (R$ 338.001,56)"
02506012000118-1-000097/2023,02506012000118-1-000097-2023.md,MUNICIPIO DE GOIANAPOLIS,Edital nº (3638) | 1-0/2023,CONTRATAÇÃO DE EMPRESA ESPECIALIZADA PARA A EXECUÇÃO DE DIVERSAS OBRAS E REFORMAS NECESSÁRIAS NO MUNICÍPIO DE GOIANÁPOLIS GO.,EDITAL CONCORRENCIA OBRAS.pdf,,https://pncp.gov.br/pncp-api/v1/orgaos/02506012000118/compras/2023/97/arquivos/1,Ativo,"CONSERTO DO ALAMBRADO (R$ 199.758,21); Reforma de muro (R$ 338.001,56)"
06377063000148-1-000001/2023,06377063000148-1-000001-2023.md,MUNICIPIO DE GRAJAU,Edital nº 002/2023/2023,CONTRATAÇÃO DE EMPRESA DE ENGENHARIA PARA AMPLIAÇÃO E ADEQUAÇÃO DE PRÉDIOS PÚBLICOS DA SECRETÁRIA MUNICPAL DE EDUCAÇÃO DE GRAJAÚ-MA.,edital.pdf,,https://pncp.gov.br/pncp-api/v1/orgaos/06377063000148/compras/2023/1/arquivos/1,Ativo,"AMPLIAÇÃO E ADEQUAÇÃO PREDIAL, ESCOLA MUNICIPAL PASTOR JOSÉ PIRES (R$ 1.485.280,26); AMPLIAÇÃO E ADEQUAÇÃO PREDIAL, ESCOLA ANTÔNIO PEDRO DE CARVALHO (R$ 892.594,05)"
88811922000120-1-000016/2023,88811922000120-1-000016-2023.md,MUNICIPIO DE GUAIBA,Edital nº 002/2023/2023,"[Portal de Compras Públicas] - Escolha da proposta mais vantajosa para a execução da adequação referente a obras civis a serem executadas para instalação de gás GLP – P 45, na escola Santa Catarina, conforme condições, quantidades e exigências estabelecidas neste Edital e seus anexos",1 EDITAL E ANEXOS - CONCORRENCIA N 002-2023.pdf,,https://pncp.gov.br/pncp-api/v1/orgaos/88811922000120/compras/2023/16/arquivos/1,Ativo,"Execução da adequação referente a obras civis a serem executadas para instalação de gás GLP – P 45, na escola Santa Catarina, conforme condições, quantidades e exigências estabelecidas neste Edital e seus anexos (R$ 15.088,38)"
88811922000120-1-000017/2023,88811922000120-1-000017-2023.md,MUNICIPIO DE GUAIBA,Edital nº 2/2023,"Execução da adequação referente a obras civis a serem executadas para instalação de gás GLP - P 45, na escola Santa Catarina, conforme condições, quantidades e exigências estabelecidas neste Edital e seus anexos.",/var/www/html/guaiba.atende.net/temp/WCO/PNCP/Edital/edital_62_2023_2498_documento.pdf,,https://pncp.gov.br/pncp-api/v1/orgaos/88811922000120/compras/2023/17/arquivos/1,Ativo,"SERVICOS DE MANUTENCAO DE BENS IMOVEIS (R$ 15.009,00)"
88811922000120-1-000022/2023,88811922000120-1-000022-2023.md,MUNICIPIO DE GUAIBA,Edital nº 003/2023/2023,"[Portal de Compras Públicas] - O objeto da presente licitação é a escolha da proposta mais vantajosa para a execução da adequação referente a obras civis a serem executadas para instalação de gás GLP – P 45, na Emei Pedras Brancas, conforme condições, quantidades e exigências estabelecidas neste Edital e seus anexos.",EDITAL E ANEXOS - MINUTA CONCORRENCIA N 003-2023.pdf,,https://pncp.gov.br/pncp-api/v1/orgaos/88811922000120/compras/2023/22/arquivos/1,Ativo,"Execução da adequação referente a obras civis a serem executadas para instalação de gás GLP – P 45, na Emei Pedras Brancas, conforme condições, quantidades e exigências estabelecidas neste Edital e seus anexos (R$ 13.866,12)"
88811922000120-1-000023/2023,88811922000120-1-000023-2023.md,MUNICIPIO DE GUAIBA,Edital nº 3/2023,"Execução da adequação referente a obras civis a serem executadas para instalação de gás GLP - P 45, na Emei Pedras Brancas, conforme condições, quantidades e exigências estabelecidas neste Edital e seus anexos",/var/www/html/guaiba.atende.net/temp/WCO/PNCP/Edital/edital_70_2023_2498_documento.pdf,,https://pncp.gov.br/pncp-api/v1/orgaos/88811922000120/compras/2023/23/arquivos/1,Ativo,"SERVICOS DE MANUTENCAO DE BENS IMOVEIS (R$ 13.866,12)"
88811922000120-1-000031/2023,88811922000120-1-000031-2023.md,MUNICIPIO DE GUAIBA,Edital nº 005/2023/2023,"[Portal de Compras Públicas] - Construção de INFRAETRUTURA para instalação de container para “CASA DAS ARTESÃS” na Avenida João Pessoa, na Orla do Guaíba/RS.",EDITAL E ANEXOS - CONCORRENCIA N 005-2023 ASSINADO.pdf,,https://pncp.gov.br/pncp-api/v1/orgaos/88811922000120/compras/2023/31/arquivos/1,Ativo,"Construção de INFRAETRUTURA para instalação de container para “CASA DAS ARTESÃS” na Avenida João Pessoa, na Orla do Guaíba/RS. (R$ 63.710,62)"
88811922000120-1-000032/2023,88811922000120-1-000032-2023.md,MUNICIPIO DE GUAIBA,Edital nº 5/2023,"Construção de INFRAETRUTURA para instalação de container para ""CASA DAS ARTESÃS"" na Avenida João Pessoa, na Orla do Guaíba/RS, conforme condições, quantidades e exigências estabelecidas no Edital e seus anexos.",/var/www/html/guaiba.atende.net/temp/WCO/PNCP/Edital/edital_87_2023_2498_documento.pdf,,https://pncp.gov.br/pncp-api/v1/orgaos/88811922000120/compras/2023/32/arquivos/1,Ativo,"OBRAS E INSTALAÇÕES (R$ 63.710,62)"
88811922000120-1-000037/2023,88811922000120-1-000037-2023.md,MUNICIPIO DE GUAIBA,Edital nº 004-2023/2023,"[Portal de Compras Públicas] - Execução da reforma do telhado da escola Estadual de Ensino Fundamental Breno Guimarães, localizada na Rua Capitão Pedro I da Rosa, n°475 , Jardim Iolanda no Município de Guaíba/RS",ANALISE TECNICA_VALORES_Breno Guimaraes.pdf,,https://pncp.gov.br/pncp-api/v1/orgaos/88811922000120/compras/2023/37/arquivos/2,Ativo,"Execução da reforma do telhado da escola Estadual de Ensino Fundamental Breno Guimarães, localizada na Rua Capitão Pedro I da Rosa, n°475 , Jardim Iolanda no Município de Guaíba/RS (R$ 119.116,28)"
88811922000120-1-000037/2023,88811922000120-1-000037-2023.md,MUNICIPIO DE GUAIBA,Edital nº 004-2023/2023,"[Portal de Compras Públicas] - Execução da reforma do telhado da escola Estadual de Ensino Fundamental Breno Guimarães, localizada na Rua Capitão Pedro I da Rosa, n°475 , Jardim Iolanda no Município de Guaíba/RS",EDITAL E ANEXOS - CONCORRENCIA N 004-2023.pdf,,https://pncp.gov.br/pncp-api/v1/orgaos/88811922000120/compras/2023/37/arquivos/1,Ativo,"Execução da reforma do telhado da escola Estadual de Ensino Fundamental Breno Guimarães, localizada na Rua Capitão Pedro I da Rosa, n°475 , Jardim Iolanda no Município de Guaíba/RS (R$ 119.116,28)"
88811922000120-1-000038/2023,88811922000120-1-000038-2023.md,MUNICIPIO DE GUAIBA,Edital nº 4/2023,"Execução da reforma do telhado da escola Estadual de Ensino Fundamental Breno Guimarães, localizada na Rua Capitão Pedro I da Rosa, n°475 , Jardim Iolanda no Município de Guaíba/RS",/var/www/html/guaiba.atende.net/temp/WCO/PNCP/Edital/edital_103_2023_2498_documento.pdf,,https://pncp.gov.br/pncp-api/v1/orgaos/88811922000120/compras/2023/38/arquivos/1,Ativo,"OBRAS E INSTALAÇÕES (R$ 119.116,28)"
88811922000120-1-000039/2023,88811922000120-1-000039-2023.md,MUNICIPIO DE GUAIBA,Edital nº 006/2023/2023,"[Portal de Compras Públicas] - O objeto da presente licitação é a escolha da proposta mais vantajosa para a execução da reforma (obra e serviço de engenharia) de salas de aula da escola de de ensino fundamental Darcy Berbigier, nova entrada de energia, localizada na rua Marechal Floriano Peixito, 201, e a construção de parte de muro no alinhamento predial com a Rua José de Alencar, Bairro Alvorada, conforme condições, quantidades e exigências estabelecidas neste Edital e seus anexos.",24_04_23_Darcy-Prancha-Arquitetonico.pdf,,https://pncp.gov.br/pncp-api/v1/orgaos/88811922000120/compras/2023/39/arquivos/1,Ativo,"O objeto da presente licitação é a escolha da proposta mais vantajosa para a execução da reforma (obra e serviço de engenharia) de salas de aula da escola de de ensino fundamental Darcy Berbigier, nova entrada de energia, localizada na rua Marechal Floriano Peixito, 201, e a construção de parte de muro no alinhamento predial com a Rua José de Alencar, Bairro Alvorada, conforme condições, quantidades e exigências estabelecidas neste Edital e seus anexos. (R$ 132.513,86)"
88811922000120-1-000039/2023,88811922000120-1-000039-2023.md,MUNICIPIO DE GUAIBA,Edital nº 006/2023/2023,"[Portal de Compras Públicas] - O objeto da presente licitação é a escolha da proposta mais vantajosa para a execução da reforma (obra e serviço de engenharia) de salas de aula da escola de de ensino fundamental Darcy Berbigier, nova entrada de energia, localizada na rua Marechal Floriano Peixito, 201, e a construção de parte de muro no alinhamento predial com a Rua José de Alencar, Bairro Alvorada, conforme condições, quantidades e exigências estabelecidas neste Edital e seus anexos.",Memorando 148_2023_Analise Tecnica e de valores Darcy Berbigier.pdf,,https://pncp.gov.br/pncp-api/v1/orgaos/88811922000120/compras/2023/39/arquivos/2,Ativo,"O objeto da presente licitação é a escolha da proposta mais vantajosa para a execução da reforma (obra e serviço de engenharia) de salas de aula da escola de de ensino fundamental Darcy Berbigier, nova entrada de energia, localizada na rua Marechal Floriano Peixito, 201, e a construção de parte de muro no alinhamento predial com a Rua José de Alencar, Bairro Alvorada, conforme condições, quantidades e exigências estabelecidas neste Edital e seus anexos. (R$ 132.513,86)"
87613030000151-1-000003/2023,87613030000151-1-000003-2023.md,MUNICIPIO DE GUARANI DAS MISSOES,Edital nº 01/2023/2023,"[Portal de Compras Públicas] - Edital de concorrência eletrônica para a contratação de empresa especializada para prestação de serviços de construção de 01 (uma) quadra coberta, com área de 536,25 m2 (19,50m x 27,50m), localizada na Praça São João Paulo II.",AtaTotal_232876.pdf,,https://pncp.gov.br/pncp-api/v1/orgaos/87613030000151/compras/2023/3/arquivos/2,Ativo,"Contratação de empresa especializada para prestação de serviços de construção de 01 (uma) quadra coberta, com área de 536,25 m2 (19,50m x 27,50m), localizada na Praça São João Paulo II. (R$ 245.672,79)"
87613030000151-1-000003/2023,87613030000151-1-000003-2023.md,MUNICIPIO DE GUARANI DAS MISSOES,Edital nº 01/2023/2023,"[Portal de Compras Públicas] - Edital de concorrência eletrônica para a contratação de empresa especializada para prestação de serviços de construção de 01 (uma) quadra coberta, com área de 536,25 m2 (19,50m x 27,50m), localizada na Praça São João Paulo II.",Concorrencia 01 2023 Quadra Coberta.doc,,https://pncp.gov.br/pncp-api/v1/orgaos/87613030000151/compras/2023/3/arquivos/1,Ativo,"Contratação de empresa especializada para prestação de serviços de construção de 01 (uma) quadra coberta, com área de 536,25 m2 (19,50m x 27,50m), localizada na Praça São João Paulo II. (R$ 245.672,79)"
87613030000151-1-000004/2023,87613030000151-1-000004-2023.md,MUNICIPIO DE GUARANI DAS MISSOES,Edital nº 02/2023/2023,"[Portal de Compras Públicas] - Edital de concorrência eletrônica para a contratação de empresa especializada para prestação de serviços de construção de 01 (uma) quadra poliesportiva coberta, com área total de 861,56 m2, a ser construída junto ao Parque Municipal de Eventos Clemente Vicente Binkowski.",Concorrencia 02 2023 Quadra poliesportiva Parque de Eventos Clemente Vicente Binkowski.doc,,https://pncp.gov.br/pncp-api/v1/orgaos/87613030000151/compras/2023/4/arquivos/1,Ativo,"Contratação de empresa especializada para prestação de serviços de construção de 01 (uma) quadra poliesportiva coberta, com área total de 861,56 m2, a ser construída junto ao Parque Municipal de Eventos Clemente Vicente Binkowski. (R$ 877.849,14)"
87613030000151-1-000007/2023,87613030000151-1-000007-2023.md,MUNICIPIO DE GUARANI DAS MISSOES,Edital nº 03/2023/2023,"[Portal de Compras Públicas] - Edital de concorrência eletrônica para a contratação de empresa especializada para prestação de serviços de pavimentação asfáltica com concreto betuminoso usinado a quente (CBUQ) na Rua Professor João Klidzio (entre a Rua Comandaí e a Rua Clemente Soltis), com área total de pavimentação de 3.610,00 m2.",AtaTotal_234266.pdf,,https://pncp.gov.br/pncp-api/v1/orgaos/87613030000151/compras/2023/7/arquivos/2,Ativo,"Contratação de empresa especializada para prestação de serviços de pavimentação asfáltica com concreto betuminoso usinado a quente (CBUQ) na Rua Professor João Klidzio (entre a Rua Comandaí e a Rua Clemente Soltis), com área total de pavimentação de 3.610,00 m2. (R$ 311.317,36)"
87613030000151-1-000007/2023,87613030000151-1-000007-2023.md,MUNICIPIO DE GUARANI DAS MISSOES,Edital nº 03/2023/2023,"[Portal de Compras Públicas] - Edital de concorrência eletrônica para a contratação de empresa especializada para prestação de serviços de pavimentação asfáltica com concreto betuminoso usinado a quente (CBUQ) na Rua Professor João Klidzio (entre a Rua Comandaí e a Rua Clemente Soltis), com área total de pavimentação de 3.610,00 m2.",Concorrencia 03 2023 Pavimentacao asfaltica Rua Joao Klidzio.doc,,https://pncp.gov.br/pncp-api/v1/orgaos/87613030000151/compras/2023/7/arquivos/1,Ativo,"Contratação de empresa especializada para prestação de serviços de pavimentação asfáltica com concreto betuminoso usinado a quente (CBUQ) na Rua Professor João Klidzio (entre a Rua Comandaí e a Rua Clemente Soltis), com área total de pavimentação de 3.610,00 m2. (R$ 311.317,36)"
87613139000199-1-000001/2023,87613139000199-1-000001-2023.md,MUNICIPIO DE HUMAITA,Edital nº 001/2023/2023,"[Portal de Compras Públicas] - Contratação de empresa do ramo pertinente para dar sequência e finalização da construção da praça localizada na Vila Jardim, com fornecimento de material e mão de obra.",ART.pdf,,https://pncp.gov.br/pncp-api/v1/orgaos/87613139000199/compras/2023/1/arquivos/2,Ativo,"Sequência e finalização da construção de uma praça na Vila Jardim, localizada no quarteirão compreendido pelas Ruas Castelo Branco, Nilo Peçanha e Avenida João Pessoa, na Vila Jardim, em Humaitá/RS (Avenida João Pessoa, Lote nº 01 da Quadra nº 93), matrícula nº 5404, com área total de 1779,05m². O prazo de execução dos serviços será de 60 (sessenta) dias, a contar da data do início das obras, conforme memorial descritivo. (R$ 90.582,73)"
87613139000199-1-000001/2023,87613139000199-1-000001-2023.md,MUNICIPIO DE HUMAITA,Edital nº 001/2023/2023,"[Portal de Compras Públicas] - Contratação de empresa do ramo pertinente para dar sequência e finalização da construção da praça localizada na Vila Jardim, com fornecimento de material e mão de obra.",CE - obras e servicos de engenharia.pdf,,https://pncp.gov.br/pncp-api/v1/orgaos/87613139000199/compras/2023/1/arquivos/1,Ativo,"Sequência e finalização da construção de uma praça na Vila Jardim, localizada no quarteirão compreendido pelas Ruas Castelo Branco, Nilo Peçanha e Avenida João Pessoa, na Vila Jardim, em Humaitá/RS (Avenida João Pessoa, Lote nº 01 da Quadra nº 93), matrícula nº 5404, com área total de 1779,05m². O prazo de execução dos serviços será de 60 (sessenta) dias, a contar da data do início das obras, conforme memorial descritivo. (R$ 90.582,73)"
83102418000137-1-000003/2023,83102418000137-1-000003-2023.md,MUNICIPIO DE IBIRAMA,Edital nº 67/2023,"Contratação de empresa especializada em OBRAS E SERVIÇOS DE ENGENHARIA para pintura da quadra poliesportiva do ginásio de esportes de Dalbérgia, sendo contemplados os serviços de pintura do piso da quadra, bem como as demarcações das modalidades esportivas de futebol de salão e voleibol, localizado na Avenida Missler, neste município.",/var/www/html/ibirama.atende.net/temp/WCO/PNCP/Edital/edital_67_2023_210_documento.pdf,,https://pncp.gov.br/pncp-api/v1/orgaos/83102418000137/compras/2023/3/arquivos/1,Ativo,"EXECUÇÃO DOS SERVIÇOS / INSUMOS: PISO DE CONCRETO (lixação mecânica superficial de ardência de novo material, tratamento junta dilatação com massa epóxi, tratamento trincas no piso compoud, aplicação de uma demão de primer epóxi, pintura piso com tinta epóxi, componente três demãos vermelho para o recuo, verde para a quadra de futsal, laranja para a quadra de voleibol, e demarcação das modalidades esportivas em branco); PINTURA (pintura área externa da quadra, tinta para piso de concreto polido em uma demão de primer e três demãos de tinta). (R$ 61.651,11)"
83102418000137-1-000004/2023,83102418000137-1-000004-2023.md,MUNICIPIO DE IBIRAMA,Edital nº 67/2023/2023,"[Portal de Compras Públicas] - Contratação de empresa especializada em OBRAS E SERVIÇOS DE ENGENHARIA para pintura da quadra poliesportiva do ginásio de esportes de Dalbérgia, sendo contemplados os serviços de pintura do piso da quadra, bem como as demarcações das modalidades esportivas de futebol de salão e voleibol, localizado na Avenida Missler, neste município.",AtaTotal_235117.pdf,,https://pncp.gov.br/pncp-api/v1/orgaos/83102418000137/compras/2023/4/arquivos/2,Ativo,"EXECUÇÃO DOS SERVIÇOS / INSUMOS: PISO DE CONCRETO (lixação mecânica superficial de ardência de novo material, tratamento junta dilatação com massa epóxi, tratamento trincas no piso compoud, aplicação de uma demão de primer epóxi, pintura piso com tinta epóxi, componente três demãos vermelho para o recuo, verde para a quadra de futsal, laranja para a quadra de voleibol, e demarcação das modalidades esportivas em branco); PINTURA (pintura área externa da quadra, tinta para piso de concreto polido em uma demão de primer e três demãos de tinta). (R$ 61.651,11)"
83102418000137-1-000004/2023,83102418000137-1-000004-2023.md,MUNICIPIO DE IBIRAMA,Edital nº 67/2023/2023,"[Portal de Compras Públicas] - Contratação de empresa especializada em OBRAS E SERVIÇOS DE ENGENHARIA para pintura da quadra poliesportiva do ginásio de esportes de Dalbérgia, sendo contemplados os serviços de pintura do piso da quadra, bem como as demarcações das modalidades esportivas de futebol de salão e voleibol, localizado na Avenida Missler, neste município.",EDITAL202367.pdf,,https://pncp.gov.br/pncp-api/v1/orgaos/83102418000137/compras/2023/4/arquivos/1,Ativo,"EXECUÇÃO DOS SERVIÇOS / INSUMOS: PISO DE CONCRETO (lixação mecânica superficial de ardência de novo material, tratamento junta dilatação com massa epóxi, tratamento trincas no piso compoud, aplicação de uma demão de primer epóxi, pintura piso com tinta epóxi, componente três demãos vermelho para o recuo, verde para a quadra de futsal, laranja para a quadra de voleibol, e demarcação das modalidades esportivas em branco); PINTURA (pintura área externa da quadra, tinta para piso de concreto polido em uma demão de primer e três demãos de tinta). (R$ 61.651,11)"
83102418000137-1-000005/2023,83102418000137-1-000005-2023.md,MUNICIPIO DE IBIRAMA,Edital nº 68/2023,"Contratação de empresa especializada em OBRAS E SERVIÇOS DE ENGENHARIA para prestação de serviço com fornecimento de materiais e equipamentos para execução de pavimentação em piso de concreto intertravado com bloco sextavado, assentamento de meio fio, drenagem pluvial e sinalização na Rua José Manoel de Andrade, na localidade Serra São Miguel, neste município de Ibirama.",/var/www/html/ibirama.atende.net/temp/WCO/PNCP/Edital/edital_68_2023_210_documento.pdf,,https://pncp.gov.br/pncp-api/v1/orgaos/83102418000137/compras/2023/5/arquivos/1,Ativo,"EXECUÇÃO DOS SERVIÇOS / INSUMOS: INSTALACAO DE CANTEIRO DE OBRAS E SINALIZACAO DE SEGURANCA; SERVIÇOS PRELIMINARES; TERRAPLENAGEM; DRENAGEM; PAVIMENTAÇÃO; SINALIZAÇAO VIARIA). (R$ 195.693,10)"
83102418000137-1-000006/2023,83102418000137-1-000006-2023.md,MUNICIPIO DE IBIRAMA,Edital nº 68/2023/2023,"[Portal de Compras Públicas] - Contratação de empresa especializada em OBRAS E SERVIÇOS DE ENGENHARIA para prestação de serviço com fornecimento de materiais e equipamentos para execução de pavimentação em piso de concreto intertravado com bloco sextavado, assentamento de meio fio, drenagem pluvial e sinalização na Rua José Manoel de Andrade, na localidade Serra São Miguel, neste município de Ibirama.",EDITAL202368.pdf,,https://pncp.gov.br/pncp-api/v1/orgaos/83102418000137/compras/2023/6/arquivos/1,Ativo,"EXECUÇÃO DOS SERVIÇOS / INSUMOS: INSTALACAO DE CANTEIRO DE OBRAS E SINALIZACAO DE SEGURANCA; SERVIÇOS PRELIMINARES; TERRAPLENAGEM; DRENAGEM; PAVIMENTAÇÃO; SINALIZAÇAO VIARIA). (R$ 195.693,10)"
46634531000137-1-000026/2025,46634531000137-1-000026-2025.md,MUNICIPIO DE IBIUNA,Edital nº 06/2025,"REGISTRO DE PREÇOS PARA FORNECIMENTO DE MATERIAIS DE EXPEDIENTE E UTILITÁRIOS DIVERSOS DO MUNICÍPIO, conforme condições, especificações, quantidades e exigências contidas no presente Edital e seus Anexos.",Capa_Licitacao_06_2025.pdf,,https://pncp.gov.br/pncp-api/v1/orgaos/46634531000137/compras/2025/26/arquivos/1,Ativo,"BOBINA PAPEL TÉRMICO 57MMX22MTS 1 VIA (R$ 284,00); BOBINA PAPEL TÉRMICO PARA IMPRESSORA 80MM X 30MTS 1 VIA (R$ 563,55)"
46634531000137-1-000026/2025,46634531000137-1-000026-2025.md,MUNICIPIO DE IBIUNA,Edital nº 06/2025,"REGISTRO DE PREÇOS PARA FORNECIMENTO DE MATERIAIS DE EXPEDIENTE E UTILITÁRIOS DIVERSOS DO MUNICÍPIO, conforme condições, especificações, quantidades e exigências contidas no presente Edital e seus Anexos.",TERMO-DE-REFEFENCIA.pdf,,https://pncp.gov.br/pncp-api/v1/orgaos/46634531000137/compras/2025/26/arquivos/2,Ativo,"BOBINA PAPEL TÉRMICO 57MMX22MTS 1 VIA (R$ 284,00); BOBINA PAPEL TÉRMICO PARA IMPRESSORA 80MM X 30MTS 1 VIA (R$ 563,55)"
13701966000106-1-000057/2023,13701966000106-1-000057-2023.md,MUNICIPIO DE ITAGIBA,Edital nº 001/2023,"Contratação de Empresa do ramo de Engenharia e Arquitetura Especializada na Prestação de Serviços Técnicos na CONTRATAÇÃO DE EMPRESA ESPECIALIZADA EM SERVIÇOS DE ENGENHARIA E URBANISMO, PARA PRESTAÇÃO DE SERVIÇOS EVENTUAIS DE URBANIZAÇÃO, MANUTENÇÃO, RECUPERAÇÃO E RECOMPOSIÇÃO DE PAVIMENTAÇÃO DE RUAS E PASSEIOS NO MUNICIPIO DE ITAGIBÁ-BA",CE_001_2023_RECUPERAO_CALAMENTO.pdf,,https://pncp.gov.br/pncp-api/v1/orgaos/13701966000106/compras/2023/57/arquivos/1,Ativo,"ESCAVAÇÃO MECANIZADA DE VALA COM PROFUNDIDADE ATÉ 1,5 M (MÉDIA MONTANTE E JUSANTE/UMA COMPOSIÇÃO POR TRECHO), RETROESCAV. (0,26 M3), LARGURA DE 0,8 M A 1,5 M, EM SOLO DE 1A CATEGORIA, LOCAIS COM BAIXO NÍVEL DE INTERFERÊNCIA.AF_02/2021 (R$ 8.793,00); REGULARIZAÇÃO E COMPACTAÇÃO DE SUBLEITO DE SOLO PREDOMINANTEMENTEARGILOSO. AF_11/2019 (R$ 8.754,95)"
13701966000106-1-000058/2023,13701966000106-1-000058-2023.md,MUNICIPIO DE ITAGIBA,Edital nº 002/2023,"CONTRATAÇÃO DE EMPRESA ESPECIALIZADA EM SERVIÇOS COMUNS DE ENGENHARIA E URBANISMO, PARA CONSTRUÇÃO DE UMA PONTE MISTA DE AÇO E CONCRETO SOBRE O RIO DO PEIXE QUE INTERLIGARÁ OS BAIRROS JORGE NEIVA E KLEBER BARRETO AO BAIRRO 31 DE MARÇO, NO MUNICÍPIO DE ITAGIBÁ-BA, conforme condições, quantidades e exigências estabelecidas neste Termo de Referência",CE_002_2023_PONTE_KLEBER.pdf,,https://pncp.gov.br/pncp-api/v1/orgaos/13701966000106/compras/2023/58/arquivos/1,Ativo,"PLACA DE OBRA EM CHAPA DE AÇO GALVANIZADO (R$ 2.244,06); LOCAÇÃO DE CONTAINER PARA ESCRITÓRIO, COMPLETO, SEM DIVISÓRIAS INTERNAS, SEM SANITARIO (R$ 3.506,34)"
06554091000193-1-000001/2023,06554091000193-1-000001-2023.md,MUNICIPIO DE ITAUEIRA,Edital nº 002/2023,[LICITANET] - EXECUÇÃO DOS SERVIÇOS DE ROÇADA MANUAL DE ESTRADAS VICINAIS NO MUNICÍPIO DE ITAUEIRA/PI,edital_concorrencia_eletronica_002_2023_1677698704.pdf,,https://pncp.gov.br/pncp-api/v1/orgaos/06554091000193/compras/2023/1/arquivos/1,Ativo,"EXECUÇÃO DOS SERVIÇOS DE ROÇADA MANUAL DE ESTRADAS VICINAIS NO MUNICÍPIO DE ITAUEIRA/PI (R$ 137.452,82)"
06554091000193-1-000001/2023,06554091000193-1-000001-2023.md,MUNICIPIO DE ITAUEIRA,Edital nº 002/2023,[LICITANET] - EXECUÇÃO DOS SERVIÇOS DE ROÇADA MANUAL DE ESTRADAS VICINAIS NO MUNICÍPIO DE ITAUEIRA/PI,especs_roco_1677698704.pdf,,https://pncp.gov.br/pncp-api/v1/orgaos/06554091000193/compras/2023/1/arquivos/2,Ativo,"EXECUÇÃO DOS SERVIÇOS DE ROÇADA MANUAL DE ESTRADAS VICINAIS NO MUNICÍPIO DE ITAUEIRA/PI (R$ 137.452,82)"
06554091000193-1-000002/2023,06554091000193-1-000002-2023.md,MUNICIPIO DE ITAUEIRA,Edital nº 001/2023,[LICITANET] - CONTRATAÇÃO DE EMPRESA DE ENGENHARIA ESPECIALIZADA PARA CONSTRUÇÃO DE QUADRA POLIESPORTIVA NO ASSENTAMENTO SERRA ZONA RURAL DE ITAUEIRA – PI,edital_concorrencia_eletronica_001_2023_1677696088.pdf,,https://pncp.gov.br/pncp-api/v1/orgaos/06554091000193/compras/2023/2/arquivos/1,Ativo,"CONTRATAÇÃO DE EMPRESA DE ENGENHARIA ESPECIALIZADA PARA CONSTRUÇÃO DE QUADRA POLIESPORTIVA NO ASSENTAMENTO SERRA ZONA RURAL DE ITAUEIRA – PI (R$ 347.950,70)"
06554091000193-1-000002/2023,06554091000193-1-000002-2023.md,MUNICIPIO DE ITAUEIRA,Edital nº 001/2023,[LICITANET] - CONTRATAÇÃO DE EMPRESA DE ENGENHARIA ESPECIALIZADA PARA CONSTRUÇÃO DE QUADRA POLIESPORTIVA NO ASSENTAMENTO SERRA ZONA RURAL DE ITAUEIRA – PI,locacao_1677696088.pdf,,https://pncp.gov.br/pncp-api/v1/orgaos/06554091000193/compras/2023/2/arquivos/2,Ativo,"CONTRATAÇÃO DE EMPRESA DE ENGENHARIA ESPECIALIZADA PARA CONSTRUÇÃO DE QUADRA POLIESPORTIVA NO ASSENTAMENTO SERRA ZONA RURAL DE ITAUEIRA – PI (R$ 347.950,70)"
06554091000193-1-000009/2023,06554091000193-1-000009-2023.md,MUNICIPIO DE ITAUEIRA,Edital nº 03/2023,[LICITANET] - CONTRATAÇÃO DE EMPRESA DE ENGENHARIA ESPECIALIZADA PARA PAVIMENTAÇÃO EM PARALELEPÍPEDO DE VIAS PÚBLICAS DO MUNICÍPIO DE ITAUEIRA-PI,locacao_1683572665.pdf,,https://pncp.gov.br/pncp-api/v1/orgaos/06554091000193/compras/2023/9/arquivos/1,Ativo,"CONTRATAÇÃO DE EMPRESA DE ENGENHARIA ESPECIALIZADA PARA PAVIMENTAÇÃO EM PARALELEPÍPEDO DE VIAS PÚBLICAS DO MUNICÍPIO DE ITAUEIRA-PI (R$ 280.704,79)"
06554091000193-1-000009/2023,06554091000193-1-000009-2023.md,MUNICIPIO DE ITAUEIRA,Edital nº 03/2023,[LICITANET] - CONTRATAÇÃO DE EMPRESA DE ENGENHARIA ESPECIALIZADA PARA PAVIMENTAÇÃO EM PARALELEPÍPEDO DE VIAS PÚBLICAS DO MUNICÍPIO DE ITAUEIRA-PI,memorial_e_especs_2_1683572665.pdf,,https://pncp.gov.br/pncp-api/v1/orgaos/06554091000193/compras/2023/9/arquivos/2,Ativo,"CONTRATAÇÃO DE EMPRESA DE ENGENHARIA ESPECIALIZADA PARA PAVIMENTAÇÃO EM PARALELEPÍPEDO DE VIAS PÚBLICAS DO MUNICÍPIO DE ITAUEIRA-PI (R$ 280.704,79)"
88254909000117-1-000002/2023,88254909000117-1-000002-2023.md,MUNICIPIO DE IVOTI,Edital nº 1/2023/2023,"[Portal de Compras Públicas] - Contratação de empresa para a construção do Centro de Especialidades, no Município de Ivoti.",alteracao Concorrencia Eletronica 1.2023.pdf,,https://pncp.gov.br/pncp-api/v1/orgaos/88254909000117/compras/2023/2/arquivos/1,Ativo,"Execução, em regime de empreitada por preço global, da construção do Centro de Especialidades, que será edificada no Bairro Centro no Município de Ivoti/RS, conforme especificações técnicas detalhadas no Termo de Referência (Anexo I), Minuta de Contrato (Anexo II), Planilha de Quantitativos, Cronograma Físico Financeiro, Detalhamento BDI, Detatalhamento Encargos Sociais (Anexo III), Memoriais Descritivos e Projetos, (Anexo IV). (R$ 7.222.147,25)"
88254909000117-1-000008/2023,88254909000117-1-000008-2023.md,MUNICIPIO DE IVOTI,Edital nº 02/2023/2023,"[Portal de Compras Públicas] - Execução, em regime de empreitada por preço global, a reforma em banheiros da EMEF Nicolau Kunrath, conforme especificações técnicas detalhadas no Termo de Referência, Memorial Descritivo, Projetos, Cronograma Físico Financeiro, Declaração de BDI, Declaração de Encargos Sociais e Minuta de Contrato.",edital.pdf,,https://pncp.gov.br/pncp-api/v1/orgaos/88254909000117/compras/2023/8/arquivos/1,Ativo,"Execução, em regime de empreitada por preço global, a reforma em banheiros da EMEF Nicolau Kunrath, conforme especificações técnicas detalhadas no Termo de Referência, Memorial Descritivo, Projetos, Cronograma Físico Financeiro, Declaração de BDI, Declaração de Encargos Sociais e Minuta de Contrato. (R$ 46.229,29)"
03347135000116-1-000018/2025,03347135000116-1-000018-2025.md,MUNICIPIO DE JACIARA,Edital nº 18/2025,"“Registro de Preços para Futura e Eventual Aquisição de Materiais e Equipamentos Permanentes para manutenção das UMEI´S, Escolas Municipais, CMEI e demais setores da Secretaria Municipal de Educação, Cultura, Desporto e Lazer de Jaciara/MT, tais como: Materiais de Expediente, Materiais de limpeza, café, Móveis e Equipamentos, Equipamentos de Informática e Brinquedos a serem adquiridos com Recursos Próprios e Recursos de Convênio da Secretaria de Educação”",Edital_PNCP.pdf,,https://pncp.gov.br/pncp-api/v1/orgaos/03347135000116/compras/2025/18/arquivos/1,Ativo,"ÁGUA SANITÁRIA COMPONENTES: ATIVO HIPOCLORITO DE SÓDIO 02 A 2,5%, PRODUTO BIODEGRADÁVEL E GERMICIDA, MARCAS SUGERIDAS: Q BOA, BRILHANTE, YPÊ, EMBALAGEM DE 5 LITRO (R$ 64.290,00); ÁLCOOL ETÍLICO HIDRATADO 70° INPM, EMBALAGEM DE 5 LITRO (R$ 57.600,00)"
03347135000116-1-000018/2025,03347135000116-1-000018-2025.md,MUNICIPIO DE JACIARA,Edital nº 18/2025,"“Registro de Preços para Futura e Eventual Aquisição de Materiais e Equipamentos Permanentes para manutenção das UMEI´S, Escolas Municipais, CMEI e demais setores da Secretaria Municipal de Educação, Cultura, Desporto e Lazer de Jaciara/MT, tais como: Materiais de Expediente, Materiais de limpeza, café, Móveis e Equipamentos, Equipamentos de Informática e Brinquedos a serem adquiridos com Recursos Próprios e Recursos de Convênio da Secretaria de Educação”",Edital_PNCP.pdf,,https://pncp.gov.br/pncp-api/v1/orgaos/03347135000116/compras/2025/18/arquivos/2,Ativo,"ÁGUA SANITÁRIA COMPONENTES: ATIVO HIPOCLORITO DE SÓDIO 02 A 2,5%, PRODUTO BIODEGRADÁVEL E GERMICIDA, MARCAS SUGERIDAS: Q BOA, BRILHANTE, YPÊ, EMBALAGEM DE 5 LITRO (R$ 64.290,00); ÁLCOOL ETÍLICO HIDRATADO 70° INPM, EMBALAGEM DE 5 LITRO (R$ 57.600,00)"
08096604000195-1-000008/2023,08096604000195-1-000008-2023.md,MUNICIPIO DE JARDIM DE PIRANHAS,Edital nº CP001/2023/2023,"CONSTRUÇÃO DE UMA PASSAGEM MOLHADA NA LOCALIDADE RURAL RIACHO DO SACO, MUNICÍPIO DE JARDIM DE PIRANHAS-RN.",RNP062_1684165179_Edital_-_Concorrencia_001.2023.pdf,,https://pncp.gov.br/pncp-api/v1/orgaos/08096604000195/compras/2023/8/arquivos/1,Ativo,"CONTRATACAO DE EMPRESA ESPECIALIZADA PARA SERVICOS DE CONSTRUCAO DE UMA PASSAGEM MOLHADA NA LOCALIDADE RURAL RIACHO DO SACO, NESTE MUNICIPIO DE JARDIM DE PIRANHAS-RN (R$ 513.823,63)"
08096604000195-1-000008/2023,08096604000195-1-000008-2023.md,MUNICIPIO DE JARDIM DE PIRANHAS,Edital nº CP001/2023/2023,"CONSTRUÇÃO DE UMA PASSAGEM MOLHADA NA LOCALIDADE RURAL RIACHO DO SACO, MUNICÍPIO DE JARDIM DE PIRANHAS-RN.",RNP062_1684165228_Projeto_Basico_-_Concorrencia_001.2023.pdf,,https://pncp.gov.br/pncp-api/v1/orgaos/08096604000195/compras/2023/8/arquivos/2,Ativo,"CONTRATACAO DE EMPRESA ESPECIALIZADA PARA SERVICOS DE CONSTRUCAO DE UMA PASSAGEM MOLHADA NA LOCALIDADE RURAL RIACHO DO SACO, NESTE MUNICIPIO DE JARDIM DE PIRANHAS-RN (R$ 513.823,63)"
08096604000195-1-000009/2023,08096604000195-1-000009-2023.md,MUNICIPIO DE JARDIM DE PIRANHAS,Edital nº CP002/2023/2023,"CONCLUSÃO DA CONSTRUÇÃO DE ESCOLA COM 4 SALAS, NESTE MUNICÍPIO DE JARDIM DE PIRANHAS-RN.",RNP062_1684163754_Edital_Concorrencia_-_002.2023.pdf,,https://pncp.gov.br/pncp-api/v1/orgaos/08096604000195/compras/2023/9/arquivos/1,Ativo,"Contratacao de empresa para servicos de CONCLUSAO DA CONSTRUCAO DE ESCOLA COM 4 SALAS, NESTE MUNICIPIO DE JARDIM DE PIRANHAS-RN, conforme Projeto Basico. (R$ 581.750,91)"
08096604000195-1-000009/2023,08096604000195-1-000009-2023.md,MUNICIPIO DE JARDIM DE PIRANHAS,Edital nº CP002/2023/2023,"CONCLUSÃO DA CONSTRUÇÃO DE ESCOLA COM 4 SALAS, NESTE MUNICÍPIO DE JARDIM DE PIRANHAS-RN.",RNP062_1684163992_Projeto_Basico_-_Escola_4_Salas.pdf,,https://pncp.gov.br/pncp-api/v1/orgaos/08096604000195/compras/2023/9/arquivos/2,Ativo,"Contratacao de empresa para servicos de CONCLUSAO DA CONSTRUCAO DE ESCOLA COM 4 SALAS, NESTE MUNICIPIO DE JARDIM DE PIRANHAS-RN, conforme Projeto Basico. (R$ 581.750,91)"
08096604000195-1-000010/2023,08096604000195-1-000010-2023.md,MUNICIPIO DE JARDIM DE PIRANHAS,Edital nº 1/2023/2023,"[Portal de Compras Públicas] - CONSTRUÇÃO DE UMA PASSAGEM MOLHADA NA LOCALIDADE RURAL RIACHO DO SACO, MUNICÍPIO DE JARDIM DE PIRANHAS-RN.",AVISOS CE 001.2023.pdf,,https://pncp.gov.br/pncp-api/v1/orgaos/08096604000195/compras/2023/10/arquivos/2,Ativo,"CONTRATACAO DE EMPRESA ESPECIALIZADA PARA SERVICOS DE CONSTRUCAO DE UMA PASSAGEM MOLHADA NA LOCALIDADE RURAL RIACHO DO SACO, NESTE MUNICIPIO DE JARDIM DE PIRANHAS-RN (R$ 513.823,63)"
08096604000195-1-000010/2023,08096604000195-1-000010-2023.md,MUNICIPIO DE JARDIM DE PIRANHAS,Edital nº 1/2023/2023,"[Portal de Compras Públicas] - CONSTRUÇÃO DE UMA PASSAGEM MOLHADA NA LOCALIDADE RURAL RIACHO DO SACO, MUNICÍPIO DE JARDIM DE PIRANHAS-RN.",Projeto Basico - Concorrencia 001.2023.pdf,,https://pncp.gov.br/pncp-api/v1/orgaos/08096604000195/compras/2023/10/arquivos/1,Ativo,"CONTRATACAO DE EMPRESA ESPECIALIZADA PARA SERVICOS DE CONSTRUCAO DE UMA PASSAGEM MOLHADA NA LOCALIDADE RURAL RIACHO DO SACO, NESTE MUNICIPIO DE JARDIM DE PIRANHAS-RN (R$ 513.823,63)"
08096604000195-1-000011/2023,08096604000195-1-000011-2023.md,MUNICIPIO DE JARDIM DE PIRANHAS,Edital nº 2/2023/2023,"[Portal de Compras Públicas] - CONCLUSÃO DA CONSTRUÇÃO DE ESCOLA COM 4 SALAS, NESTE MUNICÍPIO DE JARDIM DE PIRANHAS-RN.",AVISOS CE 002.2023.pdf,,https://pncp.gov.br/pncp-api/v1/orgaos/08096604000195/compras/2023/11/arquivos/2,Ativo,"Contratacao de empresa para servicos de CONCLUSAO DA CONSTRUCAO DE ESCOLA COM 4 SALAS, NESTE MUNICIPIO DE JARDIM DE PIRANHAS-RN, conforme Projeto Basico. (R$ 581.750,91)"
08096604000195-1-000011/2023,08096604000195-1-000011-2023.md,MUNICIPIO DE JARDIM DE PIRANHAS,Edital nº 2/2023/2023,"[Portal de Compras Públicas] - CONCLUSÃO DA CONSTRUÇÃO DE ESCOLA COM 4 SALAS, NESTE MUNICÍPIO DE JARDIM DE PIRANHAS-RN.",Projeto Basico - Escola 4 Salas.pdf,,https://pncp.gov.br/pncp-api/v1/orgaos/08096604000195/compras/2023/11/arquivos/1,Ativo,"Contratacao de empresa para servicos de CONCLUSAO DA CONSTRUCAO DE ESCOLA COM 4 SALAS, NESTE MUNICIPIO DE JARDIM DE PIRANHAS-RN, conforme Projeto Basico. (R$ 581.750,91)"
08309536000103-1-000001/2022,08309536000103-1-000001-2022.md,MUNICIPIO DE JOAO CAMARA,Edital nº 001/2022/2022,"[Portal de Compras Públicas] - CONTRATAÇÃO DE EMPRESA DE ENGENHARIA VISANDO A CONSTRUÇÃO DE UNIDADES BÁSICAS DE SAÚDE NO BAIRRO DA VILA NOVA, COMUNIDADE RURAL DE BRINCO DE OURO E MODELO 1.",AtaTotal_190856.pdf,,https://pncp.gov.br/pncp-api/v1/orgaos/08309536000103/compras/2022/1/arquivos/3,Ativo,"Lote 1 - CONSTRUÇÃO DE UNIDADE BÁSICA DE SAÚDE NO BAIRRO DA VILA NOVA. (R$ 274.798,53); Lote 2 - CONSTRUÇÃO DE UNIDADE BÁSICA DE SAÚDE NA COMUNIDADE RURAL DE BRINCO. (R$ 259.416,13)"
08309536000103-1-000001/2022,08309536000103-1-000001-2022.md,MUNICIPIO DE JOAO CAMARA,Edital nº 001/2022/2022,"[Portal de Compras Públicas] - CONTRATAÇÃO DE EMPRESA DE ENGENHARIA VISANDO A CONSTRUÇÃO DE UNIDADES BÁSICAS DE SAÚDE NO BAIRRO DA VILA NOVA, COMUNIDADE RURAL DE BRINCO DE OURO E MODELO 1.",EDITAL - CE 001-2022.pdf,,https://pncp.gov.br/pncp-api/v1/orgaos/08309536000103/compras/2022/1/arquivos/2,Ativo,"Lote 1 - CONSTRUÇÃO DE UNIDADE BÁSICA DE SAÚDE NO BAIRRO DA VILA NOVA. (R$ 274.798,53); Lote 2 - CONSTRUÇÃO DE UNIDADE BÁSICA DE SAÚDE NA COMUNIDADE RURAL DE BRINCO. (R$ 259.416,13)"
08309536000103-1-000002/2022,08309536000103-1-000002-2022.md,MUNICIPIO DE JOAO CAMARA,Edital nº 002/2022/2022,"[Portal de Compras Públicas] - CONTRATAÇÃO DE EMPRESA DE ENGENHARIA VISANDO A PAVIMENTAÇÃO DAS RUAS PEDRO TORQUATO, MARIA MONTEIRO E ARISTIDES TEIXEIRA.",AtaTotal_190867.pdf,,https://pncp.gov.br/pncp-api/v1/orgaos/08309536000103/compras/2022/2/arquivos/2,Ativo,"Lote 1 - CONTRATAÇÃO DE EMPRESA DE ENGENHARIA VISANDO A PAVIMENTAÇÃO DAS RUAS PEDRO TORQUATO, MARIA MONTEIRO E ARISTIDES TEIXEIRA. (R$ 650.924,98)"
08309536000103-1-000002/2022,08309536000103-1-000002-2022.md,MUNICIPIO DE JOAO CAMARA,Edital nº 002/2022/2022,"[Portal de Compras Públicas] - CONTRATAÇÃO DE EMPRESA DE ENGENHARIA VISANDO A PAVIMENTAÇÃO DAS RUAS PEDRO TORQUATO, MARIA MONTEIRO E ARISTIDES TEIXEIRA.",EDITAL - CE N 002-2022.pdf,,https://pncp.gov.br/pncp-api/v1/orgaos/08309536000103/compras/2022/2/arquivos/1,Ativo,"Lote 1 - CONTRATAÇÃO DE EMPRESA DE ENGENHARIA VISANDO A PAVIMENTAÇÃO DAS RUAS PEDRO TORQUATO, MARIA MONTEIRO E ARISTIDES TEIXEIRA. (R$ 650.924,98)"
08309536000103-1-000003/2022,08309536000103-1-000003-2022.md,MUNICIPIO DE JOAO CAMARA,Edital nº 003/2022/2022,[Portal de Compras Públicas] - CONTRATAÇÃO DE EMPRESA DE ENGENHARIA PARA REFORMA E MANUTENÇÃO DO CENTRO DE ABASTECIMENTO MUNICIPAL DE JOÃO CÂMARA/RN.,AtaTotal_195230.pdf,,https://pncp.gov.br/pncp-api/v1/orgaos/08309536000103/compras/2022/3/arquivos/2,Ativo,"CONTRATAÇÃO DE EMPRESA DE ENGENHARIA PARA REFORMA E MANUTENÇÃO DO CENTRO DE ABASTECIMENTO MUNICIPAL DE JOÃO CÂMARA/RN. (R$ 519.306,02)"
08309536000103-1-000003/2022,08309536000103-1-000003-2022.md,MUNICIPIO DE JOAO CAMARA,Edital nº 003/2022/2022,[Portal de Compras Públicas] - CONTRATAÇÃO DE EMPRESA DE ENGENHARIA PARA REFORMA E MANUTENÇÃO DO CENTRO DE ABASTECIMENTO MUNICIPAL DE JOÃO CÂMARA/RN.,EDITAL - CE N 003-2022.pdf,,https://pncp.gov.br/pncp-api/v1/orgaos/08309536000103/compras/2022/3/arquivos/1,Ativo,"CONTRATAÇÃO DE EMPRESA DE ENGENHARIA PARA REFORMA E MANUTENÇÃO DO CENTRO DE ABASTECIMENTO MUNICIPAL DE JOÃO CÂMARA/RN. (R$ 519.306,02)"
08309536000103-1-000004/2022,08309536000103-1-000004-2022.md,MUNICIPIO DE JOAO CAMARA,Edital nº 004/2022/2022,[Portal de Compras Públicas] - CONTRATAÇÃO DE EMPRESA DE ENGENHARIA PARA CONSTRUÇÃO E ADEQUAÇÃO/READEQUAÇÃO DE ESTRADA VICINAL POR MEIO DE PAVIMENTAÇÃO PELO MÉTODO CONVENCIONAL COM DRENAGEM SUPERFICIAL E SINALIZAÇÃO VERTICAL DA ESTRADA DE ACESSO A CAPELA DO TORREÃO NO MUNICÍPIO DE JOÃO CÂMARA/RN.,EDITAL - CE N 004-2022.pdf,,https://pncp.gov.br/pncp-api/v1/orgaos/08309536000103/compras/2022/4/arquivos/1,Ativo,"CONTRATAÇÃO DE EMPRESA DE ENGENHARIA PARA CONSTRUÇÃO E ADEQUAÇÃO/READEQUAÇÃO DE ESTRADA VICINAL POR MEIO DE PAVIMENTAÇÃO PELO MÉTODO CONVENCIONAL COM DRENAGEM SUPERFICIAL E SINALIZAÇÃO VERTICAL DA ESTRADA DE ACESSO A CAPELA DO TORREÃO NO MUNICÍPIO DE JOÃO CÂMARA/RN. (R$ 512.148,07)"
08309536000103-1-000005/2022,08309536000103-1-000005-2022.md,MUNICIPIO DE JOAO CAMARA,Edital nº 005/2022/2022,[Portal de Compras Públicas] - CONTRATAÇÃO DE EMPRESA DE ENGENHARIA PARA EXECUÇÃO DE PAVIMENTAÇÃO A PARALELEPÍPEDO CONVENCIONAL EM DIVERSAS RUAS DO MUNICÍPIO DE JOÃO CÂMARA/RN,EDITAL - CE N 005-2022.pdf,,https://pncp.gov.br/pncp-api/v1/orgaos/08309536000103/compras/2022/5/arquivos/1,Ativo,"Lote 1 - CONTRATAÇÃO DE EMPRESA DE ENGENHARIA PARA EXECUÇÃO DE PAVIMENTAÇÃO A PARALELEPÍPEDO CONVENCIONAL EM DIVERSAS RUAS DO MUNICÍPIO DE JOÃO CÂMARA/RN (R$ 2.676.894,52)"
08182313000110-1-000006/2023,08182313000110-1-000006-2023.md,MUNICIPIO DE LAGOA NOVA,Edital nº 002/2023/2023,[Portal de Compras Públicas] - CONTRATAÇÃO DE EMPRESA PARA EXECUÇÃO DO PROJETO DE PAVIMENTAÇÃO EM PARALELEPÍPEDO DA RUA PADRE CÍCERO NO MUNICÍPIO DE LAGOA NOVA/RN.,AtaTotal_232348.pdf,,https://pncp.gov.br/pncp-api/v1/orgaos/08182313000110/compras/2023/6/arquivos/2,Ativo,"PAVIMENTAÇÃO EM PARALELEPÍPEDO DA RUA PADRE CÍCERO NO MUNICÍPIO DE LAGOA NOVA/RN. (R$ 475.744,04)"
08182313000110-1-000006/2023,08182313000110-1-000006-2023.md,MUNICIPIO DE LAGOA NOVA,Edital nº 002/2023/2023,[Portal de Compras Públicas] - CONTRATAÇÃO DE EMPRESA PARA EXECUÇÃO DO PROJETO DE PAVIMENTAÇÃO EM PARALELEPÍPEDO DA RUA PADRE CÍCERO NO MUNICÍPIO DE LAGOA NOVA/RN.,Planilhas.pdf,,https://pncp.gov.br/pncp-api/v1/orgaos/08182313000110/compras/2023/6/arquivos/1,Ativo,"PAVIMENTAÇÃO EM PARALELEPÍPEDO DA RUA PADRE CÍCERO NO MUNICÍPIO DE LAGOA NOVA/RN. (R$ 475.744,04)"
87297982000103-1-000072/2025,87297982000103-1-000072-2025.md,MUNICIPIO DE LAJEADO,Ato que autoriza a Contratação Direta nº 28/2025,"RELAÇÃO DO MUNICÍPIO DE LAJEADO COM A RGE SUL, VISANDO A PRESTAÇÃO DOS SERVIÇOS DE FORNECIMENTO DE ENERGIA ELÉTRICA PARA IMÓVEIS DE PROPRIEDADE OU RESPONSABILIDADE DA PREFEITURA MUNICIPAL DE LAJEADO/RS BEM COMO SISTEMA DE CÂMERAS DE VIDEOMONITORAMENTO, ILUMINAÇÃO PÚBLICA, SEMÁFOROS E OUTROS EQUIPAMENTOS.",Inexigibilidade_028-01-2025_-_Lei_14.133-21_-_SEAD-_Fornecimento_de_Energia_20250515110217826.pdf,,https://pncp.gov.br/pncp-api/v1/orgaos/87297982000103/compras/2025/72/arquivos/1,Ativo,"VALOR ESTIMADO-Fornecimento de energia elétrica - Rua Júlio de Castilhos, 1130 - Centro (R$ 42.000,00); VALOR ESTIMADO-Fornecimento de energia elétrica - semáforos, 254 (R$ 420.000,00)"
87297982000103-1-000072/2025,87297982000103-1-000072-2025.md,MUNICIPIO DE LAJEADO,Ato que autoriza a Contratação Direta nº 28/2025,"RELAÇÃO DO MUNICÍPIO DE LAJEADO COM A RGE SUL, VISANDO A PRESTAÇÃO DOS SERVIÇOS DE FORNECIMENTO DE ENERGIA ELÉTRICA PARA IMÓVEIS DE PROPRIEDADE OU RESPONSABILIDADE DA PREFEITURA MUNICIPAL DE LAJEADO/RS BEM COMO SISTEMA DE CÂMERAS DE VIDEOMONITORAMENTO, ILUMINAÇÃO PÚBLICA, SEMÁFOROS E OUTROS EQUIPAMENTOS.",Proposta_20250515110235055.pdf,,https://pncp.gov.br/pncp-api/v1/orgaos/87297982000103/compras/2025/72/arquivos/2,Ativo,"VALOR ESTIMADO-Fornecimento de energia elétrica - Rua Júlio de Castilhos, 1130 - Centro (R$ 42.000,00); VALOR ESTIMADO-Fornecimento de energia elétrica - semáforos, 254 (R$ 420.000,00)"
83102319000155-1-000058/2023,83102319000155-1-000058-2023.md,MUNICIPIO DE LUIZ ALVES,Edital nº 2/2023,"CONTRATAÇÃO DE PESSOA JURÍDICA PARA PRESTAÇÃO DE SERVIÇOS DE ENGENHARIA PARA PAVIMENTAÇÃO E SINALIZAÇÃO VIÁRIA DA RUA VEREADOR JOÃO CRISÓSTOMO KRAISCH, EM CONFORMIDADE COM O PROJETO DE ENGENHARIA E ANEXOS",/var/www/html/luizalves.atende.net/temp/WCO/PNCP/Edital/edital_65_2023_2123_documento.pdf,,https://pncp.gov.br/pncp-api/v1/orgaos/83102319000155/compras/2023/58/arquivos/1,Ativo,"PAVIMENTAÇÃO E SINALIZAÇÃO VIÁRIA DA RUA VEREADOR JOÃO CRISÓSTOMO KRAISCH, EM CONFORMIDADE COM O PROJETO DE ENGENHARIA (R$ 4.819.203,91)"
83102319000155-1-000083/2023,83102319000155-1-000083-2023.md,MUNICIPIO DE LUIZ ALVES,Edital nº 3/2023,CONTRATAÇÃO DE PESSOA JURÍDICA PARA OBRA DE REFORMA DOS PAVILHÕES LOCALIZADOS NO PARQUE DE EVENTOS DO MUNICÍPIO DE LUIZ ALVES.,/var/www/html/luizalves.atende.net/temp/WCO/PNCP/Edital/edital_88_2023_2123_documento.pdf,,https://pncp.gov.br/pncp-api/v1/orgaos/83102319000155/compras/2023/83/arquivos/1,Ativo,"CONTRATAÇÃO DE PESSOA JURÍDICA PARA OBRA DE REFORMA DOS PAVILHÕES LOCALIZADOS NO PARQUE DE EVENTOS DO MUNICÍPIO DE LUIZ ALVES (R$ 222.299,31)"
45725355000186-1-000001/2023,45725355000186-1-000001-2023.md,MUNICIPIO DE MARABA PAULISTA,Edital nº 014/2023/2023,[Portal de Compras Públicas] - CONTRATAÇÃO DE EMPRESA ESPECIALIZADA PARA A OBRA “SUBSTITUIÇÃO DE LUMINÁRIAS DE SÓDIO POR LED”,EDITAL PR014-C.E-001-2023.pdf,,https://pncp.gov.br/pncp-api/v1/orgaos/45725355000186/compras/2023/1/arquivos/1,Ativo,"CONTRATAÇÃO DE EMPRESA ESPECIALIZADA PARA A OBRA “SUBSTITUIÇÃO DE LUMINÁRIAS DE SÓDIO POR LED” (R$ 355.931,92)"
45725355000186-1-000001/2023,45725355000186-1-000001-2023.md,MUNICIPIO DE MARABA PAULISTA,Edital nº 014/2023/2023,[Portal de Compras Públicas] - CONTRATAÇÃO DE EMPRESA ESPECIALIZADA PARA A OBRA “SUBSTITUIÇÃO DE LUMINÁRIAS DE SÓDIO POR LED”,resposta a esclarecimentos.pdf,,https://pncp.gov.br/pncp-api/v1/orgaos/45725355000186/compras/2023/1/arquivos/2,Ativo,"CONTRATAÇÃO DE EMPRESA ESPECIALIZADA PARA A OBRA “SUBSTITUIÇÃO DE LUMINÁRIAS DE SÓDIO POR LED” (R$ 355.931,92)"
45725355000186-1-000002/2023,45725355000186-1-000002-2023.md,MUNICIPIO DE MARABA PAULISTA,Edital nº 016/2023/2023,"[Portal de Compras Públicas] - Contratação de empresa especializada para a CONSTRUÇÃO DE TRAVESSIA EM ADUELAS SOBRE O CORREGO RIBEIRÃO CANELA-ESTRADA COM ACESSO AO ASSENTAMENTO AREIA BRANCA, CONFORME TERMO DE CONVENIO Nº032/630/2023 CELEBRADO ENTRE ESTA MUNICIPALIDADE E A CORDENADORIA ESTADUAL DE PROTEÇÃO E DEFESA CIVIL-CEPDEC.",EDITAL PR 016-2023-C.E-002-2023.docx,,https://pncp.gov.br/pncp-api/v1/orgaos/45725355000186/compras/2023/2/arquivos/1,Ativo,"Contratação de empresa especializada para a CONSTRUÇÃO DE TRAVESSIA EM ADUELAS SOBRE O CORREGO RIBEIRÃO CANELA-ESTRADA COM ACESSO AO ASSENTAMENTO AREIA BRANCA, CONFORME TERMO DE CONVENIO Nº032/630/2023 CELEBRADO ENTRE ESTA MUNICIPALIDADE E A CORDENADORIA ESTADUAL DE PROTEÇÃO E DEFESA CIVIL-CEPDEC. (R$ 602.097,63)"
45725355000186-1-000002/2023,45725355000186-1-000002-2023.md,MUNICIPIO DE MARABA PAULISTA,Edital nº 016/2023/2023,"[Portal de Compras Públicas] - Contratação de empresa especializada para a CONSTRUÇÃO DE TRAVESSIA EM ADUELAS SOBRE O CORREGO RIBEIRÃO CANELA-ESTRADA COM ACESSO AO ASSENTAMENTO AREIA BRANCA, CONFORME TERMO DE CONVENIO Nº032/630/2023 CELEBRADO ENTRE ESTA MUNICIPALIDADE E A CORDENADORIA ESTADUAL DE PROTEÇÃO E DEFESA CIVIL-CEPDEC.",PROJETO FOLHA COM DET ass.pdf,,https://pncp.gov.br/pncp-api/v1/orgaos/45725355000186/compras/2023/2/arquivos/2,Ativo,"Contratação de empresa especializada para a CONSTRUÇÃO DE TRAVESSIA EM ADUELAS SOBRE O CORREGO RIBEIRÃO CANELA-ESTRADA COM ACESSO AO ASSENTAMENTO AREIA BRANCA, CONFORME TERMO DE CONVENIO Nº032/630/2023 CELEBRADO ENTRE ESTA MUNICIPALIDADE E A CORDENADORIA ESTADUAL DE PROTEÇÃO E DEFESA CIVIL-CEPDEC. (R$ 602.097,63)"
32415283000129-1-000001/2023,32415283000129-1-000001-2023.md,MUNICIPIO DE MIGUEL PEREIRA,Edital nº 002/2023 CP/2023,"ALIENAÇÃO DO IMÓVEL PÚBLICO, COM ÁREA TOTAL DE 30.000m², SITUADO NO CONDOMÍNIO DE INTERESSE ECONÔMICO, NO 3º DISTRITO DO MUNICÍPIO DE MIGUEL PEREIRA, PARA IMPLANTAÇÃO DE INDÚSTRIA E COMÉRCIO DE PRODUTOS ALIMENTÍCIOS PARA O MERCADO GASTRONÔMICO DE INTERESSE ECONÔMICO",Capa_Licitacao_002_2023-CP_2023.pdf,,https://pncp.gov.br/pncp-api/v1/orgaos/32415283000129/compras/2023/1/arquivos/1,Ativo,"Alienação do Imóvel Público no Condomínio Industrial (R$ 1.212.900,00)"
32415283000129-1-000001/2023,32415283000129-1-000001-2023.md,MUNICIPIO DE MIGUEL PEREIRA,Edital nº 002/2023 CP/2023,"ALIENAÇÃO DO IMÓVEL PÚBLICO, COM ÁREA TOTAL DE 30.000m², SITUADO NO CONDOMÍNIO DE INTERESSE ECONÔMICO, NO 3º DISTRITO DO MUNICÍPIO DE MIGUEL PEREIRA, PARA IMPLANTAÇÃO DE INDÚSTRIA E COMÉRCIO DE PRODUTOS ALIMENTÍCIOS PARA O MERCADO GASTRONÔMICO DE INTERESSE ECONÔMICO",Edital---Concorrencia-Alienacao-Condominio-Industrial.pdf,,https://pncp.gov.br/pncp-api/v1/orgaos/32415283000129/compras/2023/1/arquivos/2,Ativo,"Alienação do Imóvel Público no Condomínio Industrial (R$ 1.212.900,00)"
46583654000196-1-000001/2022,46583654000196-1-000001-2022.md,MUNICIPIO DE MIRACATU,Edital nº 2463/2022/2022,[Portal de Compras Públicas] - CONTRATAÇÃO DE EMPRESA ESPECIALIZADA PARA INTERVENÇÕES DE QUALIFICAÇÃO VIÁRIA (PAVIMENTAÇÃO E OBRAS COMPLEMENTARES) NO PERÍMETRO URBANO DO MUNICÍPIO DE MIRACATU/SP.,AtaTotal_189720.pdf,,https://pncp.gov.br/pncp-api/v1/orgaos/46583654000196/compras/2022/1/arquivos/2,Ativo,"INTERVENÇÕES DE QUALIFICAÇÃO VIÁRIA (PAVIMENTAÇÃO E OBRAS COMPLEMENTARES) NO PERÍMETRO URBANO DO MUNICÍPIO DE MIRACATU/SP. (R$ 6.579.580,62)"
46583654000196-1-000001/2022,46583654000196-1-000001-2022.md,MUNICIPIO DE MIRACATU,Edital nº 2463/2022/2022,[Portal de Compras Públicas] - CONTRATAÇÃO DE EMPRESA ESPECIALIZADA PARA INTERVENÇÕES DE QUALIFICAÇÃO VIÁRIA (PAVIMENTAÇÃO E OBRAS COMPLEMENTARES) NO PERÍMETRO URBANO DO MUNICÍPIO DE MIRACATU/SP.,EDITAL_CONCORRENCIA_ELETRONICA.pdf,,https://pncp.gov.br/pncp-api/v1/orgaos/46583654000196/compras/2022/1/arquivos/1,Ativo,"INTERVENÇÕES DE QUALIFICAÇÃO VIÁRIA (PAVIMENTAÇÃO E OBRAS COMPLEMENTARES) NO PERÍMETRO URBANO DO MUNICÍPIO DE MIRACATU/SP. (R$ 6.579.580,62)"
46583654000196-1-000001/2023,46583654000196-1-000001-2023.md,MUNICIPIO DE MIRACATU,Edital nº 01/2023,PAVIMENTAÇÃO ASFÁLTICA E OBRAS COMPLEMENTARES - RUA DOZE E RUA JORGE WOLPERT - OLIVEIRA BARROS,EDITAL_01_23_BNC.pdf,,https://pncp.gov.br/pncp-api/v1/orgaos/46583654000196/compras/2023/1/arquivos/1,Ativo,"PAVIMENTAÇÃO ASFÁLTICA E OBRAS COMPLEMENTARES - RUA DOZE E RUA JORGE WOLPERT (R$ 159.829,95)"
46583654000196-1-000002/2023,46583654000196-1-000002-2023.md,MUNICIPIO DE MIRACATU,Edital nº 02/2023,CONTRATAÇÃO DE EMPRESA ESPECIALIZADA PARA PAVIMENTAÇÃO COM PARALELEPÍPEDO DA MRT 460 - SERRA DO MANECÃO,EDITAL_02_23_BNC.pdf,,https://pncp.gov.br/pncp-api/v1/orgaos/46583654000196/compras/2023/2/arquivos/1,Ativo,"PAVIMENTAÇÃO COM PARALELEPÍPEDO DA MRT 460 - SERRA DO MANECÃO (R$ 662.506,51)"
46583654000196-1-000003/2022,46583654000196-1-000003-2022.md,MUNICIPIO DE MIRACATU,Edital nº 07/2022/2022,CONTRATAÇÃO DE EMPRESA ESPECIALIZADA PARA REFORMA E AMPLIAÇÃO CRECHE BAIRRO SANTA RITA – MIRACATU/SP.,Capa_Licitacao_07_2022_2022.pdf,,https://pncp.gov.br/pncp-api/v1/orgaos/46583654000196/compras/2022/3/arquivos/1,Ativo,"REFORMA E AMPLIAÇÃO DA CRECHE NO BAIRRO SANTA RITA - MIRACATU SP (R$ 492.393,20)"
46583654000196-1-000003/2022,46583654000196-1-000003-2022.md,MUNICIPIO DE MIRACATU,Edital nº 07/2022/2022,CONTRATAÇÃO DE EMPRESA ESPECIALIZADA PARA REFORMA E AMPLIAÇÃO CRECHE BAIRRO SANTA RITA – MIRACATU/SP.,EDITAL_CONCORRENCIA_ELETRONICA_CRECHE_SANTA_RITA_compressed.pdf,,https://pncp.gov.br/pncp-api/v1/orgaos/46583654000196/compras/2022/3/arquivos/2,Ativo,"REFORMA E AMPLIAÇÃO DA CRECHE NO BAIRRO SANTA RITA - MIRACATU SP (R$ 492.393,20)"
46583654000196-1-000003/2023,46583654000196-1-000003-2023.md,MUNICIPIO DE MIRACATU,Edital nº 03/2023,"CONTRATAÇÃO DE EMPRESA ESPECIALIZADA PARA PAVIMENTAÇÃO E OBRAS COMPLEMENTARES (BAIRRO VILA NOVA, JARDIM ALVORADA E EXPEDICIONÁRIOS)",EDITAL_03_23_BNC.pdf,,https://pncp.gov.br/pncp-api/v1/orgaos/46583654000196/compras/2023/3/arquivos/1,Ativo,"PAVIMENTAÇÃO E OBRAS COMPLEMENTARES (BAIRRO VILA NOVA, JARDIM ALVORADA E EXPEDICIONÁRIOS) (R$ 1.029.249,17)"
46583654000196-1-000004/2022,46583654000196-1-000004-2022.md,MUNICIPIO DE MIRACATU,Edital nº 08/2022/2022,CONTRATAÇÃO DE EMPRESA ESPECIALIZADA PARA CONSTRUÇÃO DE COMPLEXO ESPORTIVO NO MUNICÍPIO DE MIRACATU,ANEXOS-II.part02.rar,,https://pncp.gov.br/pncp-api/v1/orgaos/46583654000196/compras/2022/4/arquivos/2,Ativo,"CONSTRUÇÃO DE COMPLEXO ESPORTIVO NO MUNICÍPIO DE MIRACATU CONFORME MEMORIAL DESCRITIVO (R$ 6.528.619,07)"
46583654000196-1-000004/2022,46583654000196-1-000004-2022.md,MUNICIPIO DE MIRACATU,Edital nº 08/2022/2022,CONTRATAÇÃO DE EMPRESA ESPECIALIZADA PARA CONSTRUÇÃO DE COMPLEXO ESPORTIVO NO MUNICÍPIO DE MIRACATU,Capa_Licitacao_08_2022_2022.pdf,,https://pncp.gov.br/pncp-api/v1/orgaos/46583654000196/compras/2022/4/arquivos/1,Ativo,"CONSTRUÇÃO DE COMPLEXO ESPORTIVO NO MUNICÍPIO DE MIRACATU CONFORME MEMORIAL DESCRITIVO (R$ 6.528.619,07)"
46583654000196-1-000004/2023,46583654000196-1-000004-2023.md,MUNICIPIO DE MIRACATU,Edital nº 05/2023,CONTRATAÇÃO DE EMPRESA ESPECIALIZADA PARA REFORMA DO GINÁSIO DE ESPORTES,EDITAL_05_23_BNC.pdf,,https://pncp.gov.br/pncp-api/v1/orgaos/46583654000196/compras/2023/4/arquivos/1,Ativo,"CONTRATAÇÃO DE EMPRESA ESPECIALIZADA PARA REFORMA DO GINÁSIO DE ESPORTES (R$ 4.273.733,94)"
46583654000196-1-000005/2022,46583654000196-1-000005-2022.md,MUNICIPIO DE MIRACATU,Edital nº 09/2022,CONTRATAÇÃO DE EMPRESA ESPECIALIZADA PARA PAVIMENTAÇÃO ASFÁLTICA - RUA SÃO JOSÉ - MUSACEA,ANEXOS-DO-EDITAL---CP-09-2022.rar,,https://pncp.gov.br/pncp-api/v1/orgaos/46583654000196/compras/2022/5/arquivos/3,Ativo,"PAVIMENTAÇÃO ASFÁLTICA - RUA SÃO JOSÉ - MUSACEA (R$ 241.947,46)"
46583654000196-1-000005/2022,46583654000196-1-000005-2022.md,MUNICIPIO DE MIRACATU,Edital nº 09/2022,CONTRATAÇÃO DE EMPRESA ESPECIALIZADA PARA PAVIMENTAÇÃO ASFÁLTICA - RUA SÃO JOSÉ - MUSACEA,Capa_Licitacao_09_2022.pdf,,https://pncp.gov.br/pncp-api/v1/orgaos/46583654000196/compras/2022/5/arquivos/1,Ativo,"PAVIMENTAÇÃO ASFÁLTICA - RUA SÃO JOSÉ - MUSACEA (R$ 241.947,46)"
46583654000196-1-000005/2023,46583654000196-1-000005-2023.md,MUNICIPIO DE MIRACATU,Edital nº 04/2023,CONTRATAÇÃO DE EMPRESA PARA CONSTRUÇÃO DE COBERTURA NA E.M JOÃO HIROTAKA KAYÓ,EDITAL_04_23_BNC.pdf,,https://pncp.gov.br/pncp-api/v1/orgaos/46583654000196/compras/2023/5/arquivos/1,Ativo,"CONTRATAÇÃO DE EMPRESA PARA CONSTRUÇÃO DE COBERTURA NA E.M JOÃO HIROTAKA KAYÓ (R$ 58.498,58)"
46583654000196-1-000006/2022,46583654000196-1-000006-2022.md,MUNICIPIO DE MIRACATU,Edital nº 010/2022/2022,CONTRATAÇÃO DE EMPRESA ESPECIALIZADA PARA PAVIMENTAÇÃO ASFÁLTICA - AVENIDA WASHINGTON LUIS - CENTRO,ANEXOS-EDITAL---CP-10-2022.rar,,https://pncp.gov.br/pncp-api/v1/orgaos/46583654000196/compras/2022/6/arquivos/2,Ativo,"PAVIMENTAÇÃO ASFÁLTICA - AVENIDA WASHINGTON LUIS - CENTRO (R$ 449.303,79)"
46583654000196-1-000006/2022,46583654000196-1-000006-2022.md,MUNICIPIO DE MIRACATU,Edital nº 010/2022/2022,CONTRATAÇÃO DE EMPRESA ESPECIALIZADA PARA PAVIMENTAÇÃO ASFÁLTICA - AVENIDA WASHINGTON LUIS - CENTRO,Capa_Licitacao_010_2022_2022.pdf,,https://pncp.gov.br/pncp-api/v1/orgaos/46583654000196/compras/2022/6/arquivos/1,Ativo,"PAVIMENTAÇÃO ASFÁLTICA - AVENIDA WASHINGTON LUIS - CENTRO (R$ 449.303,79)"
46583654000196-1-000006/2023,46583654000196-1-000006-2023.md,MUNICIPIO DE MIRACATU,Edital nº 07/2023,CONTRATAÇÃO DE EMPRESA PARA REFORMA E CONSTRUÇÃO DE COBERTURA NA FARMÁCIA MUNICIPAL,EDITAL_07_23_BNC.pdf,,https://pncp.gov.br/pncp-api/v1/orgaos/46583654000196/compras/2023/6/arquivos/1,Ativo,"CONTRATAÇÃO DE EMPRESA PARA REFORMA E CONSTRUÇÃO DE COBERTURA NA FARMÁCIA MUNICIPAL (R$ 177.689,15)"
46583654000196-1-000007/2022,46583654000196-1-000007-2022.md,MUNICIPIO DE MIRACATU,Edital nº 11/2022/2022,CONTRATAÇÃO DE EMPRESA ESPECIALIZADA PARA ADEQUAÇÃO DE PRÉDIO PARA ABRIGAR O INSTITUTO FEDERAL DE SÃO PAULO (IFSP).,ANEXOS-EDITAL---CP-11-2022.rar,,https://pncp.gov.br/pncp-api/v1/orgaos/46583654000196/compras/2022/7/arquivos/2,Ativo,"ADEQUAÇÃO DE PRÉDIO PARA ABRIGAR O INSTITUTO FEDERAL DE SÃO PAULO (IFSP). (R$ 62.776,83)"
46583654000196-1-000007/2022,46583654000196-1-000007-2022.md,MUNICIPIO DE MIRACATU,Edital nº 11/2022/2022,CONTRATAÇÃO DE EMPRESA ESPECIALIZADA PARA ADEQUAÇÃO DE PRÉDIO PARA ABRIGAR O INSTITUTO FEDERAL DE SÃO PAULO (IFSP).,Capa_Licitacao_11_2022_2022.pdf,,https://pncp.gov.br/pncp-api/v1/orgaos/46583654000196/compras/2022/7/arquivos/1,Ativo,"ADEQUAÇÃO DE PRÉDIO PARA ABRIGAR O INSTITUTO FEDERAL DE SÃO PAULO (IFSP). (R$ 62.776,83)"
46583654000196-1-000007/2023,46583654000196-1-000007-2023.md,MUNICIPIO DE MIRACATU,Edital nº 08/2023/2023,CONTRATAÇÃO DE EMPRESA PARA REFORMA DE TELHADOS DE ESCOLAS,Capa_Licitacao_08_2023_2023.pdf,,https://pncp.gov.br/pncp-api/v1/orgaos/46583654000196/compras/2023/7/arquivos/1,Ativo,"Reforma de Telhados de Escolas conforme termo de referência (R$ 61.414,61)"
46583654000196-1-000007/2023,46583654000196-1-000007-2023.md,MUNICIPIO DE MIRACATU,Edital nº 08/2023/2023,CONTRATAÇÃO DE EMPRESA PARA REFORMA DE TELHADOS DE ESCOLAS,EDITAL_08_23_COMPRASBR.pdf,,https://pncp.gov.br/pncp-api/v1/orgaos/46583654000196/compras/2023/7/arquivos/2,Ativo,"Reforma de Telhados de Escolas conforme termo de referência (R$ 61.414,61)"
46583654000196-1-000008/2022,46583654000196-1-000008-2022.md,MUNICIPIO DE MIRACATU,Edital nº 08/2022-1/2022,CONTRATAÇÃO DE EMPRESA ESPECIALIZADA PARA CONSTRUÇÃO DE COMPLEXO ESPORTIVO NO MUNICÍPIO DE MIRACATU,Capa_Licitacao_08_2022-1_2022.pdf,,https://pncp.gov.br/pncp-api/v1/orgaos/46583654000196/compras/2022/8/arquivos/1,Ativo,"CONSTRUÇÃO DE COMPLEXO ESPORTIVO NO MUNICÍPIO DE MIRACATU CONFORME MEMORIAL DESCRITIVO (R$ 6.528.619,07)"
46583654000196-1-000008/2022,46583654000196-1-000008-2022.md,MUNICIPIO DE MIRACATU,Edital nº 08/2022-1/2022,CONTRATAÇÃO DE EMPRESA ESPECIALIZADA PARA CONSTRUÇÃO DE COMPLEXO ESPORTIVO NO MUNICÍPIO DE MIRACATU,EDITAL_CONCORRENCIA_ELETRONICA_COMPLEXO_ESPORTIVO_RETIFICADO.pdf,,https://pncp.gov.br/pncp-api/v1/orgaos/46583654000196/compras/2022/8/arquivos/2,Ativo,"CONSTRUÇÃO DE COMPLEXO ESPORTIVO NO MUNICÍPIO DE MIRACATU CONFORME MEMORIAL DESCRITIVO (R$ 6.528.619,07)"
46583654000196-1-000008/2023,46583654000196-1-000008-2023.md,MUNICIPIO DE MIRACATU,Edital nº 09/2023/2023,CONSTRUÇÃO DE PORTAL E REVITALIZAÇÃO DE INFRAESTRUTURA URBANA DA PRAÇA ESPAÇO LIVRE ANTÔNIO JORGE TUZINO NO MUNICÍPIO DE MIRACATU/SP,Capa_Licitacao_09_2023_2023.pdf,,https://pncp.gov.br/pncp-api/v1/orgaos/46583654000196/compras/2023/8/arquivos/1,Ativo,"CONSTRUÇÃO DE PORTAL E REVITALIZAÇÃO DE INFRAESTRUTURA URBANA DA PRAÇA ESPAÇO LIVRE ANTÔNIO JORGE TUZINO NO MUNICÍPIO DE MIRACATU/SP (R$ 4.090.670,49)"
46583654000196-1-000008/2023,46583654000196-1-000008-2023.md,MUNICIPIO DE MIRACATU,Edital nº 09/2023/2023,CONSTRUÇÃO DE PORTAL E REVITALIZAÇÃO DE INFRAESTRUTURA URBANA DA PRAÇA ESPAÇO LIVRE ANTÔNIO JORGE TUZINO NO MUNICÍPIO DE MIRACATU/SP,EDITAL_09_23_COMPRASBR.pdf,,https://pncp.gov.br/pncp-api/v1/orgaos/46583654000196/compras/2023/8/arquivos/2,Ativo,"CONSTRUÇÃO DE PORTAL E REVITALIZAÇÃO DE INFRAESTRUTURA URBANA DA PRAÇA ESPAÇO LIVRE ANTÔNIO JORGE TUZINO NO MUNICÍPIO DE MIRACATU/SP (R$ 4.090.670,49)"
03755477000175-1-000003/2023,03755477000175-1-000003-2023.md,MUNICIPIO DE MIRASSOL D'OESTE,Edital nº CONCORRENCIA ELETRONICA 01/2023/2023,[Portal de Compras Públicas] - CONSERVAÇAO DE PAVIMENTO COM APLICAÇAO DE LAMA ASFALTICA.,CONCORRENCIA PuBLICA 01.23 - SERVICOS DE PAVIMENTO COM APLICACAO LAMA ASFALTICA.pdf,,https://pncp.gov.br/pncp-api/v1/orgaos/03755477000175/compras/2023/3/arquivos/1,Ativo,"Lote 1 - PAVIMENTACAO RODOVIARIA - APLICACAO DE LAMA ASFALTICA, FINA E GROSSA (R$ 264.123,37)"
03755477000175-1-000003/2023,03755477000175-1-000003-2023.md,MUNICIPIO DE MIRASSOL D'OESTE,Edital nº CONCORRENCIA ELETRONICA 01/2023/2023,[Portal de Compras Públicas] - CONSERVAÇAO DE PAVIMENTO COM APLICAÇAO DE LAMA ASFALTICA.,despacho.pdf,,https://pncp.gov.br/pncp-api/v1/orgaos/03755477000175/compras/2023/3/arquivos/2,Ativo,"Lote 1 - PAVIMENTACAO RODOVIARIA - APLICACAO DE LAMA ASFALTICA, FINA E GROSSA (R$ 264.123,37)"
03755477000175-1-000005/2023,03755477000175-1-000005-2023.md,MUNICIPIO DE MIRASSOL D'OESTE,Edital nº Concorrência Eletrônica 03/2023/2023,"[Portal de Compras Públicas] - EXECUÇÃO DE OBRA DE IMPLEMENTAÇÃO, PAVIMENTAÇÃO E DRENAGEM NO BAIRRO VILA PAIXÃO",DESPACHO INABILITACAO - CONCORRENCIA 03 - PAIVA.pdf,,https://pncp.gov.br/pncp-api/v1/orgaos/03755477000175/compras/2023/5/arquivos/2,Ativo,"EXECUÇÃO DE OBRA DE IMPLEMENTAÇÃO, PAVIMENTAÇÃO E DRENAGEM NO BAIRRO VILA PAIXÃO (R$ 826.244,85)"
03755477000175-1-000005/2023,03755477000175-1-000005-2023.md,MUNICIPIO DE MIRASSOL D'OESTE,Edital nº Concorrência Eletrônica 03/2023/2023,"[Portal de Compras Públicas] - EXECUÇÃO DE OBRA DE IMPLEMENTAÇÃO, PAVIMENTAÇÃO E DRENAGEM NO BAIRRO VILA PAIXÃO",Edital Concorrencia Eletronica 03.2023.pdf,,https://pncp.gov.br/pncp-api/v1/orgaos/03755477000175/compras/2023/5/arquivos/1,Ativo,"EXECUÇÃO DE OBRA DE IMPLEMENTAÇÃO, PAVIMENTAÇÃO E DRENAGEM NO BAIRRO VILA PAIXÃO (R$ 826.244,85)"
03755477000175-1-000006/2023,03755477000175-1-000006-2023.md,MUNICIPIO DE MIRASSOL D'OESTE,Edital nº CONCORRÊNCIA ELETRÔNICA 02/2023/2023,[Portal de Compras Públicas] - EXECUÇÃO DE OBRA (PROJETO DE SEGURANÇA CONTRA INCÊNDIO E PÂNICO - PSCIP) NA ESCOLA MUNICIPAL INEDI FONTES CASTILHO QUEIROZ,CONCORRENCIA PuBLICA 02.23 - OBRA SEGURANCA INCENDIO.pdf,,https://pncp.gov.br/pncp-api/v1/orgaos/03755477000175/compras/2023/6/arquivos/1,Ativo,"Lote 1 - EXECUÇÃO DE OBRA (PROJETO DE SEGURANÇA CONTRA INCÊNDIO E PÂNICO - PSCIP) NA ESCOLA MUNICIPAL INEDI FONTES CASTILHO QUEIROZ (R$ 269.787,47)"
03755477000175-1-000006/2023,03755477000175-1-000006-2023.md,MUNICIPIO DE MIRASSOL D'OESTE,Edital nº CONCORRÊNCIA ELETRÔNICA 02/2023/2023,[Portal de Compras Públicas] - EXECUÇÃO DE OBRA (PROJETO DE SEGURANÇA CONTRA INCÊNDIO E PÂNICO - PSCIP) NA ESCOLA MUNICIPAL INEDI FONTES CASTILHO QUEIROZ,DESPACHO CONCORRENCIA 02-23 atualizado (1).pdf,,https://pncp.gov.br/pncp-api/v1/orgaos/03755477000175/compras/2023/6/arquivos/2,Ativo,"Lote 1 - EXECUÇÃO DE OBRA (PROJETO DE SEGURANÇA CONTRA INCÊNDIO E PÂNICO - PSCIP) NA ESCOLA MUNICIPAL INEDI FONTES CASTILHO QUEIROZ (R$ 269.787,47)"
01105626000125-1-000001/2023,01105626000125-1-000001-2023.md,MUNICIPIO DE NEROPOLIS,Edital nº 001/2023/2023,"CONTRATAÇÃO DE EMPRESA PARA REALIZAR REFORMA E ADEQUAÇÃO DO PRÉDIO DO CENTRO DE FISIOTERAPIA, com área total reformada de 523,47m². CONFORME EXIGÊNCIAS E ESPECIFICAÇÕES MÍNIMAS INDICADAS NO TERMO DE REFERÊNCIA, PROJETO BÁSICO E DEMAIS ANEXOS.",43260Edital_CONCORRENCIA_ELETRONICA____001_2023.pdf,,https://pncp.gov.br/pncp-api/v1/orgaos/01105626000125/compras/2023/1/arquivos/1,Ativo,"Lote Único (R$ 489.718,35)"
01105626000125-1-000002/2023,01105626000125-1-000002-2023.md,MUNICIPIO DE NEROPOLIS,Edital nº 002/2023,"Contratação de Empresa para realização dos serviços de RECAPEAMENTO ASFÁLTICO EM VIAS URBANAS DO MUNICÍPIO DE NERÓPOLIS, referente ao Contrato de Repasse OGU/MDR 925761/2021, conforme Projetos Básicos, planilhas orçamentárias e demais documentos que compõem o ANEXO I do edital.",PUBLICACAO.zip,PUBLICAÇÃO/; PUBLICAÇÃO/ART correta.pdf; PUBLICAÇÃO/BDI.pdf; PUBLICAÇÃO/CFF - PLATAFORMA +BRASIL.pdf; PUBLICAÇÃO/COMPOSIÇÕES (2).pdf; PUBLICAÇÃO/COTAÇÃO.pdf; PUBLICAÇÃO/CROQUI DE TRANSPORTE DE CBUQ.pdf; PUBLICAÇÃO/CROQUI DE TRANSPORTE DE MATERIAL BETUMINOSO.pdf; PUBLICAÇÃO/CROQUI TRANSPORTE DE EQUIPAMENTOS.pdf; PUBLICAÇÃO/EDITAL CONCORRÊNCIA ELETRÔNICA 002_2023 _ RECAPEAMENTO.pdf; PUBLICAÇÃO/MEMORIA DE CALCULO.pdf; PUBLICAÇÃO/Memorial Descritivo Recapeamento - CBUQ.pdf; PUBLICAÇÃO/PLANILHA DE QUANTITATIVOS - PLATAFORMA + BRASIL.pdf; PUBLICAÇÃO/PLANILHA MÚLTIPLA 01.xls; PUBLICAÇÃO/PLANILHA ORÇAMENTÁRIA - PLATAFORMA +BRASIL.pdf; PUBLICAÇÃO/PROJETO DRENAGEM 1-1.pdf; PUBLICAÇÃO/PROJETO PAVIMENTAÇÃO - 1-3.pdf; PUBLICAÇÃO/PROJETO PAVIMENTAÇÃO - 2-3.pdf; PUBLICAÇÃO/PROJETO PAVIMENTAÇÃO - 3-3.pdf; PUBLICAÇÃO/PROJETO SINALIZAÇÃO 1-2.pdf; PUBLICAÇÃO/PROJETO SINALIZAÇÃO 2-2.pdf; PUBLICAÇÃO/QUADRO DE ÁREAS RECAPEAMENTO E SARJETAS.pdf; PUBLICAÇÃO/QUADRO DE ÁREAS SINALIZAÇÃO.pdf; PUBLICAÇÃO/Referência 07-2022.xls; PUBLICAÇÃO/Termo de Referência.pdf,https://pncp.gov.br/pncp-api/v1/orgaos/01105626000125/compras/2023/2/arquivos/1,Ativo,"REALIZAR RECAPEAMENTO ASFÁLTICO EM VIAS URBANAS DO MUNICÍPIO DE NERÓPOLIS, referente ao Contrato de Repasse OGU/MDR 925761/2021, em regime de empreitada global: material e mão de obra, em conformidade com os detalhamentos contidos no PROJETO BÁSICO, Planilhas Orçamentárias, ART, BDI, MAPAS, Cronograma Físico-financeiro, Memorial de Cálculo, Memorial Descritivo e demais documentos informativos - ANEXO I (R$ 529.907,37)"
01105626000125-1-000002/2023,01105626000125-1-000002-2023.md,MUNICIPIO DE NEROPOLIS,Edital nº 002/2023,"Contratação de Empresa para realização dos serviços de RECAPEAMENTO ASFÁLTICO EM VIAS URBANAS DO MUNICÍPIO DE NERÓPOLIS, referente ao Contrato de Repasse OGU/MDR 925761/2021, conforme Projetos Básicos, planilhas orçamentárias e demais documentos que compõem o ANEXO I do edital.",RECAPEAMENTO DONA ALDA TAVARES - REV.01.dwg.zip,RECAPEAMENTO DONA ALDA TAVARES - REV.01.dwg,https://pncp.gov.br/pncp-api/v1/orgaos/01105626000125/compras/2023/2/arquivos/2,Ativo,"REALIZAR RECAPEAMENTO ASFÁLTICO EM VIAS URBANAS DO MUNICÍPIO DE NERÓPOLIS, referente ao Contrato de Repasse OGU/MDR 925761/2021, em regime de empreitada global: material e mão de obra, em conformidade com os detalhamentos contidos no PROJETO BÁSICO, Planilhas Orçamentárias, ART, BDI, MAPAS, Cronograma Físico-financeiro, Memorial de Cálculo, Memorial Descritivo e demais documentos informativos - ANEXO I (R$ 529.907,37)"
01105626000125-1-000003/2023,01105626000125-1-000003-2023.md,MUNICIPIO DE NEROPOLIS,Edital nº 003/2023,"Contratação de Empresa para realização dos serviços de Reforma do Laboratório de Análises Clínicas, conforme Projetos Básicos, planilhas orçamentárias e demais documentos que compõem o ANEXO I do edital.",972PUBLICACOES.rar,,https://pncp.gov.br/pncp-api/v1/orgaos/01105626000125/compras/2023/3/arquivos/1,Ativo,"Lote Único (R$ 96.179,44)"
01105626000125-1-000004/2023,01105626000125-1-000004-2023.md,MUNICIPIO DE NEROPOLIS,Edital nº 004/2023,"Contratação de empresa para a reforma do CMEI Professora Sandra Maria Magalhães Macedo Crispim, conforme Memorial descritivo, planilhas orçamentárias e demais documentos que compõem o ANEXO I do edital.",90678Edital.7z,,https://pncp.gov.br/pncp-api/v1/orgaos/01105626000125/compras/2023/4/arquivos/1,Ativo,"Lote Único (R$ 306.690,06)"
01105626000125-1-000005/2023,01105626000125-1-000005-2023.md,MUNICIPIO DE NEROPOLIS,Edital nº 005/2023,"Contratação de Empresa para realização dos serviços Contratação de Empresa para execução de serviços de Reforma e Ampliação da Escola Municipal Militarizada Oscarino Caetano de Rezende, em regime de empreitada global: material e mão de obra, em conformidade com os detalhamentos contidos no PROJETO BÁSICO, Planilhas Orçamentárias, ART, BDI, MAPAS, Cronograma Físico-financeiro, Memorial de Cálculo, Memorial Descritivo e demais documentos informativos - ANEXO I",72772Concorrencia_Eletronica_005_2023.7z,,https://pncp.gov.br/pncp-api/v1/orgaos/01105626000125/compras/2023/5/arquivos/1,Ativo,"Contratação de Empresa para execução de serviços de Reforma e Ampliação da Escola Municipal Militarizada Oscarino Caetano de Rezende, em regime de empreitada global: material e mão de obra, em conformidade com os detalhamentos contidos no PROJETO BÁSICO, Planilhas Orçamentárias, ART, BDI, MAPAS, Cronograma Físico-financeiro, Memorial de Cálculo, Memorial Descritivo e demais documentos informativos - ANEXO I (R$ 150.185,75)"
01105626000125-1-000006/2023,01105626000125-1-000006-2023.md,MUNICIPIO DE NEROPOLIS,Edital nº 006/2023,"Contratação de Empresa para realização dos serviços de RECAPEAMENTO ASFÁLTICO EM VIAS URBANAS DO MUNICÍPIO DE NERÓPOLIS, referente ao Contrato de Repasse OGU/MDR 925761/2021, conforme Projetos Básicos, planilhas orçamentárias e demais documentos que compõem o ANEXO I do edital.",30796EDITAL_006_2023.pdf,,https://pncp.gov.br/pncp-api/v1/orgaos/01105626000125/compras/2023/6/arquivos/1,Ativo,"Contratação de Empresa para execução de serviços de Reforma e Ampliação dos Banheiros da Escola Municipal Militarizada Oscarino Caetano de Rezende, em regime de empreitada global: material e mão de obra, em conformidade com os detalhamentos contidos no PROJETO BÁSICO, Planilhas Orçamentárias, ART, BDI, MAPAS, Cronograma Físico-financeiro, Memorial de Cálculo, Memorial Descritivo e demais documentos informativos - ANEXO I (R$ 150.623,74)"
01105626000125-1-000007/2023,01105626000125-1-000007-2023.md,MUNICIPIO DE NEROPOLIS,Edital nº 007/2023,Contratação de empresa especializada em engenharia para execução dos serviços de construção do Núcleo Socioambiental e Implantação elétrica do Parque Ecológico Rosa dos Ventos.,Edital.zip,BDI - NERαPOLIS - PQ. AMBIENTAL ass.pdf; DECLARAÇ╟O DO REGIME DE EXECUÇ╟O DE OBRA.pdf; DECLARAÇ╟O DOS ENCARGOS SOCIAIS.pdf; EDITAL CONCORR╥NCIA ELETRΓNICA - ROSA DOS VENTOS.pdf; JUSTIFICATIVA ITENS DE MAIOR RELEV╢NCIA.pdf; MEMORIAL DESCRITIVO NUCLEO SOCIO AMBIENTAL.pdf; MEMORIAL DESCRITIVO PARQUE ROSA DOS VENTOS.pdf; NΘCLEO SαCIOAMBIENTAL REV-01 - Cronograma ass.pdf; NΘCLEO SαCIOAMBIENTAL REV-01 - Memória de Cálculo.pdf; NΘCLEO SαCIOAMBIENTAL REV-01 -Orçamento Sintético Ñ Desonerado ass.pdf; PQ AMBIENTAL - IMPLANTAÇ╟O ELÉ - Cronograma ass.pdf; PQ AMBIENTAL - IMPLANTAÇ╟O ELÉ - Memória de Cálculo.pdf; PQ AMBIENTAL - IMPLANTAÇ╟O ELÉ - Sintético com Valor da M╞o de Obra e Material ass.pdf; Termo de Referência CE 007_2023 _ Rosa dos Ventos.pdf,https://pncp.gov.br/pncp-api/v1/orgaos/01105626000125/compras/2023/7/arquivos/1,Ativo,"Contratação de empresa especializada em engenharia para execução para execução dos serviços de construção do Núcleo Socioambiental e Implantação elétrica do Parque Ecológico Rosa dos Ventos (R$ 2.038.112,48)"
01105626000125-1-000008/2023,01105626000125-1-000008-2023.md,MUNICIPIO DE NEROPOLIS,Edital nº 008/2023/2023,"Contratação de empresa para realizar construção de um complexo contendo: sala de aula, sala de professor, sala de manutenção e banheiros. CONFORME EXIGÊNCIAS E ESPECIFICAÇÕES MÍNIMAS INDICADAS NO TERMO DE REFERÊNCIA, PROJETO BÁSICO E DEMAIS ANEXOS",edital.pdf,,https://pncp.gov.br/pncp-api/v1/orgaos/01105626000125/compras/2023/8/arquivos/1,Ativo,"Contratação de empresa para realizar construção de um complexo contendo: sala de aula, sala de professor, sala de manutenção e banheiros. CONFORME EXIGÊNCIAS E ESPECIFICAÇÕES MÍNIMAS INDICADAS NO TERMO DE REFERÊNCIA, PROJETO BÁSICO E DEMAIS ANEXOS. (R$ 145.661,50)"
01105626000125-1-000009/2023,01105626000125-1-000009-2023.md,MUNICIPIO DE NEROPOLIS,Edital nº 007/2023 (Edital Retificado)/2023,Contratação de empresa especializada em engenharia para execução dos serviços de construção do Núcleo Socioambiental e Implantação elétrica do Parque Ecológico Rosa dos Ventos.,72266LICITATORIO_PQ_ROSA_DOS_VENTOS_2_Chamada.zip,72266LICITATORIO_PQ_ROSA_DOS_VENTOS_2_Chamada/; 72266LICITATORIO_PQ_ROSA_DOS_VENTOS_2_Chamada/EDITAL/; 72266LICITATORIO_PQ_ROSA_DOS_VENTOS_2_Chamada/EDITAL/Anotação de Responsabilidade Técnica ART - Núcleo Sócioambiental + Imp Elétrica.pdf; 72266LICITATORIO_PQ_ROSA_DOS_VENTOS_2_Chamada/EDITAL/DECLARAÇÃO DO REGIME DE EXECUÇÃO DE OBRA.pdf; 72266LICITATORIO_PQ_ROSA_DOS_VENTOS_2_Chamada/EDITAL/DECLARAÇÃO DOS ENCARGOS SOCIAIS.pdf; 72266LICITATORIO_PQ_ROSA_DOS_VENTOS_2_Chamada/EDITAL/EDITAL 007_2023 (Segunda Chamada).pdf; 72266LICITATORIO_PQ_ROSA_DOS_VENTOS_2_Chamada/EDITAL/JUSTIFICATIVA ITENS DE MAIOR RELEVÂNCIA.pdf; 72266LICITATORIO_PQ_ROSA_DOS_VENTOS_2_Chamada/EDITAL/Termo de Referência CE 007_2023 _ Rosa dos Ventos.pdf; 72266LICITATORIO_PQ_ROSA_DOS_VENTOS_2_Chamada/IMPLANTAÇÃO/; 72266LICITATORIO_PQ_ROSA_DOS_VENTOS_2_Chamada/IMPLANTAÇÃO/ELÉTRICO/; 72266LICITATORIO_PQ_ROSA_DOS_VENTOS_2_Chamada/IMPLANTAÇÃO/ELÉTRICO/PROJETO_ELETRICO_PARQUE_NEROPOLIS-Model 1.pdf; 72266LICITATORIO_PQ_ROSA_DOS_VENTOS_2_Chamada/IMPLANTAÇÃO/ELÉTRICO/PROJETO_ELETRICO_PARQUE_NEROPOLIS-Model 2.pdf; 72266LICITATORIO_PQ_ROSA_DOS_VENTOS_2_Chamada/IMPLANTAÇÃO/ELÉTRICO/PROJETO_ELETRICO_PARQUE_NEROPOLIS-Model 3.pdf; 72266LICITATORIO_PQ_ROSA_DOS_VENTOS_2_Chamada/IMPLANTAÇÃO/ELÉTRICO/PROJETO_ELETRICO_PARQUE_NEROPOLIS-Model 4.pdf; 72266LICITATORIO_PQ_ROSA_DOS_VENTOS_2_Chamada/IMPLANTAÇÃO/ELÉTRICO/PROJETO_ELETRICO_PARQUE_NEROPOLIS-Model 5.pdf; 72266LICITATORIO_PQ_ROSA_DOS_VENTOS_2_Chamada/IMPLANTAÇÃO/MEMORIAL/; 72266LICITATORIO_PQ_ROSA_DOS_VENTOS_2_Chamada/IMPLANTAÇÃO/MEMORIAL/MEMORIAL DESCRITIVO IMPLANTAÇÃO ELETRICO.pdf; 72266LICITATORIO_PQ_ROSA_DOS_VENTOS_2_Chamada/IMPLANTAÇÃO/ORÇAMENTO/; 72266LICITATORIO_PQ_ROSA_DOS_VENTOS_2_Chamada/IMPLANTAÇÃO/ORÇAMENTO/BDI - NEREPOLIS - IMPLANTAÇÃO.xlsx; 72266LICITATORIO_PQ_ROSA_DOS_VENTOS_2_Chamada/IMPLANTAÇÃO/ORÇAMENTO/PQ AMBIENTAL - IMPLANTÇAO ELETRICO - Cronograma.xlsx; 72266LICITATORIO_PQ_ROSA_DOS_VENTOS_2_Chamada/IMPLANTAÇÃO/ORÇAMENTO/PQ AMBIENTAL IMPLANTAÇÃO ELETRICO - Memorial de Calculo.xlsx; 72266LICITATORIO_PQ_ROSA_DOS_VENTOS_2_Chamada/IMPLANTAÇÃO/ORÇAMENTO/PQ AMBIENTAL IMPLANTAÇÃO ELETRICO - Sintetico com Valor da Mo de Obra e Material.xlsx; 72266LICITATORIO_PQ_ROSA_DOS_VENTOS_2_Chamada/NUCLEO SOCIOAMBIENTAL/; 72266LICITATORIO_PQ_ROSA_DOS_VENTOS_2_Chamada/NUCLEO SOCIOAMBIENTAL/ELÉTRICO/; 72266LICITATORIO_PQ_ROSA_DOS_VENTOS_2_Chamada/NUCLEO SOCIOAMBIENTAL/ELÉTRICO/PROJETO_ELETRICO_PARQUE_NEROPOLIS-Model 1.pdf; 72266LICITATORIO_PQ_ROSA_DOS_VENTOS_2_Chamada/NUCLEO SOCIOAMBIENTAL/ELÉTRICO/PROJETO_ELETRICO_PARQUE_NEROPOLIS-Model 2.pdf; 72266LICITATORIO_PQ_ROSA_DOS_VENTOS_2_Chamada/NUCLEO SOCIOAMBIENTAL/ELÉTRICO/PROJETO_ELETRICO_PARQUE_NEROPOLIS-Model 3.pdf; 72266LICITATORIO_PQ_ROSA_DOS_VENTOS_2_Chamada/NUCLEO SOCIOAMBIENTAL/ELÉTRICO/PROJETO_ELETRICO_PARQUE_NEROPOLIS-Model 4.pdf; 72266LICITATORIO_PQ_ROSA_DOS_VENTOS_2_Chamada/NUCLEO SOCIOAMBIENTAL/ELÉTRICO/PROJETO_ELETRICO_PARQUE_NEROPOLIS-Model 5.pdf; 72266LICITATORIO_PQ_ROSA_DOS_VENTOS_2_Chamada/NUCLEO SOCIOAMBIENTAL/ESTRUTURAL/; 72266LICITATORIO_PQ_ROSA_DOS_VENTOS_2_Chamada/NUCLEO SOCIOAMBIENTAL/ESTRUTURAL/ESTRUTURA_NSA 01-06.pdf; 72266LICITATORIO_PQ_ROSA_DOS_VENTOS_2_Chamada/NUCLEO SOCIOAMBIENTAL/ESTRUTURAL/ESTRUTURA_NSA 02-06.pdf; 72266LICITATORIO_PQ_ROSA_DOS_VENTOS_2_Chamada/NUCLEO SOCIOAMBIENTAL/ESTRUTURAL/ESTRUTURA_NSA 03-06.pdf; 72266LICITATORIO_PQ_ROSA_DOS_VENTOS_2_Chamada/NUCLEO SOCIOAMBIENTAL/ESTRUTURAL/ESTRUTURA_NSA 04-06.pdf; 72266LICITATORIO_PQ_ROSA_DOS_VENTOS_2_Chamada/NUCLEO SOCIOAMBIENTAL/ESTRUTURAL/ESTRUTURA_NSA 05-06.pdf; 72266LICITATORIO_PQ_ROSA_DOS_VENTOS_2_Chamada/NUCLEO SOCIOAMBIENTAL/ESTRUTURAL/ESTRUTURA_NSA 06-06.pdf; 72266LICITATORIO_PQ_ROSA_DOS_VENTOS_2_Chamada/NUCLEO SOCIOAMBIENTAL/HIDROSSANITÁRIO/; 72266LICITATORIO_PQ_ROSA_DOS_VENTOS_2_Chamada/NUCLEO SOCIOAMBIENTAL/HIDROSSANITÁRIO/02-ESG-NSA-R01.pdf; 72266LICITATORIO_PQ_ROSA_DOS_VENTOS_2_Chamada/NUCLEO SOCIOAMBIENTAL/HIDROSSANITÁRIO/02-HID-NSA-R01.pdf; 72266LICITATORIO_PQ_ROSA_DOS_VENTOS_2_Chamada/NUCLEO SOCIOAMBIENTAL/leia-me.txt; 72266LICITATORIO_PQ_ROSA_DOS_VENTOS_2_Chamada/NUCLEO SOCIOAMBIENTAL/MEMORIAL/; 72266LICITATORIO_PQ_ROSA_DOS_VENTOS_2_Chamada/NUCLEO SOCIOAMBIENTAL/MEMORIAL/MEMORIAL DESCRITIVO - ARQUITETURA_PARQUE_NERËPOLIS.pdf; 72266LICITATORIO_PQ_ROSA_DOS_VENTOS_2_Chamada/NUCLEO SOCIOAMBIENTAL/ORÇAMENTO/; 72266LICITATORIO_PQ_ROSA_DOS_VENTOS_2_Chamada/NUCLEO SOCIOAMBIENTAL/ORÇAMENTO/NUCLEO SOCIOAMBIENTAL - BDI.xlsx; 72266LICITATORIO_PQ_ROSA_DOS_VENTOS_2_Chamada/NUCLEO SOCIOAMBIENTAL/ORÇAMENTO/NUCLEO SOCIOAMBIENTAL REV-01 - Cronograma.xlsx; 72266LICITATORIO_PQ_ROSA_DOS_VENTOS_2_Chamada/NUCLEO SOCIOAMBIENTAL/ORÇAMENTO/NUCLEO SOCIOAMBIENTAL REV-01 - Sintético com Valor da Mão de Obra e Material.xlsx; 72266LICITATORIO_PQ_ROSA_DOS_VENTOS_2_Chamada/NUCLEO SOCIOAMBIENTAL/ORÇAMENTO/NUCLEO SOCIOAMBIENTAL REV-01.xlsx,https://pncp.gov.br/pncp-api/v1/orgaos/01105626000125/compras/2023/9/arquivos/1,Ativo,"Contratação de empresa especializada em engenharia para execução para execução dos serviços de construção do Núcleo Socioambiental e Implantação elétrica do Parque Ecológico Rosa dos Ventos (R$ 2.038.112,48)"
01105626000125-1-000010/2023,01105626000125-1-000010-2023.md,MUNICIPIO DE NEROPOLIS,Edital nº 009/2023/2023,"Contratação de empresa especializada para realização de recapeamento asfáltico em concreto betuminoso usinado a quente – CBUQ no Bairro Morumbi, Município de Nerópolis – GO, conforme contratos de repasses OGU n°s 929107/2022 e 929076/2022 CE GIGOV/GO - Operação 1082711-33 e 1082644-05. Tudo conforme termo de referência, memorial descritivo e demais anexos.",Edital e demais anexos.zip,AVISO DE LICITAÇ╟O _ C E 009_2023 (AGM).pdf; AVISO DE LICITAÇ╟O _ C E 009_2023 (Estado).pdf; AVISO DE LICITAÇ╟O _ C E 009_2023 (UNI╟O).pdf; EDITAL 009_2023 ok.pdf; leia_me.txt; TERMO DE REFER╥NCIA - Convenio recapeamento Caixa 929076-2022 ok.pdf; TERMO DE REFER╥NCIA - Convenio recapeamento Caixa 929107-2022 ok.pdf,https://pncp.gov.br/pncp-api/v1/orgaos/01105626000125/compras/2023/10/arquivos/3,Ativo,"Contratação de empresa especializada para realização de recapeamento asfáltico em concreto betuminoso usinado a quente – CBUQ no Bairro Morumbi, Município de Nerópolis – GO, conforme contrato de repasse MDR n° 929107/2022 - Operação 1082711-33. Tudo conforme termo de referência, memorial descritivo e demais anexos (R$ 386.292,68); Contratação de empresa especializada para realização de recapeamento asfáltico em concreto betuminoso usinado a quente – CBUQ no Bairro Morumbi, Município de Nerópolis – GO, conforme contrato de repasses MDR n° 929076/2022 - Operação 1082644-05. Tudo conforme termo de referência, memorial descritivo e demais anexos (R$ 521.626,46)"
01105626000125-1-000011/2023,01105626000125-1-000011-2023.md,MUNICIPIO DE NEROPOLIS,Edital nº 10/2023/2023,"Contratação de empresa especializada, para a realização da manutenção de pavimentação em piso intertravado tipo Blokrets no município de Nerópolis-GO. Conforme termo de referência e demais anexos.",EDITAL_ DOCUMENTOS2.rar,,https://pncp.gov.br/pncp-api/v1/orgaos/01105626000125/compras/2023/11/arquivos/2,Ativo,"Contratação de empresa especializada, para a realização da manutenção de pavimentação em piso intertravado tipo Blokrets no município de Nerópolis-GO. Conforme termo de referência e demais anexos. (R$ 214.444,59)"
01105626000125-1-000012/2023,01105626000125-1-000012-2023.md,MUNICIPIO DE NEROPOLIS,Edital nº 007/2023 3ª Chamada/2023,"CONTRATAÇÃO DE EMPRESA PARA CONSTRUÇÃO DO NÚCLEO SOCIOAMBIENTAL E A PARTE DE IMPLANTAÇÃO ELÉTRICA DO PARQUE AMBIENTAL ROSA DOS VENTOS, conforme Projetos Básicos, planilhas orçamentárias e demais documentos que compõem o ANEXO I do edital.",edital.pdf,,https://pncp.gov.br/pncp-api/v1/orgaos/01105626000125/compras/2023/12/arquivos/1,Ativo,"CONTRATAÇÃO DE EMPRESA PARA CONSTRUÇÃO DO NÚCLEO SOCIOAMBIENTAL E A PARTE DE IMPLANTAÇÃO ELÉTRICA DO PARQUE AMBIENTAL ROSA DOS VENTOS, conforme Projetos Básicos, planilhas orçamentárias e demais documentos que compõem o ANEXO I do edital. (R$ 2.038.112,48)"
01105626000125-1-000013/2023,01105626000125-1-000013-2023.md,MUNICIPIO DE NEROPOLIS,Edital nº 008/2023 2ª Chamada/2023,"Contratação de empresa para realizar construção de um complexo contendo: sala de aula, sala de professor, sala de manutenção e banheiros. CONFORME EXIGÊNCIAS E ESPECIFICAÇÕES MÍNIMAS INDICADAS NO TERMO DE REFERÊNCIA, PROJETO BÁSICO E DEMAIS ANEXOS",edital.pdf,,https://pncp.gov.br/pncp-api/v1/orgaos/01105626000125/compras/2023/13/arquivos/1,Ativo,"Contratação de empresa para realizar construção de um complexo contendo: sala de aula, sala de professor, sala de manutenção e banheiros. CONFORME EXIGÊNCIAS E ESPECIFICAÇÕES MÍNIMAS INDICADAS NO TERMO DE REFERÊNCIA, PROJETO BÁSICO E DEMAIS ANEXOS. (R$ 153.870,94)"
01105626000125-1-000014/2023,01105626000125-1-000014-2023.md,MUNICIPIO DE NEROPOLIS,Edital nº 011/2023/2023,"Contratação de empresa especializada, para a realização da reforma e ampliação da Escola Professor Oscarino Caetano Rezende. Conforme termo de referência e demais anexos.",edital.pdf,,https://pncp.gov.br/pncp-api/v1/orgaos/01105626000125/compras/2023/14/arquivos/1,Ativo,"Contratação de empresa especializada, para a realização da reforma e ampliação da Escola Professor Oscarino Caetano Rezende. Conforme termo de referência e demais anexos. (R$ 2.000.303,24)"
01105626000125-1-000016/2023,01105626000125-1-000016-2023.md,MUNICIPIO DE NEROPOLIS,Edital nº 012/2023/2023,"Contratação de empresa especializada em engenharia para a Construção da Praça com Fonte D’água, localizada entre a Rua Anysio e Rua S-4, Setor Alto da Boa Vista – Nerópolis-GO, e também para a Construção da Praça com Pórtico Espacial, localizada na Rua Arice com Rua RC-1 Setor Nova Cidade – Nerópolis-GO. Conforme condições, quantidades e estimativas estabelecidas no Projeto Básico e demais anexos.",edital.pdf,,https://pncp.gov.br/pncp-api/v1/orgaos/01105626000125/compras/2023/16/arquivos/1,Ativo,"Contratação de empresa especializada em engenharia para a Construção da Praça com Fonte D’água, localizada entre a Rua Anysio e Rua S-4, Setor Alto da Boa Vista – Nerópolis-GO. Conforme termo de referência e demais anexos (R$ 2.771.919,06); Construção da Praça com Pórtico Espacial, localizada na Rua Arice com Rua RC-1 Setor Nova Cidade – Nerópolis-GO. Conforme termo de referência e demais anexos. (R$ 6.104.739,30)"
92455393000146-1-000001/2023,92455393000146-1-000001-2023.md,MUNICIPIO DE NOVA ESPERANCA DO SUL,Edital nº 001/2023,"CONCESSÃO, A TÍTULO ONEROSO, DO DIREITO DE EXPLORAÇÃO DOS EVENTOS RELACIONADOS AO CARNAVAL 2023, DO MUNICÍPIO DE NOVA ESPERANÇA DO SUL, RS",Edital_Assinado.pdf,,https://pncp.gov.br/pncp-api/v1/orgaos/92455393000146/compras/2023/1/arquivos/1,Ativo,"Concessão de uso, a título oneroso, de espaço público, a fim de exploração dos eventos relacionados ao Carnaval 2023, do município de Nova Esperança do Sul, RS, conforme Termo de Referência (R$ 500,00)"
01608820000123-1-000093/2025,01608820000123-1-000093-2025.md,MUNICIPIO DE PAINEL,Edital nº 24/2025,"CONTRATAÇÃO DE PESSOA(S) JURÍDICA(S) PARA A PRESTAÇÃO, EM REGIME DE FRETAMENTO, DE SERVIÇO DE TRANSPORTE DE ALUNOS DA REDE DE ENSINO, DO MUNICÍPIO DE PAINEL/SC.",EDITAL_ASSINADO.pdf,,https://pncp.gov.br/pncp-api/v1/orgaos/01608820000123/compras/2025/93/arquivos/1,Ativo,"Servico de transporte escolar Linha 01 (Localid de Serrinha)Servico de transporte escolar Linha 01 (Localid de Serrinha)Km aproximado por dia: 102Itinerario: no periodo Matutino: na Fazenda do seu Estima, Condominio: Vila Nevada, Bairro: Nossa Senhora Aparecida e leva ate a escola Padre Antonio Trivellin, em seguida CEIM.Vespertino: Partida da EEB Padre Antonio Trivelhin, Bairro: Nossa Senhora, Fazenda do Estima, Fazenda do Juquinha, Condominio Vila Nevada, Serrinha, Bairro: Nossa Senhora Aparecida ate a EEB Padre Antonio e CEIM Jose Henrique. As 17h: Partida: CEIM Jose Henrique, Escola: EEB Padre Antonio Trivelhin, Bairro: Nossa Senhora Aparecida, Serrinha, Condominio Vila Nevada, Fazenda do Juquinha. Veiculo: com 7 ou mais lugares. (R$ 156.580,20); Serv de transp escolar Linha 02A EJA (Localid de Mortandade)Servico de transporte escolar Linha 02A EJA (Localidade de Mortandade)Km aproximado por dia: 20 Turno: noturnoItinerario: Localidade de Mortandade ate a Escola Estadual Padre Antonio Trivellin.Veiculo: com 5 lugares ou mais. (R$ 30.702,00)"
06209936000103-1-000007/2024,06209936000103-1-000007-2024.md,MUNICIPIO DE PALMEIRANDIA,Edital nº 007/2024,"[LICITANET] - Registro de Preços para futura e eventual contratação de Pessoa Jurídica para fornecimento de material de consumo (expediente, higiene, limpeza e copa e cozinha), para atender as necessidades das diversas Secretarias do município de Palmeirândia - MA.",117083_editais_1733770737.zip,12. EDITAL P. E. Nº 007-2024 SRP (6).pdf,https://pncp.gov.br/pncp-api/v1/orgaos/06209936000103/compras/2024/7/arquivos/2,Ativo,"ADAPTADOR, TIPO PINOREDONDO, QUANTIDADE PINOS3 UN, TENSÃO NOMINAL250 V, TIPO3 SAíDAS PARA PLUG COM 3 PINO, CONEXÃOTIPO T, MODELOBENJAMIM, CORRENTE NOMINAL10 A, APLICAÇÃOMULTIPLICADOR DE TOMADAS (R$ 486,00); ALFINETE MAPA, MATERIALAÇO, MATERIAL CABEÇAPLÁSTICO, FORMATO CABEÇAREDONDO, CORVARIADA (R$ 2.797,50)"
06209936000103-1-000007/2024,06209936000103-1-000007-2024.md,MUNICIPIO DE PALMEIRANDIA,Edital nº 007/2024,"[LICITANET] - Registro de Preços para futura e eventual contratação de Pessoa Jurídica para fornecimento de material de consumo (expediente, higiene, limpeza e copa e cozinha), para atender as necessidades das diversas Secretarias do município de Palmeirândia - MA.",licitanet_termo_de_homologacao_ok_1736417822.pdf,,https://pncp.gov.br/pncp-api/v1/orgaos/06209936000103/compras/2024/7/arquivos/3,Ativo,"ADAPTADOR, TIPO PINOREDONDO, QUANTIDADE PINOS3 UN, TENSÃO NOMINAL250 V, TIPO3 SAíDAS PARA PLUG COM 3 PINO, CONEXÃOTIPO T, MODELOBENJAMIM, CORRENTE NOMINAL10 A, APLICAÇÃOMULTIPLICADOR DE TOMADAS (R$ 486,00); ALFINETE MAPA, MATERIALAÇO, MATERIAL CABEÇAPLÁSTICO, FORMATO CABEÇAREDONDO, CORVARIADA (R$ 2.797,50)"
75476556000158-1-000027/2023,75476556000158-1-000027-2023.md,MUNICIPIO DE PARAISO DO NORTE,Edital nº 6/2023,OBRAS - RECAPEAMENTO ASFALTICO - Proposta nº 22822/2022 - Contrato de repasse nº 939956/2022.,%2Fvar%2Fwww%2Fhtml%2Fparaisodonorte.atende.net%2Ftemp%2FWCO%2FPNCP%2FEdital%2FEdital_da_Concorrencia_Eletronica_n_062023__Recapeamento.pdf,,https://pncp.gov.br/pncp-api/v1/orgaos/75476556000158/compras/2023/27/arquivos/2,Ativo,"OBRAS - RECAPEAMENTO DE VIAS URBANAS. (R$ 579.352,73)"
75476556000158-1-000027/2023,75476556000158-1-000027-2023.md,MUNICIPIO DE PARAISO DO NORTE,Edital nº 6/2023,OBRAS - RECAPEAMENTO ASFALTICO - Proposta nº 22822/2022 - Contrato de repasse nº 939956/2022.,/var/www/html/paraisodonorte.atende.net/temp/WCO/PNCP/Edital/edital_72_2023_3035_documento.pdf,,https://pncp.gov.br/pncp-api/v1/orgaos/75476556000158/compras/2023/27/arquivos/1,Ativo,"OBRAS - RECAPEAMENTO DE VIAS URBANAS. (R$ 579.352,73)"
75476556000158-1-000028/2023,75476556000158-1-000028-2023.md,MUNICIPIO DE PARAISO DO NORTE,Edital nº 5/2023,OBRAS - RECAPEAMENTO ASFALTICO - Proposta nº 27085/2022 - Contrato de repasse nº 939826/2022,%2Fvar%2Fwww%2Fhtml%2Fparaisodonorte.atende.net%2Ftemp%2FWCO%2FPNCP%2FEdital%2FEdital_da_Concorrencia_Eletronica_n_05__Recapeamento_Asfaltico.pdf,,https://pncp.gov.br/pncp-api/v1/orgaos/75476556000158/compras/2023/28/arquivos/2,Ativo,"OBRAS - RECAPEAMENTO DE VIAS URBANAS. (R$ 257.837,86)"
75476556000158-1-000028/2023,75476556000158-1-000028-2023.md,MUNICIPIO DE PARAISO DO NORTE,Edital nº 5/2023,OBRAS - RECAPEAMENTO ASFALTICO - Proposta nº 27085/2022 - Contrato de repasse nº 939826/2022,/var/www/html/paraisodonorte.atende.net/temp/WCO/PNCP/Edital/edital_71_2023_3035_documento.pdf,,https://pncp.gov.br/pncp-api/v1/orgaos/75476556000158/compras/2023/28/arquivos/1,Ativo,"OBRAS - RECAPEAMENTO DE VIAS URBANAS. (R$ 257.837,86)"
45685120000108-1-000002/2023,45685120000108-1-000002-2023.md,MUNICIPIO DE PARIQUERA-ACU,Edital nº CPE Nº 001/2023/2023,"[Portal de Compras Públicas] - O objeto da presente licitação é a escolha da proposta mais vantajosa para contratação de empresa especializada em OBRAS E SERVIÇOS DE ENGENHARIA para reforma e readaptação do Centro de Eventos Municipal, localizado na Avenida Olímpica, Vila Paulino Ribeiro, neste município.",AtaTotal_225165.pdf,,https://pncp.gov.br/pncp-api/v1/orgaos/45685120000108/compras/2023/2/arquivos/2,Ativo,"O objeto da presente licitação é a escolha da proposta mais vantajosa para contratação de empresa especializada em OBRAS E SERVIÇOS DE ENGENHARIA para reforma e readaptação do Centro de Eventos Municipal, localizado na Avenida Olímpica, Vila Paulino Ribeiro, neste município. (R$ 461.394,26)"
45685120000108-1-000002/2023,45685120000108-1-000002-2023.md,MUNICIPIO DE PARIQUERA-ACU,Edital nº CPE Nº 001/2023/2023,"[Portal de Compras Públicas] - O objeto da presente licitação é a escolha da proposta mais vantajosa para contratação de empresa especializada em OBRAS E SERVIÇOS DE ENGENHARIA para reforma e readaptação do Centro de Eventos Municipal, localizado na Avenida Olímpica, Vila Paulino Ribeiro, neste município.",EDITAL - CONCORRENCIA ELETRONICA - REFORMA CENTRO DE EVENTOS COMPLETO.pdf,,https://pncp.gov.br/pncp-api/v1/orgaos/45685120000108/compras/2023/2/arquivos/1,Ativo,"O objeto da presente licitação é a escolha da proposta mais vantajosa para contratação de empresa especializada em OBRAS E SERVIÇOS DE ENGENHARIA para reforma e readaptação do Centro de Eventos Municipal, localizado na Avenida Olímpica, Vila Paulino Ribeiro, neste município. (R$ 461.394,26)"
45685120000108-1-000004/2022,45685120000108-1-000004-2022.md,MUNICIPIO DE PARIQUERA-ACU,Edital nº CONCORRÊNCIA 01/2022/2022,"[Portal de Compras Públicas] - O objeto da presente licitação é a escolha da proposta mais vantajosa para contratação de empresa contratação de empresa especializada em OBRA para construção de creche padrão FDE, na Rua Vereador Aécio Gauglitz, s/n, Vila Palmira, neste município para fazer cumprir termo de compromisso firmado junto ao Governo do Estado de São Paulo – Secretária de Educação – Processo SEDUC – PRC - 2021-01947 - DM.",EDITAL - CONCORRENCIA ELETRONICA - CRECHE COMPLETO.pdf,,https://pncp.gov.br/pncp-api/v1/orgaos/45685120000108/compras/2022/4/arquivos/1,Ativo,"contratação de empresa contratação de empresa especializada em OBRA para construção de creche padrão FDE, na Rua Vereador Aécio Gauglitz, s/n, Vila Palmira, neste município para fazer cumprir termo de compromisso firmado junto ao Governo do Estado de São Paulo – Secretária de Educação – Processo SEDUC – PRC - 2021-01947 - DM. (R$ 4.062.528,77)"
45685120000108-1-000004/2022,45685120000108-1-000004-2022.md,MUNICIPIO DE PARIQUERA-ACU,Edital nº CONCORRÊNCIA 01/2022/2022,"[Portal de Compras Públicas] - O objeto da presente licitação é a escolha da proposta mais vantajosa para contratação de empresa contratação de empresa especializada em OBRA para construção de creche padrão FDE, na Rua Vereador Aécio Gauglitz, s/n, Vila Palmira, neste município para fazer cumprir termo de compromisso firmado junto ao Governo do Estado de São Paulo – Secretária de Educação – Processo SEDUC – PRC - 2021-01947 - DM.",MEMO OBRAS NOVA ENGEVAL.pdf,,https://pncp.gov.br/pncp-api/v1/orgaos/45685120000108/compras/2022/4/arquivos/2,Ativo,"contratação de empresa contratação de empresa especializada em OBRA para construção de creche padrão FDE, na Rua Vereador Aécio Gauglitz, s/n, Vila Palmira, neste município para fazer cumprir termo de compromisso firmado junto ao Governo do Estado de São Paulo – Secretária de Educação – Processo SEDUC – PRC - 2021-01947 - DM. (R$ 4.062.528,77)"
09084815000170-1-000001/2023,09084815000170-1-000001-2023.md,MUNICIPIO DE PATOS,Edital nº 002/2023/2023,[Portal de Compras Públicas] - CONTRATAÇÃO DE EMPRESA PARA EXECUÇÃO DE SERVIÇOS DE CONCLUSÃO DA CONSTRUÇÃO DO CENTRO DE INICIAÇÃO AO ESPORTE - CIE NO MUNICIPIO DE PATOS - PB,Edital Completo CE - 002-2023 - CIE.pdf,,https://pncp.gov.br/pncp-api/v1/orgaos/09084815000170/compras/2023/1/arquivos/1,Ativo,"CONTRATAÇÃO DE EMPRESA PARA EXECUÇÃO DE SERVIÇOS DE CONCLUSÃO DA CONSTRUÇÃO DO CENTRO DE INICIAÇÃO AO ESPORTE - CIE NO MUNICIPIO DE PATOS - PB (R$ 2.977.923,89)"
09084815000170-1-000001/2023,09084815000170-1-000001-2023.md,MUNICIPIO DE PATOS,Edital nº 002/2023/2023,[Portal de Compras Públicas] - CONTRATAÇÃO DE EMPRESA PARA EXECUÇÃO DE SERVIÇOS DE CONCLUSÃO DA CONSTRUÇÃO DO CENTRO DE INICIAÇÃO AO ESPORTE - CIE NO MUNICIPIO DE PATOS - PB,parecer acerco.pdf,,https://pncp.gov.br/pncp-api/v1/orgaos/09084815000170/compras/2023/1/arquivos/2,Ativo,"CONTRATAÇÃO DE EMPRESA PARA EXECUÇÃO DE SERVIÇOS DE CONCLUSÃO DA CONSTRUÇÃO DO CENTRO DE INICIAÇÃO AO ESPORTE - CIE NO MUNICIPIO DE PATOS - PB (R$ 2.977.923,89)"
09084815000170-1-000002/2022,09084815000170-1-000002-2022.md,MUNICIPIO DE PATOS,Edital nº 001/2022/2022,[Portal de Compras Públicas] - CONTRATAÇÃO DE EMPRESA PARA CONCLUSÃO DOS SERVIÇOS DE CONSTRUÇÃO DO CENTRO DE INICIAÇÃO AO ESPORTE – CIE NO MUNICÍPIO DE PATOS,EDITAL - correto.pdf,,https://pncp.gov.br/pncp-api/v1/orgaos/09084815000170/compras/2022/2/arquivos/1,Ativo,"Lote 1 - CONTRATAÇÃO DE EMPRESA PARA CONCLUSÃO DOS SERVIÇOS DE CONSTRUÇÃO DO CENTRO DE INICIAÇÃO AO ESPORTE – CIE NO MUNICÍPIO DE PATOS (R$ 2.566.517,77)"
09084815000170-1-000003/2022,09084815000170-1-000003-2022.md,MUNICIPIO DE PATOS,Edital nº 002/2022/2022,[Portal de Compras Públicas] - CONTRATAÇÃO DE EMPRESA PARA EXECUÇÃO DE SERVIÇOS DE CONCLUSÃO DA VILA OLÍMPICA NO MUNICÍPIO DE PATOS.,AtaTotal_200391.pdf,,https://pncp.gov.br/pncp-api/v1/orgaos/09084815000170/compras/2022/3/arquivos/2,Ativo,"Lote 1 - CONTRATAÇÃO DE EMPRESA PARA EXECUÇÃO DE SERVIÇOS DE CONCLUSÃO DA VILA OLÍMPICA NO MUNICÍPIO DE PATOS. (R$ 3.032.764,08)"
09084815000170-1-000003/2022,09084815000170-1-000003-2022.md,MUNICIPIO DE PATOS,Edital nº 002/2022/2022,[Portal de Compras Públicas] - CONTRATAÇÃO DE EMPRESA PARA EXECUÇÃO DE SERVIÇOS DE CONCLUSÃO DA VILA OLÍMPICA NO MUNICÍPIO DE PATOS.,CONCORRENCIA 002-2022 - CORRETO.pdf,,https://pncp.gov.br/pncp-api/v1/orgaos/09084815000170/compras/2022/3/arquivos/1,Ativo,"Lote 1 - CONTRATAÇÃO DE EMPRESA PARA EXECUÇÃO DE SERVIÇOS DE CONCLUSÃO DA VILA OLÍMPICA NO MUNICÍPIO DE PATOS. (R$ 3.032.764,08)"
09084815000170-1-000004/2022,09084815000170-1-000004-2022.md,MUNICIPIO DE PATOS,Edital nº 003/2022/2022,[Portal de Compras Públicas] - CONTRATAÇÃO DE EMPRESA PARA EXECUÇÃO DE SERVIÇOS DE REFORMA DO ESTÁDIO JOSÉ CAVALCANTE 2º ETAPA NO MUNICÍPIO DE PATOS-PB,EDITAL CONCORRENCIA 003-2022 - COMPLETO.pdf,,https://pncp.gov.br/pncp-api/v1/orgaos/09084815000170/compras/2022/4/arquivos/1,Ativo,"Lote 1 - CONTRATAÇÃO DE EMPRESA PARA EXECUÇÃO DE SERVIÇOS DE REFORMA DO ESTÁDIO JOSÉ CAVALCANTE 2º ETAPA NO MUNICÍPIO DE PATOS-PB (R$ 1.253.923,33)"
09084815000170-1-000005/2022,09084815000170-1-000005-2022.md,MUNICIPIO DE PATOS,Edital nº 003.1/2022/2022,[Portal de Compras Públicas] - CONTRATAÇÃO DE EMPRESA PARA EXECUÇÃO DE SERVIÇOS DE REFORMA DO ESTÁDIO JOSÉ CAVALCANTE 2º ETAPA NO MUNICÍPIO DE PATOS-PB,EDITAL - Concorrencia Eletronica 03 - 2022 - COMPLETO.pdf,,https://pncp.gov.br/pncp-api/v1/orgaos/09084815000170/compras/2022/5/arquivos/1,Ativo,"Lote 1 - CONTRATAÇÃO DE EMPRESA PARA EXECUÇÃO DE SERVIÇOS DE REFORMA DO ESTÁDIO JOSÉ CAVALCANTE 2º ETAPA NO MUNICÍPIO DE PATOS-PB (R$ 1.253.923,33)"
09084815000170-1-000007/2022,09084815000170-1-000007-2022.md,MUNICIPIO DE PATOS,Edital nº 005.1/2022/2022,[Portal de Compras Públicas] - CONTRATAÇÃO DE EMPRESA PARA FORNECIMENTO E EXECUÇÃO DE SERVIÇOS DE INSTALAÇÃO DE EQUIPAMENTO E MATERIAIS PERMANENTES PARA COMPOR A OBRA DO TEATRO MUNICIPAL DE PATOS - PB,EDITAL 005.2022 - TEATRO.pdf,,https://pncp.gov.br/pncp-api/v1/orgaos/09084815000170/compras/2022/7/arquivos/1,Ativo,"CONTRATAÇÃO DE EMPRESA PARA FORNECIMENTO E EXECUÇÃO DE SERVIÇOS DE INSTALAÇÃO DE EQUIPAMENTO E MATERIAIS PERMANENTES PARA COMPOR A OBRA DO TEATRO MUNICIPAL DE PATOS - PB (R$ 4.383.848,60)"
09084815000170-1-000007/2022,09084815000170-1-000007-2022.md,MUNICIPIO DE PATOS,Edital nº 005.1/2022/2022,[Portal de Compras Públicas] - CONTRATAÇÃO DE EMPRESA PARA FORNECIMENTO E EXECUÇÃO DE SERVIÇOS DE INSTALAÇÃO DE EQUIPAMENTO E MATERIAIS PERMANENTES PARA COMPOR A OBRA DO TEATRO MUNICIPAL DE PATOS - PB,Teatrodepatos - Projetos em DWG.zip,TEATRO PATOS - PROJETO ACÚSTICA I.dwg; TEATRO PATOS - PROJETO ACÚSTICA III.dwg; TEATRO PATOS - PROJETO CLIMATIZAÇÃO.dwg; TEATRO PATOS - PROJETO ACÚSTICA II.dwg; TEATRO PATOS - PROJETO ARQUITETURA.dwg; TEATRO PATOS - PROJETO ELÉTRICO I.dwg; TEATRO PATOS - PROJETO ELÉTRICO III.dwg; TEATRO PATOS - PROJETO ELÉTRICO IV.dwg; TEATRO PATOS - PROJETO ELÉTRICO II.dwg; TEATRO PATOS - PROJETO HIDROSANITÁRIO II.dwg; TEATRO PATOS - PROJETO HIDROSANITÁRIO III.dwg; TEATRO PATOS - PROJETO URBANIZAÇÃO.dwg; TEATRO PATOS - PROJETO HIDROSANITÁRIO.dwg; TEATRO PATOS - PROJETO DE ACESSIBILIDADE dwg.dwg; TEATRO PATOS - SONORIZAÇÃO I.dwg; TEATRO PATOS - SONORIZAÇÃO II.dwg; TEATRO PATOS - SONORIZAÇÃO III.dwg; TEATRO PATOS -PROJETO LUMINOTÉCNICO.dwg; TEATRO PATOS -PROJETO URDIMENTO.dwg,https://pncp.gov.br/pncp-api/v1/orgaos/09084815000170/compras/2022/7/arquivos/2,Ativo,"CONTRATAÇÃO DE EMPRESA PARA FORNECIMENTO E EXECUÇÃO DE SERVIÇOS DE INSTALAÇÃO DE EQUIPAMENTO E MATERIAIS PERMANENTES PARA COMPOR A OBRA DO TEATRO MUNICIPAL DE PATOS - PB (R$ 4.383.848,60)"
09084815000170-1-000008/2022,09084815000170-1-000008-2022.md,MUNICIPIO DE PATOS,Edital nº 004/2022,"[Portal de Compras Públicas] - CONTRATAÇÃO DE EMPRESA PARA EXECUÇÃO DE SERVIÇOS DE PAVIMENTAÇÃO EM PARALELEPÍPEDO EM DIVERSAS RUAS NO MUNICÍPIO DE PATOS, ATRAVÉS DO CONTRATO DE REPASSE Nº 1080658-85",EDITAL - Concorrencia Eletronica 04 - 2022 - PAVIMENTACAO EM PARALELEPiPEDOS_compressed.pdf,,https://pncp.gov.br/pncp-api/v1/orgaos/09084815000170/compras/2022/8/arquivos/1,Ativo,"CONTRATAÇÃO DE EMPRESA PARA EXECUÇÃO DE SERVIÇOS DE PAVIMENTAÇÃO EM PARALELEPÍPEDO EM DIVERSAS RUAS NO MUNICÍPIO DE PATOS, ATRAVÉS DO CONTRATO DE REPASSE Nº 1080658-85 (R$ 4.148.248,58)"
09084815000170-1-000008/2022,09084815000170-1-000008-2022.md,MUNICIPIO DE PATOS,Edital nº 004/2022,"[Portal de Compras Públicas] - CONTRATAÇÃO DE EMPRESA PARA EXECUÇÃO DE SERVIÇOS DE PAVIMENTAÇÃO EM PARALELEPÍPEDO EM DIVERSAS RUAS NO MUNICÍPIO DE PATOS, ATRAVÉS DO CONTRATO DE REPASSE Nº 1080658-85",parecer tecnico - HABILITACAO - SILVA & LEITE.pdf,,https://pncp.gov.br/pncp-api/v1/orgaos/09084815000170/compras/2022/8/arquivos/2,Ativo,"CONTRATAÇÃO DE EMPRESA PARA EXECUÇÃO DE SERVIÇOS DE PAVIMENTAÇÃO EM PARALELEPÍPEDO EM DIVERSAS RUAS NO MUNICÍPIO DE PATOS, ATRAVÉS DO CONTRATO DE REPASSE Nº 1080658-85 (R$ 4.148.248,58)"
18602011000107-1-000024/2023,18602011000107-1-000024-2023.md,MUNICIPIO DE PATOS DE MINAS,Edital nº 01/2023,"[LICITANET] - Contratação de empresa especializada na área de engenharia para a construção do Estacionamento do Parque Municipal Mata do Catingueiro, localizado na Rua Francisco Vieira Cunha esquina com Rua Tenente Alves de Sousa, no bairro Afonso Queiroz",arts_1681400643.rar,,https://pncp.gov.br/pncp-api/v1/orgaos/18602011000107/compras/2023/24/arquivos/1,Ativo,"CONTRATAÇÃO DE EMPRESA ESPECIALIZADA NA ÁREA DE ENGENHARIA PARA A CONSTRUÇÃO DO ESTACIONAMENTO DO PARQUE MUNICIPAL MATA DO CATINGUEIRO, LOCALIZADO NA RUA FRANCISCO VIEIRA CUNHA ESQUINA COM RUA TENENTE ALVES DE SOUSA, NO BAIRRO AFONSO QUEIROZ. (R$ 349.348,77)"
18602011000107-1-000024/2023,18602011000107-1-000024-2023.md,MUNICIPIO DE PATOS DE MINAS,Edital nº 01/2023,"[LICITANET] - Contratação de empresa especializada na área de engenharia para a construção do Estacionamento do Parque Municipal Mata do Catingueiro, localizado na Rua Francisco Vieira Cunha esquina com Rua Tenente Alves de Sousa, no bairro Afonso Queiroz",edital_clicksign_1681400643.pdf,,https://pncp.gov.br/pncp-api/v1/orgaos/18602011000107/compras/2023/24/arquivos/2,Ativo,"CONTRATAÇÃO DE EMPRESA ESPECIALIZADA NA ÁREA DE ENGENHARIA PARA A CONSTRUÇÃO DO ESTACIONAMENTO DO PARQUE MUNICIPAL MATA DO CATINGUEIRO, LOCALIZADO NA RUA FRANCISCO VIEIRA CUNHA ESQUINA COM RUA TENENTE ALVES DE SOUSA, NO BAIRRO AFONSO QUEIROZ. (R$ 349.348,77)"
01640429000106-1-000070/2025,01640429000106-1-000070-2025.md,MUNICIPIO DE PEDRA BONITA,Edital nº 20/2025,"REGISTRO DE PRECOS PARA FUTURA E EVENTUAL AQUISICAO DE MATERIAL ESCOLAR, PEDAGOGICO E DE EXPEDIENTE EM GERAL, CONFORME ESPECIFICACOES CONSTANTES NO TERMO DE REFERENCIA, EM ATENDIMENTO AS NECESSIDADES DAS SECRETARIAS E SETORES VINCULADOS A PREFEITURA MUNICIPAL DE PEDRA BONITA/MG",PBP_EDITAL_2122_27032025_143947.pdf,,https://pncp.gov.br/pncp-api/v1/orgaos/01640429000106/compras/2025/70/arquivos/1,Ativo,"1 , ALMOFADA P/CARIMBO N 03 ALMOFADA P/CARIMBO N 03 MEDIDA: 6,7 X 11,0 MM, POSSUI BASE DE PLASTICO RESISTENTE COLORIDO COM TAMPA DE METAL (R$ 575,10); 2 , APAGADOR DE QUADRO C/ DEPOSITO APAGADOR DE QUADRO C/ DEPOSITO – 21,5X10,5X18, MATERIAL EM DADEIRA COM PORTA GIZ (R$ 8.730,00)"
01640429000106-1-000204/2025,01640429000106-1-000204-2025.md,MUNICIPIO DE PEDRA BONITA,Edital nº 020/2025,"Registro de Preços para futura e eventual aquisição de material escolar, pedagógico e de expediente em geral, conforme especificações constantes no Termo de Referência, em atendimento as necessidades das Secretarias e Setores vinculados a Prefeitura Municipal de Pedra Bonita/MG.",PRC_0332025_PREGAO_ELETRONICO_0202025__MATERIAL_ESCOLAR_E_EXPEDIENTE_EM_GERAL.pdf,,https://pncp.gov.br/pncp-api/v1/orgaos/01640429000106/compras/2025/204/arquivos/1,Ativo,"1 - ALMOFADA P/CARIMBO N.03. - ALMOFADA P/CARIMBO N.03. Medida: 6,7 x 11,0 mm, Possui base de plástico resistente colorido com tampa de metal. (R$ 0,00); 2 - APAGADOR DE QUADRO C/ DEPOSITO - APAGADOR DE QUADRO C/ DEPOSITO  21,5x10,5x18, material em dadeira com porta giz (R$ 0,00)"
49576416000141-1-000009/2023,49576416000141-1-000009-2023.md,MUNICIPIO DE PENAPOLIS,Edital nº 010/2023/2023,"[Portal de Compras Públicas] - Contratação de empresa para execução de recapeamento asfáltico em trechos das Ruas Elesbão, 1º de Maio, Passare Segundo Mansuetto, Tiradentes, Dr. Pasquale Pentagna, das Palmas e pavimentação em trecho da Avenida Luiz Osório.",AtaTotal_236155.pdf,,https://pncp.gov.br/pncp-api/v1/orgaos/49576416000141/compras/2023/9/arquivos/2,Ativo,"Execução de recapeamento asfáltico em trechos das Ruas Elesbão, 1º de Maio, Passare Segundo Mansuetto, Tiradentes, Dr. Pasquale Pentagna, das Palmas e pavimentação em trecho da Avenida Luiz Osório. (R$ 1.451.741,33)"
49576416000141-1-000009/2023,49576416000141-1-000009-2023.md,MUNICIPIO DE PENAPOLIS,Edital nº 010/2023/2023,"[Portal de Compras Públicas] - Contratação de empresa para execução de recapeamento asfáltico em trechos das Ruas Elesbão, 1º de Maio, Passare Segundo Mansuetto, Tiradentes, Dr. Pasquale Pentagna, das Palmas e pavimentação em trecho da Avenida Luiz Osório.",EDITAL CE N 010-2023.pdf,,https://pncp.gov.br/pncp-api/v1/orgaos/49576416000141/compras/2023/9/arquivos/1,Ativo,"Execução de recapeamento asfáltico em trechos das Ruas Elesbão, 1º de Maio, Passare Segundo Mansuetto, Tiradentes, Dr. Pasquale Pentagna, das Palmas e pavimentação em trecho da Avenida Luiz Osório. (R$ 1.451.741,33)"
49576416000141-1-000018/2023,49576416000141-1-000018-2023.md,MUNICIPIO DE PENAPOLIS,Edital nº 012/2023/2023,[Portal de Compras Públicas] - Contratação de empresa para execução de ampliação do prédio da UBS Jardim Del Rey.,EDITAL CE N 012-2023.pdf,,https://pncp.gov.br/pncp-api/v1/orgaos/49576416000141/compras/2023/18/arquivos/1,Ativo,"Execução de ampliação do prédio da UBS Jardim Del Rey. (R$ 269.350,56)"
49576416000141-1-000019/2023,49576416000141-1-000019-2023.md,MUNICIPIO DE PENAPOLIS,Edital nº 013/2023/2023,[Portal de Compras Públicas] - Contratação de empresa para execução de ampliação do prédio da UBS Jardim Tropical.,EDITAL CE N 013-2023.pdf,,https://pncp.gov.br/pncp-api/v1/orgaos/49576416000141/compras/2023/19/arquivos/1,Ativo,"Execução de ampliação do prédio da UBS Jardim Tropical. (R$ 471.683,45)"
46578514000120-1-000048/2025,46578514000120-1-000048-2025.md,MUNICIPIO DE PERUIBE,Edital nº PE 10/2025/2025,AQUISIÇÃO DE MATERIAL DE EXPEDIENTE,Capa_Licitacao_PE-10_2025.pdf,,https://pncp.gov.br/pncp-api/v1/orgaos/46578514000120/compras/2025/48/arquivos/1,Ativo,"Algodão rolo 500g, confeccionado com fibras 100% algodão. Constar na embalagem: marca e dados de identificação do produto. (R$ 5.106,00); Almofada para carimbo de feltro, na cor azul n°3, isento de álcool. Acondicionado e estojo plástico com tampa metálica. Composição da tinta: água, corantes orgânicos, glicol e conservantes. Composição do estojo: resina termoplástica, tecido de algodão e feltro. Constar na embalagem: data de fabricação e validade, tamanho, cor e dados de identificação do fabricante. (R$ 1.273,58)"
46578514000120-1-000048/2025,46578514000120-1-000048-2025.md,MUNICIPIO DE PERUIBE,Edital nº PE 10/2025/2025,AQUISIÇÃO DE MATERIAL DE EXPEDIENTE,Edital-Material-Expediente---PE-10_25.pdf,,https://pncp.gov.br/pncp-api/v1/orgaos/46578514000120/compras/2025/48/arquivos/2,Ativo,"Algodão rolo 500g, confeccionado com fibras 100% algodão. Constar na embalagem: marca e dados de identificação do produto. (R$ 5.106,00); Almofada para carimbo de feltro, na cor azul n°3, isento de álcool. Acondicionado e estojo plástico com tampa metálica. Composição da tinta: água, corantes orgânicos, glicol e conservantes. Composição do estojo: resina termoplástica, tecido de algodão e feltro. Constar na embalagem: data de fabricação e validade, tamanho, cor e dados de identificação do fabricante. (R$ 1.273,58)"
09148727000195-1-000001/2023,09148727000195-1-000001-2023.md,MUNICIPIO DE PIANCO,Edital nº 00001/2023/2023,"[Portal de Compras Públicas] - Contratação de empresa para execução de obra de pavimentação em paralelepípedo no município de Piancó -PB, através do convenio CR MDR 803764/2014 - Operação 1018448-54.",1018.448-54_Repro.4_PLQ.pdf,,https://pncp.gov.br/pncp-api/v1/orgaos/09148727000195/compras/2023/1/arquivos/1,Ativo,"PAVIMENTAÇÃO EM PARALELEPIPEDIO NO MUNICIPIO DE PIANCÓ-PB (R$ 260.437,36)"
09148727000195-1-000001/2023,09148727000195-1-000001-2023.md,MUNICIPIO DE PIANCO,Edital nº 00001/2023/2023,"[Portal de Compras Públicas] - Contratação de empresa para execução de obra de pavimentação em paralelepípedo no município de Piancó -PB, através do convenio CR MDR 803764/2014 - Operação 1018448-54.",AtaTotal_234961.pdf,,https://pncp.gov.br/pncp-api/v1/orgaos/09148727000195/compras/2023/1/arquivos/2,Ativo,"PAVIMENTAÇÃO EM PARALELEPIPEDIO NO MUNICIPIO DE PIANCÓ-PB (R$ 260.437,36)"
09148727000195-1-000002/2023,09148727000195-1-000002-2023.md,MUNICIPIO DE PIANCO,Edital nº 00002/2023/2023,"[Portal de Compras Públicas] - contratação de empresa para execução de obra de pavimentação em paralelepípedo no município de Piancó -PB, através do convenio CR MDR 805581/2014 - Operação 1018105-98.",1018.105-98_Repro.3_Declaracao_Regime.Construtivo.pdf,,https://pncp.gov.br/pncp-api/v1/orgaos/09148727000195/compras/2023/2/arquivos/1,Ativo,"PAVIMENTAÇÃO EM PARALELEPIPEDO NO MUNICPIO DE PIANCÓ-PB. (R$ 149.040,11)"
09148727000195-1-000002/2023,09148727000195-1-000002-2023.md,MUNICIPIO DE PIANCO,Edital nº 00002/2023/2023,"[Portal de Compras Públicas] - contratação de empresa para execução de obra de pavimentação em paralelepípedo no município de Piancó -PB, através do convenio CR MDR 805581/2014 - Operação 1018105-98.",AtaTotal_234962.pdf,,https://pncp.gov.br/pncp-api/v1/orgaos/09148727000195/compras/2023/2/arquivos/2,Ativo,"PAVIMENTAÇÃO EM PARALELEPIPEDO NO MUNICPIO DE PIANCÓ-PB. (R$ 149.040,11)"
08741399000173-1-000009/2023,08741399000173-1-000009-2023.md,MUNICIPIO DE PICUI,Edital nº 00001/2023/2023,"CONTRATAÇÃO DE EMPRESA DE CONSTRUÇÃO CIVIL, PARA EXECUÇÃO DE OBRA DE REFORMA DE VÁRIAS UNIDADES DE SAÚDE EM PICUÍ-PB, CONFORME PROJETO BÁSICO.",edital.pdf,,https://pncp.gov.br/pncp-api/v1/orgaos/08741399000173/compras/2023/9/arquivos/1,Ativo,"OBRA DE REFORMA DE VÁRIAS UNIDADES DE SAÚDE EM PICUÍ-PB, CONFORME PROJETO BÁSICO. (R$ 0,00)"
11049848000121-1-000001/2023,11049848000121-1-000001-2023.md,MUNICIPIO DE POMBOS,Edital nº 001/2023,"Constitui objeto da presente licitação, a contratação de empresa especializada para realização dos serviços de Limpeza Urbana da Sede e dos Distritos do Município de Pombos/PE",EDITAL_FECHADO_E_ABERTO.pdf,,https://pncp.gov.br/pncp-api/v1/orgaos/11049848000121/compras/2023/1/arquivos/1,Ativo,"Constitui objeto da presente licitação, a contratação de empresa especializada para realização dos serviços de Limpeza Urbana da Sede e dos Distritos do Município de Pombos/PE (R$ 5.135.127,14)"
83102434000120-1-000105/2023,83102434000120-1-000105-2023.md,MUNICIPIO DE PRESIDENTE GETULIO,Edital nº 1/2023,CONTRATAÇÃO DE EMPRESA ESPECIALIZADA PARA INTALAÇÃO DE FORROS E EXECUÇÃO DE PISO NAS CRECHES E ESCOLAS DO MUNICÍPIO,/var/www/html/presidentegetulio.atende.net/temp/WCO/PNCP/Edital/edital_90_2023_2008_documento.pdf,,https://pncp.gov.br/pncp-api/v1/orgaos/83102434000120/compras/2023/105/arquivos/1,Ativo,"OBRAS COMPLEMENTARES (R$ 434.995,49)"
83102434000120-1-000107/2023,83102434000120-1-000107-2023.md,MUNICIPIO DE PRESIDENTE GETULIO,Edital nº 1/2023,CONTRATAÇÃO DE EMPRESA ESPECIALIZADA PARA INTALAÇÃO DE FORROS E EXECUÇÃO DE PISO NAS CRECHES E ESCOLAS DO MUNICÍPIO,11265_1e331723-613b-401e-b5d9-69174975d07c.pdf,,https://pncp.gov.br/pncp-api/v1/orgaos/83102434000120/compras/2023/107/arquivos/1,Ativo,"OBRAS COMPLEMENTARES (R$ 434.995,49)"
46476131000140-1-000001/2023,46476131000140-1-000001-2023.md,MUNICIPIO DE PRESIDENTE VENCESLAU,Edital nº 2372-2022/2023,[Portal de Compras Públicas] - CONTRATAÇÃO DE EMPRESA ESPECIALIZADA PARA A CONSTRUÇÃO DA FARMÁCIA MUNICIPAL DE PRESIDENTE VENCESLAU,Cronograma - Farmacia Municipal.pdf,,https://pncp.gov.br/pncp-api/v1/orgaos/46476131000140/compras/2023/1/arquivos/2,Ativo,"CONTRATAÇÃO DE EMPRESA ESPECIALIZADA PARA A CONSTRUÇÃO DA FARMÁCIA MUNICIPAL DE PRESIDENTE VENCESLAU (R$ 1.422.207,62)"
46476131000140-1-000001/2023,46476131000140-1-000001-2023.md,MUNICIPIO DE PRESIDENTE VENCESLAU,Edital nº 2372-2022/2023,[Portal de Compras Públicas] - CONTRATAÇÃO DE EMPRESA ESPECIALIZADA PARA A CONSTRUÇÃO DA FARMÁCIA MUNICIPAL DE PRESIDENTE VENCESLAU,EDITAL CONCORRENCIA ELETRONICA N.023-2022 - FARMACIA.pdf,,https://pncp.gov.br/pncp-api/v1/orgaos/46476131000140/compras/2023/1/arquivos/1,Ativo,"CONTRATAÇÃO DE EMPRESA ESPECIALIZADA PARA A CONSTRUÇÃO DA FARMÁCIA MUNICIPAL DE PRESIDENTE VENCESLAU (R$ 1.422.207,62)"
46476131000140-1-000002/2022,46476131000140-1-000002-2022.md,MUNICIPIO DE PRESIDENTE VENCESLAU,Edital nº 01-2022/2022,[Portal de Compras Públicas] - CONTRATAÇÃO DE EMPRESA ESPECIALIZADA PARA A CONSTRUÇÃO DE PISTA DE SKATE CONFORME CONVENIO n° 0017/2022.,EDITAL CONCORRENCIA ELETRONICA N.001-2022 - PISTA DE SKATE.pdf,,https://pncp.gov.br/pncp-api/v1/orgaos/46476131000140/compras/2022/2/arquivos/1,Ativo,"CONTRATAÇÃO DE EMPRESA ESPECIALIZADA PARA A CONSTRUÇÃO DE PISTA DE SKATE CONFORME CONVENIO n° 0017/2022. (R$ 127.281,53)"
46476131000140-1-000002/2023,46476131000140-1-000002-2023.md,MUNICIPIO DE PRESIDENTE VENCESLAU,Edital nº 005-2023/2023,[Portal de Compras Públicas] - CONTRATAÇÃO DE EMPRESA ESPECIALIZADA PARA A PAVIMENTAÇÃO COM BLOCOS DE CONCRETO EM DIVERSAS VIAS DE PRESIDENTE VENCESLAU ATRAVES DO TERMO DE CONVENIO ESTADUAL N° 103101-2022,EDITAL CONCORRENCIA ELETRONICA N.001-2023 - PAVIMENTACAO EM BLOCOS DE CONCRETO FAUSTO.pdf,,https://pncp.gov.br/pncp-api/v1/orgaos/46476131000140/compras/2023/2/arquivos/1,Ativo,"CONTRATAÇÃO DE EMPRESA ESPECIALIZADA PARA A PAVIMENTAÇÃO COM BLOCOS DE CONCRETO EM DIVERSAS VIAS DE PRESIDENTE VENCESLAU ATRAVES DO TERMO DE CONVENIO ESTADUAL N° 103101-2022 (R$ 653.567,16)"
46476131000140-1-000003/2022,46476131000140-1-000003-2022.md,MUNICIPIO DE PRESIDENTE VENCESLAU,Edital nº 02-2022/2022,[Portal de Compras Públicas] - REGIME DE EMPREITADA POR PREÇO GLOBAL DO TIPO MENOR PREÇO para a REALIZAÇÃO DE FORNECIMENTO E INSTALAÇÃO DE INFRAESTRUTURA ELETRICA E APARELHOS DE ARES CONDICIONADOS NA EDIFICAÇÃO DO ANFITEATRO DO MUNICIPIO DE PRESIDENTE VENCESLAU,EDITAL CONCORRENCIA ELETRONICA N.002-2022 - AR CONDICIONADO ANFITEATRO.pdf,,https://pncp.gov.br/pncp-api/v1/orgaos/46476131000140/compras/2022/3/arquivos/1,Ativo,"REGIME DE EMPREITADA POR PREÇO GLOBAL DO TIPO MENOR PREÇO para a REALIZAÇÃO DE FORNECIMENTO E INSTALAÇÃO DE INFRAESTRUTURA ELETRICA E APARELHOS DE ARES CONDICIONADOS NA EDIFICAÇÃO DO ANFITEATRO DO MUNICIPIO DE PRESIDENTE VENCESLAU (R$ 45.794,87)"
46476131000140-1-000003/2023,46476131000140-1-000003-2023.md,MUNICIPIO DE PRESIDENTE VENCESLAU,Edital nº 02-2023/2023,[Portal de Compras Públicas] - CONTRATAÇÃO DE EMPRESA ESPECIALIZADA PARA A PAVIMENTAÇÃO COM BLOCOS DE CONCRETO EM DIVERSAS VIAS DE PRESIDENTE VENCESLAU ATRAVES DO TERMO DE CONVENIO ESTADUAL N° 103515-2022,EDITAL CONCORRENCIA ELETRONICA N.002-2022 - PAVIMENTACAO EM BLOCOS DE CONCRETO GUILHERME MUSSI.pdf,,https://pncp.gov.br/pncp-api/v1/orgaos/46476131000140/compras/2023/3/arquivos/1,Ativo,"CONTRATAÇÃO DE EMPRESA ESPECIALIZADA PARA A PAVIMENTAÇÃO COM BLOCOS DE CONCRETO EM DIVERSAS VIAS DE PRESIDENTE VENCESLAU ATRAVES DO TERMO DE CONVENIO ESTADUAL N° 103515-2022 (R$ 546.395,40)"
46476131000140-1-000003/2023,46476131000140-1-000003-2023.md,MUNICIPIO DE PRESIDENTE VENCESLAU,Edital nº 02-2023/2023,[Portal de Compras Públicas] - CONTRATAÇÃO DE EMPRESA ESPECIALIZADA PARA A PAVIMENTAÇÃO COM BLOCOS DE CONCRETO EM DIVERSAS VIAS DE PRESIDENTE VENCESLAU ATRAVES DO TERMO DE CONVENIO ESTADUAL N° 103515-2022,EDITAL RETIFICADO CONCORRENCIA ELETRONICA N.002-2022 - PAVIMENTACAO EM BLOCOS DE CONCRETO GUILHERME MUSSI.pdf,,https://pncp.gov.br/pncp-api/v1/orgaos/46476131000140/compras/2023/3/arquivos/2,Ativo,"CONTRATAÇÃO DE EMPRESA ESPECIALIZADA PARA A PAVIMENTAÇÃO COM BLOCOS DE CONCRETO EM DIVERSAS VIAS DE PRESIDENTE VENCESLAU ATRAVES DO TERMO DE CONVENIO ESTADUAL N° 103515-2022 (R$ 546.395,40)"
46476131000140-1-000004/2022,46476131000140-1-000004-2022.md,MUNICIPIO DE PRESIDENTE VENCESLAU,Edital nº 03-2022/2022,[Portal de Compras Públicas] - CONTRATAÇÃO DE EMPRESA PARA PRESTAÇÃO DE SERVIÇOS DE INSTALAÇÃO DE USINA/SISTEMA DE GERAÇÃO DE ENERGIA SOLAR FOTOVOLTAICA ONGRID (SISTEMA CONECTADO Á REDE) NAS ESCOLAS EMEI ELZA MARIA CANHETTI MONDIN E EMEFEI JOAQUIM RODRIGUES BATATA,ANEXO I - TERMO DE REFERENCIA .pdf,,https://pncp.gov.br/pncp-api/v1/orgaos/46476131000140/compras/2022/4/arquivos/1,Ativo,"CONTRATAÇÃO DE EMPRESA PARA PRESTAÇÃO DE SERVIÇOS DE INSTALAÇÃO DE USINA/SISTEMA DE GERAÇÃO DE ENERGIA SOLAR FOTOVOLTAICA ONGRID (SISTEMA CONECTADO Á REDE) NAS ESCOLAS EMEI ELZA MARIA CANHETTI MONDIN E EMEFEI JOAQUIM RODRIGUES BATATA (R$ 492.244,44)"
46476131000140-1-000005/2022,46476131000140-1-000005-2022.md,MUNICIPIO DE PRESIDENTE VENCESLAU,Edital nº 04-2022/2022,"[Portal de Compras Públicas] - CONTRATAÇÃO DE EMPRESA PARA EXECUÇÃO DE PROJETO EXECUTIVO E ASSESSORIA, PARA DESENVOLVIMENTO DE IMPLANTAÇÃO DE USINA DE MINIGERAÇÃO DE ENERGIA SOLAR",Itens de relevancia.pdf,,https://pncp.gov.br/pncp-api/v1/orgaos/46476131000140/compras/2022/5/arquivos/1,Ativo,"CONTRATAÇÃO DE EMPRESA PARA EXECUÇÃO DE PROJETO EXECUTIVO E ASSESSORIA, PARA DESENVOLVIMENTO DE IMPLANTAÇÃO DE USINA DE MINIGERAÇÃO DE ENERGIA SOLAR (R$ 32.833,33)"
46476131000140-1-000006/2022,46476131000140-1-000006-2022.md,MUNICIPIO DE PRESIDENTE VENCESLAU,Edital nº 05-2022/2022,[Portal de Compras Públicas] - CONTRATAÇÃO DE EMPRESA PARA REFORMA E ADEQUAÇÃO DE POSTO DE SAÚDE DO ASSENTAMENTO PRIMAVERA NO MUNICIPIO DE PRESIDENTE VENCESLAU,EDITAL CONCORRENCIA ELETRONICA N.005-2022 - REFORMA E ADEQUACAO POSTO DE SAUDE ASSENTAMENTO PRIMAVERA.pdf,,https://pncp.gov.br/pncp-api/v1/orgaos/46476131000140/compras/2022/6/arquivos/1,Ativo,"CONTRATAÇÃO DE EMPRESA PARA REFORMA E ADEQUAÇÃO DE POSTO DE SAÚDE DO ASSENTAMENTO PRIMAVERA NO MUNICIPIO DE PRESIDENTE VENCESLAU (R$ 159.825,71)"
46476131000140-1-000008/2022,46476131000140-1-000008-2022.md,MUNICIPIO DE PRESIDENTE VENCESLAU,Edital nº 06-2022/2022,[Portal de Compras Públicas] - CONTRATAÇÃO DE EMPRESA PARA EXECUÇÃO DE SERVIÇOS DE DRENAGEM DE AGUAS PLUVIAIS FAIVE - RESERVATÓRIO DE AMORTECIMENTO DE CHEIAS NO MUNICIPIO DE PRESIDENTE VENCESLAU,EDITAL CONCORRENCIA ELETRONICA N.006-2022 - DRENAGEM DE AGUAS FAIVE.pdf,,https://pncp.gov.br/pncp-api/v1/orgaos/46476131000140/compras/2022/8/arquivos/1,Ativo,"CONTRATAÇÃO DE EMPRESA PARA EXECUÇÃO DE SERVIÇOS DE DRENAGEM DE AGUAS PLUVIAIS FAIVE - RESERVATÓRIO DE AMORTECIMENTO DE CHEIAS NO MUNICIPIO DE PRESIDENTE VENCESLAU (R$ 377.690,50)"
46476131000140-1-000009/2022,46476131000140-1-000009-2022.md,MUNICIPIO DE PRESIDENTE VENCESLAU,Edital nº 07-2022/2022,[Portal de Compras Públicas] - CONTRATAÇÃO DE EMPRESA PARA EXECUÇÃO DE SERVIÇOS DE SONDAGEM NO MUNICIPIO DE PRESIDENTE VENCESLAU,EDITAL CONCORRENCIA ELETRONICA N.007-2022 - SERVICOS DE SONDAGEM.pdf,,https://pncp.gov.br/pncp-api/v1/orgaos/46476131000140/compras/2022/9/arquivos/1,Ativo,"CONTRATAÇÃO DE EMPRESA PARA EXECUÇÃO DE SERVIÇOS DE SONDAGEM NO MUNICIPIO DE PRESIDENTE VENCESLAU (R$ 42.061,82)"
46476131000140-1-000010/2022,46476131000140-1-000010-2022.md,MUNICIPIO DE PRESIDENTE VENCESLAU,Edital nº 08-2022/2022,[Portal de Compras Públicas] - REGIME DE EMPREITADA POR PREÇO GLOBAL DO TIPO MENOR PREÇO PARA A CONTRATAÇÃO DE EMPRESA PARA EXECUÇÃO DE SERVIÇOS DE AMPLIAÇÃO NA EDIFICAÇÃO DA VIGILANCIA SANITARIA MUNICIPAL,EDITAL CONCORRENCIA ELETRONICA N.008-2022 - VIGILANCIA SANITARIA.pdf,,https://pncp.gov.br/pncp-api/v1/orgaos/46476131000140/compras/2022/10/arquivos/1,Ativo,"REGIME DE EMPREITADA POR PREÇO GLOBAL DO TIPO MENOR PREÇO PARA A CONTRATAÇÃO DE EMPRESA PARA EXECUÇÃO DE SERVIÇOS DE AMPLIAÇÃO NA EDIFICAÇÃO DA VIGILANCIA SANITARIA MUNICIPAL (R$ 54.245,81)"
46476131000140-1-000011/2022,46476131000140-1-000011-2022.md,MUNICIPIO DE PRESIDENTE VENCESLAU,Edital nº 09-2022/2022,[Portal de Compras Públicas] - REALIZAÇÃO DE FORNECIMENTO E INSTALAÇÃO DE INFRAESTRUTURA ELETRICA E APARELHOS DE ARES CONDICIONADOS NA EDIFICAÇÃO DO ANFITEATRO DO MUNICIPIO DE PRESIDENTE VENCESLAU,EDITAL CONCORRENCIA ELETRONICA N.009-2022 - AR CONDICIONADO ANFITEATRO 2 tentativa.pdf,,https://pncp.gov.br/pncp-api/v1/orgaos/46476131000140/compras/2022/11/arquivos/1,Ativo,"REALIZAÇÃO DE FORNECIMENTO E INSTALAÇÃO DE INFRAESTRUTURA ELETRICA E APARELHOS DE ARES CONDICIONADOS NA EDIFICAÇÃO DO ANFITEATRO DO MUNICIPIO DE PRESIDENTE VENCESLAU (R$ 62.613,27)"
46476131000140-1-000012/2022,46476131000140-1-000012-2022.md,MUNICIPIO DE PRESIDENTE VENCESLAU,Edital nº 1722-2022/2022,[Portal de Compras Públicas] - CONTRATAÇÃO DE EMPRESA ESPECIALIZADA PARA EXECUÇÃO DE SERVIÇOS DE REFORMA DO TIRO DE GUERRA,EDITAL CONCORRENCIA ELETRONICA N.010-2022 - REFORMA TG.pdf,,https://pncp.gov.br/pncp-api/v1/orgaos/46476131000140/compras/2022/12/arquivos/1,Ativo,"CONTRATAÇÃO DE EMPRESA ESPECIALIZADA PARA EXECUÇÃO DE SERVIÇOS DE REFORMA DO TIRO DE GUERRA (R$ 24.622,74)"
46476131000140-1-000013/2022,46476131000140-1-000013-2022.md,MUNICIPIO DE PRESIDENTE VENCESLAU,Edital nº 1737-2022/2022,[Portal de Compras Públicas] - CONTRATAÇÃO DE EMPRESA ESPECIALIZADA PARA EXECUÇÃO DE SERVIÇOS DE INSTALAÇÃO DO SISTEMA DE PREVENÇÃO E COMBATE A INCENDIO DO ALMOXARIFADO DA PREFEITURA MUNICIPAL,BDI.pdf,,https://pncp.gov.br/pncp-api/v1/orgaos/46476131000140/compras/2022/13/arquivos/1,Ativo,"CONTRATAÇÃO DE EMPRESA ESPECIALIZADA PARA EXECUÇÃO DE SERVIÇOS DE INSTALAÇÃO DO SISTEMA DE PREVENÇÃO E COMBATE A INCENDIO DO ALMOXARIFADO DA PREFEITURA MUNICIPAL (R$ 91.702,10)"
46476131000140-1-000014/2022,46476131000140-1-000014-2022.md,MUNICIPIO DE PRESIDENTE VENCESLAU,Edital nº 1791-2022/2022,[Portal de Compras Públicas] - CONTRATAÇÃO DE EMPRESA ESPECIALIZADA PARA RECAPEAMENTO ASFALTICO EM VARIAS VIAS DO CENTRO DO MUNICIPIO CONFORME CONTRATOS DE REPASSES FEDERAL N° 912923/2021 E N° 912539/2021,EDITAL RETIFICADO CONCORRENCIA ELETRONICA N.012-2022 - RECAPEAMENTO FEDERAL 912539 E 912923.pdf,,https://pncp.gov.br/pncp-api/v1/orgaos/46476131000140/compras/2022/14/arquivos/1,Ativo,"CONTRATAÇÃO DE EMPRESA ESPECIALIZADA PARA RECAPEAMENTO ASFALTICO EM VARIAS VIAS DO CENTRO DO MUNICIPIO CONFORME CONTRATOS DE REPASSES FEDERAL N° 912923/2021 E N° 912539/2021 (R$ 806.616,30)"
46476131000140-1-000015/2022,46476131000140-1-000015-2022.md,MUNICIPIO DE PRESIDENTE VENCESLAU,Edital nº 1814-2022/2022,"[Portal de Compras Públicas] - CONTRATAÇÃO DE EMPRESA ESPECIALIZADA PARA RECAPEAMENTO ASFALTICO EM VARIAS VIAS DO CENTRO DE PRESIDENTE VENCESLAU MEDIANTE CONTRATO DE REPASSE FEDERAL N° 899834/2020, E N° 903781/2020",EDITAL CONCORRENCIA ELETRONICA N.013-2022 - RECAPEAMENTO FEDERAL 2020.pdf,,https://pncp.gov.br/pncp-api/v1/orgaos/46476131000140/compras/2022/15/arquivos/1,Ativo,"CONTRATAÇÃO DE EMPRESA ESPECIALIZADA PARA RECAPEAMENTO ASFALTICO EM VARIAS VIAS DO CENTRO DE PRESIDENTE VENCESLAU MEDIANTE CONTRATO DE REPASSE FEDERAL N° 899834/2020, E N° 903781/2020 (R$ 858.033,24)"
46476131000140-1-000016/2022,46476131000140-1-000016-2022.md,MUNICIPIO DE PRESIDENTE VENCESLAU,Edital nº 1870-2022/2022,[Portal de Compras Públicas] - CONTRATAÇÃO DE EMPRESA ESPECIALIZADA PARA A CONSTRUÇÃO DE PISTA DE SKATE CONFORME CONVENIO n° 0017/2022.,EDITAL CONCORRENCIA ELETRONICA N.014-2022 - PISTA DE SKATE.pdf,,https://pncp.gov.br/pncp-api/v1/orgaos/46476131000140/compras/2022/16/arquivos/1,Ativo,"CONTRATAÇÃO DE EMPRESA ESPECIALIZADA PARA A CONSTRUÇÃO DE PISTA DE SKATE CONFORME CONVENIO n° 0017/2022. (R$ 140.942,45)"
46476131000140-1-000017/2022,46476131000140-1-000017-2022.md,MUNICIPIO DE PRESIDENTE VENCESLAU,Edital nº 1900-2022/2022,[Portal de Compras Públicas] - CONTRATAÇÃO DE EMPRESA ESPECIALIZADA PARA REFORMA DA PRAÇA NICOLINO RONDÓ CONFORME CONVENIO QUE ENTRE SI CELEBRAM O ESTADO DE SÃO PAULO E O MUNICIPIO - CONVENIO 100329/2022,Cronograma Fisico-financeiro.pdf,,https://pncp.gov.br/pncp-api/v1/orgaos/46476131000140/compras/2022/17/arquivos/1,Ativo,"CONTRATAÇÃO DE EMPRESA ESPECIALIZADA PARA REFORMA DA PRAÇA NICOLINO RONDÓ CONFORME CONVENIO QUE ENTRE SI CELEBRAM O ESTADO DE SÃO PAULO E O MUNICIPIO - CONVENIO 100329/2022 (R$ 610.003,10)"
46476131000140-1-000018/2022,46476131000140-1-000018-2022.md,MUNICIPIO DE PRESIDENTE VENCESLAU,Edital nº 1904-2022/2022,[Portal de Compras Públicas] - CONTRATAÇÃO DE EMPRESA PARA EXECUÇÃO DE SERVIÇOS DE DRENAGEM DE AGUAS PLUVIAIS FAIVE - RESERVATÓRIO DE AMORTECIMENTO DE CHEIAS NO MUNICIPIO DE PRESIDENTE VENCESLAU,ORCAMENTO.pdf,,https://pncp.gov.br/pncp-api/v1/orgaos/46476131000140/compras/2022/18/arquivos/1,Ativo,"CONTRATAÇÃO DE EMPRESA PARA EXECUÇÃO DE SERVIÇOS DE DRENAGEM DE AGUAS PLUVIAIS FAIVE - RESERVATÓRIO DE AMORTECIMENTO DE CHEIAS NO MUNICIPIO DE PRESIDENTE VENCESLAU (R$ 581.482,19)"
46476131000140-1-000019/2022,46476131000140-1-000019-2022.md,MUNICIPIO DE PRESIDENTE VENCESLAU,Edital nº 1923-2022/2022,"[Portal de Compras Públicas] - CONTRATAÇÃO DE EMPRESA ESPECIALIZADA EM PAVIMENTAÇÃO ASFÁLTICA, GUIAS E SARGETAS DA RUA ALFREDO ANTUNES LOPES – DEPARTAMENTO DE OBRAS E CONSERVAÇÃO DE VIAS. CONVÊNIO QUE ENTRE SI CELEBRAM O ESTADO DE SÃO PAULO, POR MEIO DA SECRETARIA DE DESENVOLVIMENTO REGIONAL, ESTA POR SUA SUBSECRETARIA DE CONVÊNIOS COM MUNICÍPIOS E ENTIDADES NÃO GOVERNAMENTAIS, E O MUNICÍPIO DE PRESIDENTE VENCESLAU. CONVÊNIO Nº 100026/2021.",EDITAL CONCORRENCIA ELETRONICA N.17-2022 - PAVIMENTACAO ALFREDO ANTUNES LOPES.pdf,,https://pncp.gov.br/pncp-api/v1/orgaos/46476131000140/compras/2022/19/arquivos/1,Ativo,"CONTRATAÇÃO DE EMPRESA ESPECIALIZADA EM PAVIMENTAÇÃO ASFÁLTICA NA RUA ALFREDO ANTUNES LOPES, VISANDO DAR CONTINUIDADE AO CONVÊNIO FIRMADO ENTRE ESTA MUNICIPALIDADE E A UNIÃO FEDERAL, POR INTERMÉDIO DO MINISTÉRIO DE DESENVOLVIMENTO REGIONAL (CONTRATO DE REPASSE Nº 893258/2019 - OPERAÇÃO Nº 1067.975-31/2019 (R$ 263.142,60)"
46476131000140-1-000020/2022,46476131000140-1-000020-2022.md,MUNICIPIO DE PRESIDENTE VENCESLAU,Edital nº 1969-2022/2022,[Portal de Compras Públicas] - CONTRATAÇÃO DE EMPRESA PARA EXECUÇÃO DE SERVIÇOS DE SISTEMA DE MINI GERAÇÃO FOTOVOLTAICA CONECTADA Á REDE ELÉTRICA,CRONOGRAMA.pdf,,https://pncp.gov.br/pncp-api/v1/orgaos/46476131000140/compras/2022/20/arquivos/1,Ativo,"CONTRATAÇÃO DE EMPRESA PARA EXECUÇÃO DE SERVIÇOS DE SISTEMA DE MINI GERAÇÃO FOTOVOLTAICA CONECTADA Á REDE ELÉTRICA (R$ 7.994.196,78)"
46476131000140-1-000021/2022,46476131000140-1-000021-2022.md,MUNICIPIO DE PRESIDENTE VENCESLAU,Edital nº 2117-2022/2022,[Portal de Compras Públicas] - CONTRATAÇÃO DE EMPRESA ESPECIALIZADA PARA A CONSTRUÇÃO DE PISTA DE SKATE CONFORME CONVENIO N° 0017/2022,EDITAL CONCORRENCIA ELETRONICA N.020-2022 - CONSTRUCAO PISTA SKATE.pdf,,https://pncp.gov.br/pncp-api/v1/orgaos/46476131000140/compras/2022/21/arquivos/1,Ativo,"CONTRATAÇÃO DE EMPRESA ESPECIALIZADA PARA A CONSTRUÇÃO DE PISTA DE SKATE CONFORME CONVENIO N° 0017/2022 (R$ 140.942,45)"
46476131000140-1-000022/2022,46476131000140-1-000022-2022.md,MUNICIPIO DE PRESIDENTE VENCESLAU,Edital nº 1320-2022/2022,[Portal de Compras Públicas] - CONTRATAÇÃO DE EMPRESA ESPECIALIZADA PARA A OBRA DE SUBSTITUIÇÃO DE LUMINÁRIAS DE SÓDIO POR LED,1 ESCLARECIMENTO C.E 22 -2022 (iluminacao).pdf,,https://pncp.gov.br/pncp-api/v1/orgaos/46476131000140/compras/2022/22/arquivos/2,Ativo,"CONTRATAÇÃO DE EMPRESA ESPECIALIZADA PARA A OBRA DE SUBSTITUIÇÃO DE LUMINÁRIAS DE SÓDIO POR LED (R$ 1.041.304,20)"
46476131000140-1-000022/2022,46476131000140-1-000022-2022.md,MUNICIPIO DE PRESIDENTE VENCESLAU,Edital nº 1320-2022/2022,[Portal de Compras Públicas] - CONTRATAÇÃO DE EMPRESA ESPECIALIZADA PARA A OBRA DE SUBSTITUIÇÃO DE LUMINÁRIAS DE SÓDIO POR LED,ANEXO A - TERMO DE REFERENCIA.pdf,,https://pncp.gov.br/pncp-api/v1/orgaos/46476131000140/compras/2022/22/arquivos/1,Ativo,"CONTRATAÇÃO DE EMPRESA ESPECIALIZADA PARA A OBRA DE SUBSTITUIÇÃO DE LUMINÁRIAS DE SÓDIO POR LED (R$ 1.041.304,20)"
46476131000140-1-000023/2022,46476131000140-1-000023-2022.md,MUNICIPIO DE PRESIDENTE VENCESLAU,Edital nº 2305-2022/2022,[Portal de Compras Públicas] - CONTRATAÇÃO DE EMPRESA ESPECIALIZADA PARA A OBRA DE SUBSTITUIÇÃO DE LUMINÁRIAS DE SÓDIO POR LED ATRAVES DA TRANSFERENCIA DE RECURSOS ESTADUAIS PELA SECRETARIA DE HABITAÇÃO - PROGRAMA ESPECIAL DE MELHORIAS,1 ESCLARECIMENTO C.E 21 -2022 (iluminacao).pdf,,https://pncp.gov.br/pncp-api/v1/orgaos/46476131000140/compras/2022/23/arquivos/2,Ativo,"CONTRATAÇÃO DE EMPRESA ESPECIALIZADA PARA A OBRA DE SUBSTITUIÇÃO DE LUMINÁRIAS DE SÓDIO POR LED ATRAVES DA TRANSFERENCIA DE RECURSOS ESTADUAIS PELA SECRETARIA DE HABITAÇÃO - PROGRAMA ESPECIAL DE MELHORIAS (R$ 348.029,72)"
46476131000140-1-000023/2022,46476131000140-1-000023-2022.md,MUNICIPIO DE PRESIDENTE VENCESLAU,Edital nº 2305-2022/2022,[Portal de Compras Públicas] - CONTRATAÇÃO DE EMPRESA ESPECIALIZADA PARA A OBRA DE SUBSTITUIÇÃO DE LUMINÁRIAS DE SÓDIO POR LED ATRAVES DA TRANSFERENCIA DE RECURSOS ESTADUAIS PELA SECRETARIA DE HABITAÇÃO - PROGRAMA ESPECIAL DE MELHORIAS,CRONOGRAMA FiSICO-FINANCEIRO.pdf,,https://pncp.gov.br/pncp-api/v1/orgaos/46476131000140/compras/2022/23/arquivos/1,Ativo,"CONTRATAÇÃO DE EMPRESA ESPECIALIZADA PARA A OBRA DE SUBSTITUIÇÃO DE LUMINÁRIAS DE SÓDIO POR LED ATRAVES DA TRANSFERENCIA DE RECURSOS ESTADUAIS PELA SECRETARIA DE HABITAÇÃO - PROGRAMA ESPECIAL DE MELHORIAS (R$ 348.029,72)"
02901459000191-1-000001/2023,02901459000191-1-000001-2023.md,MUNICIPIO DE RIBEIRA DO PIAUI - CAMARA MUNICIPAL,Edital nº 001-C/2023/2023,contratação de empresa do ramo de engenharia para a construção do Prédio da Câmara Municipal de Ribeira do Piauí-PI.,Capa_Licitacao_001-C_2023_2023.pdf,,https://pncp.gov.br/pncp-api/v1/orgaos/02901459000191/compras/2023/1/arquivos/1,Ativo,"contrat. Empres. P. construção da Câmara Municipal de RP. (R$ 445.310,35)"
02901459000191-1-000001/2023,02901459000191-1-000001-2023.md,MUNICIPIO DE RIBEIRA DO PIAUI - CAMARA MUNICIPAL,Edital nº 001-C/2023/2023,contratação de empresa do ramo de engenharia para a construção do Prédio da Câmara Municipal de Ribeira do Piauí-PI.,Retificado-Edital-Concorrencia-Eletr.-n_-001-2023-Construcao-da-Camara-Municipal.pdf,,https://pncp.gov.br/pncp-api/v1/orgaos/02901459000191/compras/2023/1/arquivos/3,Ativo,"contrat. Empres. P. construção da Câmara Municipal de RP. (R$ 445.310,35)"
02056729000105-1-001238/2025,02056729000105-1-001238-2025.md,MUNICIPIO DE RIO VERDE,Edital nº 70/2025,"REGISTRO DE PREÇOS PARA FUTURA AQUISIÇÃO DE UNIFORMES, TECIDOS, AVIAMENTOS, MATERIAIS DE CAMA, MESA E BANHO E MATERIAIS DE PROTEÇÃO E SEGURANÇA, DESTINADOS A ATENDER AS NECESSIDADES DAS UNIDADES VINCULADAS AO FUNDO MUNICIPAL DE SAÚDE DE RIO VERDE - GOIÁS",EDITAL_PE070_2025_SRP_ME_EPP.PDF,,https://pncp.gov.br/pncp-api/v1/orgaos/02056729000105/compras/2025/1238/arquivos/1,Ativo,"AVENTAL BÁSICO COM FRISO EM TECIDO 100% ALGODÃO, NA COR BRANCA. TAMANHO ÚNICO. (R$ 13.784,68); AVENTAL DE COPEIRA XADREZ COR VERDE ÁGUA CLARO, PERMITE AMARRAÇÃO LATERAL OU TRASEIRA. EM 50 %ALGODÃO E 50 % POLIESTER. TAMANHO ÚNICO (R$ 15.190,00)"
11361243000171-1-000001/2023,11361243000171-1-000001-2023.md,MUNICIPIO DE SALGUEIRO,Edital nº Processo Licitatório 002/2023/2023,[Portal de Compras Públicas] - CONTRATAÇÃO DE EMPRESA PARA A EXECUÇÃO DO SERVIÇO DE LIMPEZA URBANA E MANEJO DE RESÍDUOS SÓLIDOS NO MUNICÍPIO DE SALGUEIRO-PE.,EXTRATO AMUPE - NOVA DECISAO ADMISNITRATIVA LIMPAX.pdf,,https://pncp.gov.br/pncp-api/v1/orgaos/11361243000171/compras/2023/1/arquivos/2,Ativo,"Lote 1 - Coleta e transporte de resíduos sólidos domiciliares (RSD/RSU) – Caminhão compactador 12 m³ (diurno) com até 5 anos de uso. - URBANO (R$ 1.312.813,80); Lote 1 - Coleta e transporte de resíduos sólidos domiciliares (RSD/RSU) – Caminhão compactador 12 m³ (noturno) com até 5 anos de uso. - URBANO (R$ 345.129,60)"
11361243000171-1-000001/2023,11361243000171-1-000001-2023.md,MUNICIPIO DE SALGUEIRO,Edital nº Processo Licitatório 002/2023/2023,[Portal de Compras Públicas] - CONTRATAÇÃO DE EMPRESA PARA A EXECUÇÃO DO SERVIÇO DE LIMPEZA URBANA E MANEJO DE RESÍDUOS SÓLIDOS NO MUNICÍPIO DE SALGUEIRO-PE.,PL 002 - CONCORRENCIA ELETRONICA 002 LIMPEZA URBANA.pdf,,https://pncp.gov.br/pncp-api/v1/orgaos/11361243000171/compras/2023/1/arquivos/1,Ativo,"Lote 1 - Coleta e transporte de resíduos sólidos domiciliares (RSD/RSU) – Caminhão compactador 12 m³ (diurno) com até 5 anos de uso. - URBANO (R$ 1.312.813,80); Lote 1 - Coleta e transporte de resíduos sólidos domiciliares (RSD/RSU) – Caminhão compactador 12 m³ (noturno) com até 5 anos de uso. - URBANO (R$ 345.129,60)"
18457226000181-1-000008/2023,18457226000181-1-000008-2023.md,MUNICIPIO DE SANTA VITORIA,Edital nº NCE 001/2023/2023,"O objeto da presente licitação é a Concessão constitutiva onerosa, para outorga de uso privado de bem público, à microempreendedor individual, microempresa ou empresa de pequeno porte, constituído de 01 (um) box de nº 07, com área de 17,85 m², situado na Avenida Joaquim Ribeiro de Gouveia esquina com a Rua JK – Centro, no local denominado Praça de Alimentação ERENY MAIA DE OLIVEIRA, nesta cidade de Santa Vitória- MG, destinado à atividade comercial no ramo varejista de alimentação e bebidas em geral, conforme condições e exigências estabelecidas neste Edital e seus anexos.",ANEXO IA - NCE 001.2023 - CONCESSAO BOX N 7.pdf,,https://pncp.gov.br/pncp-api/v1/orgaos/18457226000181/compras/2023/8/arquivos/2,Ativo,"CONCESSAO CONSTITUTIIVA ONEROSA (PELO PERÍODO INICIAL DE 12 MESES) (R$ 4.200,00)"
18457226000181-1-000008/2023,18457226000181-1-000008-2023.md,MUNICIPIO DE SANTA VITORIA,Edital nº NCE 001/2023/2023,"O objeto da presente licitação é a Concessão constitutiva onerosa, para outorga de uso privado de bem público, à microempreendedor individual, microempresa ou empresa de pequeno porte, constituído de 01 (um) box de nº 07, com área de 17,85 m², situado na Avenida Joaquim Ribeiro de Gouveia esquina com a Rua JK – Centro, no local denominado Praça de Alimentação ERENY MAIA DE OLIVEIRA, nesta cidade de Santa Vitória- MG, destinado à atividade comercial no ramo varejista de alimentação e bebidas em geral, conforme condições e exigências estabelecidas neste Edital e seus anexos.",EDITAL - NCE 0012023 - Concessao Box n 07 da Praca de Alimentacao 2.pdf,,https://pncp.gov.br/pncp-api/v1/orgaos/18457226000181/compras/2023/8/arquivos/1,Ativo,"CONCESSAO CONSTITUTIIVA ONEROSA (PELO PERÍODO INICIAL DE 12 MESES) (R$ 4.200,00)"
18457226000181-1-000011/2023,18457226000181-1-000011-2023.md,MUNICIPIO DE SANTA VITORIA,Edital nº NCE 002/2023/2023,"Contratação de empresa especializada em obras e serviços de engenharia, para a Construção de Barramento Córrego Santa Vitória, com recursos próprios do município, execução indireta, regime de empreitada por preço unitário, conforme projeto básico e demais anexos.",ANEXO I - Termo de Referencia - Projeto Basico.pdf,,https://pncp.gov.br/pncp-api/v1/orgaos/18457226000181/compras/2023/11/arquivos/2,Ativo,"PRESTAÇÃO DE SERVIÇOS (R$ 5.069.181,49)"
18457226000181-1-000011/2023,18457226000181-1-000011-2023.md,MUNICIPIO DE SANTA VITORIA,Edital nº NCE 002/2023/2023,"Contratação de empresa especializada em obras e serviços de engenharia, para a Construção de Barramento Córrego Santa Vitória, com recursos próprios do município, execução indireta, regime de empreitada por preço unitário, conforme projeto básico e demais anexos.",Edital - Barramento do Corrego - Concorrencia Eletronica - NCE 002.2023.pdf,,https://pncp.gov.br/pncp-api/v1/orgaos/18457226000181/compras/2023/11/arquivos/1,Ativo,"PRESTAÇÃO DE SERVIÇOS (R$ 5.069.181,49)"
18457226000181-1-000012/2023,18457226000181-1-000012-2023.md,MUNICIPIO DE SANTA VITORIA,Edital nº NCE 003/2023/2023,"O objeto da presente licitação é a Contratação de empresa especializada para Construção de instalações para implantação das Estações de Tratamento de Esgoto no Distrito de Chaveslândia e Perdilândia e construção de Ponto de Entrega Voluntária no município de Santa Vitória, com RECURSOS PRÓPRIOS do município, município de Santa Vitória/MG.",ANEXO I - Termo de Referencia.pdf,,https://pncp.gov.br/pncp-api/v1/orgaos/18457226000181/compras/2023/12/arquivos/2,Ativo,"PRESTAÇÃO DE SERVIÇOS (R$ 538.725,33)"
18457226000181-1-000012/2023,18457226000181-1-000012-2023.md,MUNICIPIO DE SANTA VITORIA,Edital nº NCE 003/2023/2023,"O objeto da presente licitação é a Contratação de empresa especializada para Construção de instalações para implantação das Estações de Tratamento de Esgoto no Distrito de Chaveslândia e Perdilândia e construção de Ponto de Entrega Voluntária no município de Santa Vitória, com RECURSOS PRÓPRIOS do município, município de Santa Vitória/MG.",Edital - ETE Chaveslandia e Perdilandia - Concorrencia Eletronica - NCE 003.2023.pdf,,https://pncp.gov.br/pncp-api/v1/orgaos/18457226000181/compras/2023/12/arquivos/1,Ativo,"PRESTAÇÃO DE SERVIÇOS (R$ 538.725,33)"
88141460000180-1-000035/2023,88141460000180-1-000035-2023.md,MUNICIPIO DE SANTANA DA BOA VISTA,Edital nº 02/2023/2023,[Portal de Compras Públicas] - PAVIMENTAÇÃO AV JACINTO CUNHA,AtaTotal_232214.pdf,,https://pncp.gov.br/pncp-api/v1/orgaos/88141460000180/compras/2023/35/arquivos/2,Ativo,"Lote 1 - PAV 01 - REGULARIZAÇÃO E COMPACTAÇÃO DE SUBLEITO DE SOLO PREDOMINANTEMENTE ARGILOSO (R$ 3.636,79); Lote 1 - PAV 01- EXECUÇÃO DE VIA EM PISO INTERTRAVADO, COM BLOCO 16 FACES DE 22X11 CM, ESPESSURA 8CM (R$ 181.884,59)"
88141460000180-1-000035/2023,88141460000180-1-000035-2023.md,MUNICIPIO DE SANTANA DA BOA VISTA,Edital nº 02/2023/2023,[Portal de Compras Públicas] - PAVIMENTAÇÃO AV JACINTO CUNHA,EDITAL COMPLETO.pdf,,https://pncp.gov.br/pncp-api/v1/orgaos/88141460000180/compras/2023/35/arquivos/1,Ativo,"Lote 1 - PAV 01 - REGULARIZAÇÃO E COMPACTAÇÃO DE SUBLEITO DE SOLO PREDOMINANTEMENTE ARGILOSO (R$ 3.636,79); Lote 1 - PAV 01- EXECUÇÃO DE VIA EM PISO INTERTRAVADO, COM BLOCO 16 FACES DE 22X11 CM, ESPESSURA 8CM (R$ 181.884,59)"
01612781000138-1-000086/2023,01612781000138-1-000086-2023.md,MUNICIPIO DE SANTIAGO DO SUL,Edital nº 1 | Processo 156/2023,Contratacao de empresa especializada na prestacao de servicos tecnicos profissionais em assessoria contabil servicos de apoio tecnico em recursos humanos planejamento licitacoes e administrativo.,156.2023 Edital Concorrencia Assessoria.pdf,,https://pncp.gov.br/pncp-api/v1/orgaos/01612781000138/compras/2023/86/arquivos/1,Ativo,"Contratacao de empresa especializada na prestacao de servicos tecnicos profissionais em assessoria contabil com apoio tecnico na area administrativa contemplando as seguintes areas ouvidoria carta de servico ao usuario e pesquisa de satisfacao controle interno repasse de recursos a entidades e respectiva prestacao de contas patrimonio imobilizado contabilidade e social lei geral de protecao de dados LGPD reestruturacao de planos de cargos e salarios e estrutura administrativa licitacoes compras e contratos com base na lei n. 14.133 2021 e almoxarifado visando o fortalecimento desses setores garantindo a eficacia na gestao publica e o atendimento da legislacao vigente. (R$ 102.000,00)"
01612781000138-1-000086/2023,01612781000138-1-000086-2023.md,MUNICIPIO DE SANTIAGO DO SUL,Edital nº 1 | Processo 156/2023,Contratacao de empresa especializada na prestacao de servicos tecnicos profissionais em assessoria contabil servicos de apoio tecnico em recursos humanos planejamento licitacoes e administrativo.,tr assessoria.pdf,,https://pncp.gov.br/pncp-api/v1/orgaos/01612781000138/compras/2023/86/arquivos/2,Ativo,"Contratacao de empresa especializada na prestacao de servicos tecnicos profissionais em assessoria contabil com apoio tecnico na area administrativa contemplando as seguintes areas ouvidoria carta de servico ao usuario e pesquisa de satisfacao controle interno repasse de recursos a entidades e respectiva prestacao de contas patrimonio imobilizado contabilidade e social lei geral de protecao de dados LGPD reestruturacao de planos de cargos e salarios e estrutura administrativa licitacoes compras e contratos com base na lei n. 14.133 2021 e almoxarifado visando o fortalecimento desses setores garantindo a eficacia na gestao publica e o atendimento da legislacao vigente. (R$ 102.000,00)"
01612781000138-1-000096/2023,01612781000138-1-000096-2023.md,MUNICIPIO DE SANTIAGO DO SUL,Edital nº 177/2023/2023,"[Portal de Compras Públicas] - Execução de obra tipo: reforma da cancha de bocha municipal Elesir Molossi. Projeto, memorial descritivo, termo de referência e planilha orçamentária em anexo ao edital.",177.2023 Edital obra- Cancha Municipal..pdf,,https://pncp.gov.br/pncp-api/v1/orgaos/01612781000138/compras/2023/96/arquivos/1,Ativo,"Reforma da cancha de bocha municipal Elesir Molossi. Projeto, memorial descritivo, termo de referência e planilha orçamentária em anexo ao edital. (R$ 84.585,09)"
01612781000138-1-000096/2023,01612781000138-1-000096-2023.md,MUNICIPIO DE SANTIAGO DO SUL,Edital nº 177/2023/2023,"[Portal de Compras Públicas] - Execução de obra tipo: reforma da cancha de bocha municipal Elesir Molossi. Projeto, memorial descritivo, termo de referência e planilha orçamentária em anexo ao edital.",MEMORIAL DESCRITIVO.pdf,,https://pncp.gov.br/pncp-api/v1/orgaos/01612781000138/compras/2023/96/arquivos/2,Ativo,"Reforma da cancha de bocha municipal Elesir Molossi. Projeto, memorial descritivo, termo de referência e planilha orçamentária em anexo ao edital. (R$ 84.585,09)"
01612781000138-1-000097/2023,01612781000138-1-000097-2023.md,MUNICIPIO DE SANTIAGO DO SUL,Edital nº 2 | Processo 177/2023,EXECUCAO DE OBRA TIPO REFORMA DA CANCHA DE BOCHA MUNICIPAL ELESIR MOLOSSI. PROJETO MEMORIAL DESCRITIVO TERMO DE REFERENCIA E PLANILHA ORCAMENTARIA EM ANEXO AO EDITAL.,177.2023 Edital obra- Cancha Municipal..pdf,,https://pncp.gov.br/pncp-api/v1/orgaos/01612781000138/compras/2023/97/arquivos/1,Ativo,"REFORMA DA CANCHA DE BOCHA MUNICIPAL ELESIR MOLOSSI (R$ 84.585,09)"
01612781000138-1-000097/2023,01612781000138-1-000097-2023.md,MUNICIPIO DE SANTIAGO DO SUL,Edital nº 2 | Processo 177/2023,EXECUCAO DE OBRA TIPO REFORMA DA CANCHA DE BOCHA MUNICIPAL ELESIR MOLOSSI. PROJETO MEMORIAL DESCRITIVO TERMO DE REFERENCIA E PLANILHA ORCAMENTARIA EM ANEXO AO EDITAL.,tr obra.pdf,,https://pncp.gov.br/pncp-api/v1/orgaos/01612781000138/compras/2023/97/arquivos/2,Ativo,"REFORMA DA CANCHA DE BOCHA MUNICIPAL ELESIR MOLOSSI (R$ 84.585,09)"
06553994000150-1-000006/2023,06553994000150-1-000006-2023.md,MUNICIPIO DE SAO FRANCISCO DO PIAUI,Edital nº 001/2023,[LICITANET] - CONTRATAÇÃO DE EMPRESA ESPECIALIZADA DE ENGENHARIA PARA CONSTRUÇÃO DE UM ESPAÇO MULTI EVENTOS PARA O MUNICÍPIO DE SÃO FRANCISCO DO PIAUÍ.,edital_concorrencia_001_1682535819.pdf,,https://pncp.gov.br/pncp-api/v1/orgaos/06553994000150/compras/2023/6/arquivos/1,Ativo,"CONTRATAÇÃO DE EMPRESA ESPECIALIZADA DE ENGENHARIA PARA CONSTRUÇÃO DE UM ESPAÇO MULTI EVENTOS PARA O MUNICÍPIO DE SÃO FRANCISCO DO PIAUÍ (R$ 248.234,00)"
08922718000147-1-000001/2023,08922718000147-1-000001-2023.md,MUNICIPIO DE SAO MAMEDE,Edital nº 0001/2023/2023,[Portal de Compras Públicas] - contratação de empresa para construção de passagens molhadas no município de São Mamede-PB.,AtaTotal_233464.pdf,,https://pncp.gov.br/pncp-api/v1/orgaos/08922718000147/compras/2023/1/arquivos/2,Ativo,"PASSAGENS MOLHADAS (9 UNIDADES): PASSAGEM MOLHADA MAIPÚ PASSAGEM MOLHADA MIMOSO PASSAGEM MOLHADA MORCEGO PASSAGEM MOLHADA TAPERA PASSAGEM MOLHADA ARRAIAL PASSAGEM MOLHADA ARRAIAL 02 PASSAGEM MOLHADA PAPAGAIO PASSAGEM MOLHADA BEL MONT PASSAGEM MOLHADA MUNDO NOVO (R$ 1.305.523,16)"
08922718000147-1-000001/2023,08922718000147-1-000001-2023.md,MUNICIPIO DE SAO MAMEDE,Edital nº 0001/2023/2023,[Portal de Compras Públicas] - contratação de empresa para construção de passagens molhadas no município de São Mamede-PB.,Edital de Concorrencia Eletronica n 01-2023 - passagens molhadas.pdf,,https://pncp.gov.br/pncp-api/v1/orgaos/08922718000147/compras/2023/1/arquivos/1,Ativo,"PASSAGENS MOLHADAS (9 UNIDADES): PASSAGEM MOLHADA MAIPÚ PASSAGEM MOLHADA MIMOSO PASSAGEM MOLHADA MORCEGO PASSAGEM MOLHADA TAPERA PASSAGEM MOLHADA ARRAIAL PASSAGEM MOLHADA ARRAIAL 02 PASSAGEM MOLHADA PAPAGAIO PASSAGEM MOLHADA BEL MONT PASSAGEM MOLHADA MUNDO NOVO (R$ 1.305.523,16)"
08922718000147-1-000002/2023,08922718000147-1-000002-2023.md,MUNICIPIO DE SAO MAMEDE,Edital nº 00002/2023/2023,[Portal de Compras Públicas] - Contratação de empresa para executar obra de reforma de grupos escolares no município de São Mamede-PB.,PLANILHA PROJETO.pdf,,https://pncp.gov.br/pncp-api/v1/orgaos/08922718000147/compras/2023/2/arquivos/1,Ativo,"GRUPOS ESCOLARES (6 UNIDADES) GRUPO ESCOLAR - SÍTIO ROÇA GRUPO ESCOLAR - SÍTIO SERRA BRANCA GRUPO ESCOLAR - SÍTIO CUPIM GRUPO ESCOLAR - SÍTIO BARAÚNAS GRUPO ESCOLAR - SÍTIO ANGOLA GRUPO ESCOLAR - SÍTIO GATOS (R$ 419.854,03)"
08922718000147-1-000004/2023,08922718000147-1-000004-2023.md,MUNICIPIO DE SAO MAMEDE,Edital nº 00004/2023/2023,[Portal de Compras Públicas] - contratação de empresa para executar obra de construção de Cisternas no município de São Mamede-PB.,AtaTotal_233467.pdf,,https://pncp.gov.br/pncp-api/v1/orgaos/08922718000147/compras/2023/4/arquivos/2,Ativo,"CONSTRUÇÃO DE CISTERNA (100 UNIDADES) (R$ 1.974.394,41)"
08922718000147-1-000004/2023,08922718000147-1-000004-2023.md,MUNICIPIO DE SAO MAMEDE,Edital nº 00004/2023/2023,[Portal de Compras Públicas] - contratação de empresa para executar obra de construção de Cisternas no município de São Mamede-PB.,PROJETO ESTRUTURAL - CISTERNA AS.pdf,,https://pncp.gov.br/pncp-api/v1/orgaos/08922718000147/compras/2023/4/arquivos/1,Ativo,"CONSTRUÇÃO DE CISTERNA (100 UNIDADES) (R$ 1.974.394,41)"
08922718000147-1-000005/2023,08922718000147-1-000005-2023.md,MUNICIPIO DE SAO MAMEDE,Edital nº 00005/2023/2023,[Portal de Compras Públicas] - contratação de empresa para executar obra de construção de mata-burros e porteiras no município de São Mamede-PB.,AtaTotal_233469.pdf,,https://pncp.gov.br/pncp-api/v1/orgaos/08922718000147/compras/2023/5/arquivos/2,Ativo,"CONSTRUÇÃO DE CONJUNTO - MATA BURRO E PORTEIRA (50 UNIDADES) (R$ 773.770,82)"
08922718000147-1-000005/2023,08922718000147-1-000005-2023.md,MUNICIPIO DE SAO MAMEDE,Edital nº 00005/2023/2023,[Portal de Compras Públicas] - contratação de empresa para executar obra de construção de mata-burros e porteiras no município de São Mamede-PB.,Edital de Concorrencia Eletronica n 05-2023 - Matabuuro.pdf,,https://pncp.gov.br/pncp-api/v1/orgaos/08922718000147/compras/2023/5/arquivos/1,Ativo,"CONSTRUÇÃO DE CONJUNTO - MATA BURRO E PORTEIRA (50 UNIDADES) (R$ 773.770,82)"
08922718000147-1-000006/2023,08922718000147-1-000006-2023.md,MUNICIPIO DE SAO MAMEDE,Edital nº 00006/2023/2023,[Portal de Compras Públicas] - Contratação de empresa para executar obra da construção de mirante no município de São Mamede-PB.,PLANTA DE LOCALIZACAO.pdf,,https://pncp.gov.br/pncp-api/v1/orgaos/08922718000147/compras/2023/6/arquivos/1,Ativo,"contratação de empresa para executar obra da construção de mirante no município de São Mamede-PB. (R$ 503.767,46)"
08922718000147-1-000006/2023,08922718000147-1-000006-2023.md,MUNICIPIO DE SAO MAMEDE,Edital nº 00006/2023/2023,[Portal de Compras Públicas] - Contratação de empresa para executar obra da construção de mirante no município de São Mamede-PB.,PO_MIRANTE_SM.xlsx,,https://pncp.gov.br/pncp-api/v1/orgaos/08922718000147/compras/2023/6/arquivos/2,Ativo,"contratação de empresa para executar obra da construção de mirante no município de São Mamede-PB. (R$ 503.767,46)"
08922718000147-1-000007/2023,08922718000147-1-000007-2023.md,MUNICIPIO DE SAO MAMEDE,Edital nº 0007/2023/2023,"[Portal de Compras Públicas] - contratação de empresa para executar obra da continuação da construção de uma Creche Pré – Escola Tipo 1 – FNDE no município de São Mamede-PB, através do termo de compromisso PAR nº 201804659-1 e processo 23400.002018/2018-76",EDITAL CONCORRENCIA 07-2023 - CRECHE FNDE.pdf,,https://pncp.gov.br/pncp-api/v1/orgaos/08922718000147/compras/2023/7/arquivos/1,Ativo,"contratação de empresa para executar obra da continuação da construção de uma Creche Pré – Escola Tipo 1 – FNDE no município de São Mamede-PB, através do termo de compromisso PAR nº 201804659-1 e processo 23400.002018/2018-76 (R$ 1.833.290,82)"
45176005000108-1-000007/2023,45176005000108-1-000007-2023.md,MUNICIPIO DE TAUBATE,Edital nº 02/2023/2023,"Contratação de empresa especializada para elaboração de Estudo Preliminar Arquitetônico e Urbanístico, dos equipamentos públicos a serem implantados nos imóveis das Matrículas nº 46.319.007.001 e n° 46.111.044.001, áreas desapropriadas pela Prefeitura Municipal de Taubaté para uso educacional, com destinação às atividades de fomento à Educação Integral, incorporando as atividades e espaços para atividades culturais e de esporte, denominado Complexo Educacional Cidade da Criança.",Capa_Licitacao_02_2023_2023.pdf,,https://pncp.gov.br/pncp-api/v1/orgaos/45176005000108/compras/2023/7/arquivos/1,Ativo,"Contratação de empresa especializada para elaboração de Estudo Preliminar Arquitetônico e Urbanístico, (R$ 1.607.320,48)"
45176005000108-1-000007/2023,45176005000108-1-000007-2023.md,MUNICIPIO DE TAUBATE,Edital nº 02/2023/2023,"Contratação de empresa especializada para elaboração de Estudo Preliminar Arquitetônico e Urbanístico, dos equipamentos públicos a serem implantados nos imóveis das Matrículas nº 46.319.007.001 e n° 46.111.044.001, áreas desapropriadas pela Prefeitura Municipal de Taubaté para uso educacional, com destinação às atividades de fomento à Educação Integral, incorporando as atividades e espaços para atividades culturais e de esporte, denominado Complexo Educacional Cidade da Criança.",TERMO_DE_REFERENCIA.pdf,,https://pncp.gov.br/pncp-api/v1/orgaos/45176005000108/compras/2023/7/arquivos/2,Ativo,"Contratação de empresa especializada para elaboração de Estudo Preliminar Arquitetônico e Urbanístico, (R$ 1.607.320,48)"
45176005000108-1-000008/2023,45176005000108-1-000008-2023.md,MUNICIPIO DE TAUBATE,Edital nº 01/2023/2023,"Contratação de empresa especializada para prestação de serviços continuados de operação de tecnologia educacional, incluindo suporte, nas unidades de Ensino Fundamental II do Sistema Municipal de Ensino de Taubaté.",Capa_Licitacao_01_2023_2023.pdf,,https://pncp.gov.br/pncp-api/v1/orgaos/45176005000108/compras/2023/8/arquivos/1,Ativo,"Contratação de empresa especializada para prestação de serviços continuados de operação de tecnologia educacional, incluindo suporte, nas unidades de Ensino Fundamental II do Sistema Municipal de Ensi (R$ 27.433.024,67)"
45176005000108-1-000008/2023,45176005000108-1-000008-2023.md,MUNICIPIO DE TAUBATE,Edital nº 01/2023/2023,"Contratação de empresa especializada para prestação de serviços continuados de operação de tecnologia educacional, incluindo suporte, nas unidades de Ensino Fundamental II do Sistema Municipal de Ensino de Taubaté.",CP-01-23---EDITAL.pdf,,https://pncp.gov.br/pncp-api/v1/orgaos/45176005000108/compras/2023/8/arquivos/2,Ativo,"Contratação de empresa especializada para prestação de serviços continuados de operação de tecnologia educacional, incluindo suporte, nas unidades de Ensino Fundamental II do Sistema Municipal de Ensi (R$ 27.433.024,67)"
45176005000108-1-000044/2023,45176005000108-1-000044-2023.md,MUNICIPIO DE TAUBATE,Edital nº 11/23/2023,"Contratação de empresa especializada para a reconstrução de alvenaria e reforma da quadra Poliesportiva da EMIEF Profª Anita Ribas e Andrade, localizada a Rua José Pedro Toledo Marcondes, 69 - Jardim Sandra Maria em Taubaté-SP",Capa_Licitacao_11_23_2023.pdf,,https://pncp.gov.br/pncp-api/v1/orgaos/45176005000108/compras/2023/44/arquivos/1,Ativo,"Contratação de empresa especializada para a reconstrução de alvenaria e reforma da quadra Poliesportiva da EMIEF Profª Anita Ribas e Andrade, localizada a Rua José Pedro Toledo Marcondes, 69 - Jardim (R$ 391.078,89)"
45176005000108-1-000044/2023,45176005000108-1-000044-2023.md,MUNICIPIO DE TAUBATE,Edital nº 11/23/2023,"Contratação de empresa especializada para a reconstrução de alvenaria e reforma da quadra Poliesportiva da EMIEF Profª Anita Ribas e Andrade, localizada a Rua José Pedro Toledo Marcondes, 69 - Jardim Sandra Maria em Taubaté-SP",Edital-Concorrencia-11-23---COMPLETO-_2_.pdf,,https://pncp.gov.br/pncp-api/v1/orgaos/45176005000108/compras/2023/44/arquivos/3,Ativo,"Contratação de empresa especializada para a reconstrução de alvenaria e reforma da quadra Poliesportiva da EMIEF Profª Anita Ribas e Andrade, localizada a Rua José Pedro Toledo Marcondes, 69 - Jardim (R$ 391.078,89)"
45176005000108-1-000048/2023,45176005000108-1-000048-2023.md,MUNICIPIO DE TAUBATE,Edital nº 03/2023/2023,"Contratação de empresa especializada para a execução de obras, com fornecimento de material, mão de obra e equipamentos, para construção de calçada com piso na EMEF Monsenhor Evaristo Campista César localizada na Rua Mathias Guimarães, 276, Estiva – Taubaté/SP",Capa_Licitacao_03_2023_2023.pdf,,https://pncp.gov.br/pncp-api/v1/orgaos/45176005000108/compras/2023/48/arquivos/1,Ativo,"Contratação de empresa especializada para a execução de obras, com fornecimento de material, mão de obra e equipamentos, para construção de calçada com piso na EMEF Monsenhor Evaristo Campista César l (R$ 81.619,77)"
45176005000108-1-000048/2023,45176005000108-1-000048-2023.md,MUNICIPIO DE TAUBATE,Edital nº 03/2023/2023,"Contratação de empresa especializada para a execução de obras, com fornecimento de material, mão de obra e equipamentos, para construção de calçada com piso na EMEF Monsenhor Evaristo Campista César localizada na Rua Mathias Guimarães, 276, Estiva – Taubaté/SP",EDITAL_CONCORRENCIA_03_23_COMPLETO.pdf,,https://pncp.gov.br/pncp-api/v1/orgaos/45176005000108/compras/2023/48/arquivos/2,Ativo,"Contratação de empresa especializada para a execução de obras, com fornecimento de material, mão de obra e equipamentos, para construção de calçada com piso na EMEF Monsenhor Evaristo Campista César l (R$ 81.619,77)"
45176005000108-1-000054/2023,45176005000108-1-000054-2023.md,MUNICIPIO DE TAUBATE,Edital nº 12/23/2023,Contratação de empresa especializada para a execução de serviços de recuperação e revitalização de unidade escolar na EMEI Professor Paulo Cicchi na Chácara Silvestre I em Taubaté – SP,Capa_Licitacao_12_23_2023.pdf,,https://pncp.gov.br/pncp-api/v1/orgaos/45176005000108/compras/2023/54/arquivos/1,Ativo,"Contratação de empresa especializada para a execução de serviços de recuperação e revitalização de unidade escolar na EMEI Professor Paulo Cicchi na Chácara Silvestre I em Taubaté/SP (R$ 1.390.283,42)"
45176005000108-1-000054/2023,45176005000108-1-000054-2023.md,MUNICIPIO DE TAUBATE,Edital nº 12/23/2023,Contratação de empresa especializada para a execução de serviços de recuperação e revitalização de unidade escolar na EMEI Professor Paulo Cicchi na Chácara Silvestre I em Taubaté – SP,EDITAL-CE-12-23---COMPLETO.pdf,,https://pncp.gov.br/pncp-api/v1/orgaos/45176005000108/compras/2023/54/arquivos/2,Ativo,"Contratação de empresa especializada para a execução de serviços de recuperação e revitalização de unidade escolar na EMEI Professor Paulo Cicchi na Chácara Silvestre I em Taubaté/SP (R$ 1.390.283,42)"
08924060000102-1-000006/2023,08924060000102-1-000006-2023.md,MUNICIPIO DE TRIUNFO,Edital nº 00001/2022/2023,"[Portal de Compras Públicas] - CONTRATAÇÃO DE EMPRESA PARA EXECUÇÃO DOS SERVIÇOS DE ENGENHARIA FEFERENTE A REFORMA E AMPLIAÇÃO DA CRECHE MUNICIPAL MARIA DUARTE DE AQUINO, NO BAIRRO LUIS GOMES DE BRITO, NO MUNICIPIO DE TRIUNFO-PB.",DOU REPUBLICACAO..pdf,,https://pncp.gov.br/pncp-api/v1/orgaos/08924060000102/compras/2023/6/arquivos/2,Ativo,"EXECUÇÃO DOS SERVIÇOS DE ENGENHARIA FEFERENTE A REFORMA E AMPLIAÇÃO DA CRECHE MUNICIPAL MARIA DUARTE DE AQUINO, NO BAIRRO LUIS GOMES DE BRITO, NO MUNICIPIO DE TRIUNFO-PB. (R$ 1.086.794,28)"
08924060000102-1-000006/2023,08924060000102-1-000006-2023.md,MUNICIPIO DE TRIUNFO,Edital nº 00001/2022/2023,"[Portal de Compras Públicas] - CONTRATAÇÃO DE EMPRESA PARA EXECUÇÃO DOS SERVIÇOS DE ENGENHARIA FEFERENTE A REFORMA E AMPLIAÇÃO DA CRECHE MUNICIPAL MARIA DUARTE DE AQUINO, NO BAIRRO LUIS GOMES DE BRITO, NO MUNICIPIO DE TRIUNFO-PB.",PROJETO BASICO REFORMA DA CRECHE..pdf,,https://pncp.gov.br/pncp-api/v1/orgaos/08924060000102/compras/2023/6/arquivos/1,Ativo,"EXECUÇÃO DOS SERVIÇOS DE ENGENHARIA FEFERENTE A REFORMA E AMPLIAÇÃO DA CRECHE MUNICIPAL MARIA DUARTE DE AQUINO, NO BAIRRO LUIS GOMES DE BRITO, NO MUNICIPIO DE TRIUNFO-PB. (R$ 1.086.794,28)"
08924060000102-1-000008/2023,08924060000102-1-000008-2023.md,MUNICIPIO DE TRIUNFO,Edital nº 00003/2023/2023,"[Portal de Compras Públicas] - EXECUÇÃO DOS SERVIÇOS DE ENGENHARIA REFERENTE A REFORMA E AMPLIAÇÃO DO GINÁSIO POLIESPORTIVO DA COMUNIDADE DE CAJUÍ, NA ZONA RURAL DO MUNICIPIO DE TRIUNFO-PB.",AtaTotal_222552.pdf,,https://pncp.gov.br/pncp-api/v1/orgaos/08924060000102/compras/2023/8/arquivos/2,Ativo,"EXECUÇÃO DOS SERVIÇOS DE ENGENHARIA REFERENTE A REFORMA E AMPLIAÇÃO DO GINÁSIO POLIESPORTIVO DA COMUNIDADE DE CAJUÍ, NA ZONA RURAL DO MUNICIPIO DE TRIUNFO-PB. (R$ 749.991,11)"
08924060000102-1-000008/2023,08924060000102-1-000008-2023.md,MUNICIPIO DE TRIUNFO,Edital nº 00003/2023/2023,"[Portal de Compras Públicas] - EXECUÇÃO DOS SERVIÇOS DE ENGENHARIA REFERENTE A REFORMA E AMPLIAÇÃO DO GINÁSIO POLIESPORTIVO DA COMUNIDADE DE CAJUÍ, NA ZONA RURAL DO MUNICIPIO DE TRIUNFO-PB.","AVISO CR ELETRONICA, Imprensa Nacional - recibo de recebimento de oficio.pdf",,https://pncp.gov.br/pncp-api/v1/orgaos/08924060000102/compras/2023/8/arquivos/1,Ativo,"EXECUÇÃO DOS SERVIÇOS DE ENGENHARIA REFERENTE A REFORMA E AMPLIAÇÃO DO GINÁSIO POLIESPORTIVO DA COMUNIDADE DE CAJUÍ, NA ZONA RURAL DO MUNICIPIO DE TRIUNFO-PB. (R$ 749.991,11)"
08924060000102-1-000011/2023,08924060000102-1-000011-2023.md,MUNICIPIO DE TRIUNFO,Edital nº 00005/2023/2023,"[Portal de Compras Públicas] - CONTRATAÇÃO DE EMPRESA PARA EXECUÇÃO DOS SERVIÇOS DE ENGENHARIA REFERENTE A REFORMA E AMPLIAÇÃO DE PRAÇAS NOS SÍTIOS: MULUNGU E VERTENTES, SITUADAS NA ZONA RURAL DO MUNICÍPIO DE TRIUNFO/PB.","DOU, AVISO DE LICITACAO ATUAL.pdf",,https://pncp.gov.br/pncp-api/v1/orgaos/08924060000102/compras/2023/11/arquivos/1,Ativo,"EXECUÇÃO DOS SERVIÇOS DE ENGENHARIA REFERENTE A REFORMA E AMPLIAÇÃO DE PRAÇAS NOS SÍTIOS: MULUNGU E VERTENTES, SITUADAS NA ZONA RURAL DO MUNICÍPIO DE TRIUNFO/PB. (R$ 467.700,35)"
08924060000102-1-000011/2023,08924060000102-1-000011-2023.md,MUNICIPIO DE TRIUNFO,Edital nº 00005/2023/2023,"[Portal de Compras Públicas] - CONTRATAÇÃO DE EMPRESA PARA EXECUÇÃO DOS SERVIÇOS DE ENGENHARIA REFERENTE A REFORMA E AMPLIAÇÃO DE PRAÇAS NOS SÍTIOS: MULUNGU E VERTENTES, SITUADAS NA ZONA RURAL DO MUNICÍPIO DE TRIUNFO/PB.",TERMO RETIFICACAO AO EDITAL.pdf,,https://pncp.gov.br/pncp-api/v1/orgaos/08924060000102/compras/2023/11/arquivos/2,Ativo,"EXECUÇÃO DOS SERVIÇOS DE ENGENHARIA REFERENTE A REFORMA E AMPLIAÇÃO DE PRAÇAS NOS SÍTIOS: MULUNGU E VERTENTES, SITUADAS NA ZONA RURAL DO MUNICÍPIO DE TRIUNFO/PB. (R$ 467.700,35)"
08924060000102-1-000018/2023,08924060000102-1-000018-2023.md,MUNICIPIO DE TRIUNFO,Edital nº 00009/2023,[Portal de Compras Públicas] - CONTRATAÇÃO DE EMPRESA PARA EXECUÇÃO DOS SERVIÇOS DE ENGENHARIA REFERENTE A CONSTRUÇÃO DA GARAGEM E SECRETARIA MUNICIPAL DE TRANSPORTES DO MUNICIPIO DE TRIUNFO-PB.,PROJETO BASICO COMPLETO..pdf,,https://pncp.gov.br/pncp-api/v1/orgaos/08924060000102/compras/2023/18/arquivos/2,Ativo,"CONTRATAÇÃO DE EMPRESA PARA EXECUÇÃO DOS SERVIÇOS DE ENGENHARIA REFERENTE A CONSTRUÇÃO DA GARAGEM E SECRETARIA MUNICIPAL DE TRANSPORTES DO MUNICIPIO DE TRIUNFO-PB. (R$ 1.229.187,42)"
08924060000102-1-000018/2023,08924060000102-1-000018-2023.md,MUNICIPIO DE TRIUNFO,Edital nº 00009/2023,[Portal de Compras Públicas] - CONTRATAÇÃO DE EMPRESA PARA EXECUÇÃO DOS SERVIÇOS DE ENGENHARIA REFERENTE A CONSTRUÇÃO DA GARAGEM E SECRETARIA MUNICIPAL DE TRANSPORTES DO MUNICIPIO DE TRIUNFO-PB.,"RECIBO AVISO DE LICITACAO, Imprensa Nacional - recibo de recebimento de oficio.pdf",,https://pncp.gov.br/pncp-api/v1/orgaos/08924060000102/compras/2023/18/arquivos/1,Ativo,"CONTRATAÇÃO DE EMPRESA PARA EXECUÇÃO DOS SERVIÇOS DE ENGENHARIA REFERENTE A CONSTRUÇÃO DA GARAGEM E SECRETARIA MUNICIPAL DE TRANSPORTES DO MUNICIPIO DE TRIUNFO-PB. (R$ 1.229.187,42)"
08924060000102-1-000020/2023,08924060000102-1-000020-2023.md,MUNICIPIO DE TRIUNFO,Edital nº 00010/2023/2023,"[Portal de Compras Públicas] - CONTRATAÇÃO DE EMPRESA PARA EXECUÇÃO DE OBRAS DE ENGENHARIA VISANDO A IMPLANTAÇÃO DE PAVIMENTAÇÃO URBANA EM PARALELEPIPEDO DE DIVERSAS RUAS NA SEDE DO MUNICIPIO DE TRIUNFO - PB, CONFORME CONTRATO DE REPASSE Nº 1083255-60/2022 ENTRE O MINISTERIO DO DESENVOLVIMENTO REGIONAL (MDR) E A PREFEITURA MUNICIPAL DE TRIUNFO PB.","AVISO DE LICITACAO, Imprensa Nacional - recibo de recebimento de oficio.pdf",,https://pncp.gov.br/pncp-api/v1/orgaos/08924060000102/compras/2023/20/arquivos/1,Ativo,"CONTRATAÇÃO DE EMPRESA PARA EXECUÇÃO DE OBRAS DE ENGENHARIA VISANDO A IMPLANTAÇÃO DE PAVIMENTAÇÃO URBANA EM PARALELEPIPEDO DE DIVERSAS RUAS NA SEDE DO MUNICIPIO DE TRIUNFO - PB, CONFORME CONTRATO DE REPASSE Nº 1083255-60/2022 ENTRE O MINISTERIO DO DESENVOLVIMENTO REGIONAL (MDR) E A PREFEITURA MUNICIPAL DE TRIUNFO PB. (R$ 833.331,57)"
08924060000102-1-000020/2023,08924060000102-1-000020-2023.md,MUNICIPIO DE TRIUNFO,Edital nº 00010/2023/2023,"[Portal de Compras Públicas] - CONTRATAÇÃO DE EMPRESA PARA EXECUÇÃO DE OBRAS DE ENGENHARIA VISANDO A IMPLANTAÇÃO DE PAVIMENTAÇÃO URBANA EM PARALELEPIPEDO DE DIVERSAS RUAS NA SEDE DO MUNICIPIO DE TRIUNFO - PB, CONFORME CONTRATO DE REPASSE Nº 1083255-60/2022 ENTRE O MINISTERIO DO DESENVOLVIMENTO REGIONAL (MDR) E A PREFEITURA MUNICIPAL DE TRIUNFO PB.","PRJETO BASICO COMPLETO, PAVIMENTACAO..pdf",,https://pncp.gov.br/pncp-api/v1/orgaos/08924060000102/compras/2023/20/arquivos/2,Ativo,"CONTRATAÇÃO DE EMPRESA PARA EXECUÇÃO DE OBRAS DE ENGENHARIA VISANDO A IMPLANTAÇÃO DE PAVIMENTAÇÃO URBANA EM PARALELEPIPEDO DE DIVERSAS RUAS NA SEDE DO MUNICIPIO DE TRIUNFO - PB, CONFORME CONTRATO DE REPASSE Nº 1083255-60/2022 ENTRE O MINISTERIO DO DESENVOLVIMENTO REGIONAL (MDR) E A PREFEITURA MUNICIPAL DE TRIUNFO PB. (R$ 833.331,57)"
31723570000133-1-000002/2023,31723570000133-1-000002-2023.md,MUNICIPIO DE VARGEM ALTA,Edital nº 003/2023/2023,"[Portal de Compras Públicas] - CONTRATAÇÃO DE EMPRESA ESPECIALIZADA PARA EXECUÇÃO DE OBRA DE CONSTRUÇÃO DA 2ª ETAPA DA COBERTURA DA ARQUIBANCADA DO ESTÁDIO JERÔNIMO GRILLO, NA LOCALIDADE DE FRUTEIRAS NOVA, NO MUNICÍPIO DE VARGEM ALTA/ES, CONSIDERANDO O CONVÊNIO Nº 026/2022 - SESPORT",AtaTotal_234085.pdf,,https://pncp.gov.br/pncp-api/v1/orgaos/31723570000133/compras/2023/2/arquivos/2,Ativo,"EXECUÇÃO DE OBRA DE CONSTRUÇÃO DA 2ª ETAPA DA COBERTURA DA ARQUIBANCADA DO ESTÁDIO JERÔNIMO GRILLO, NA LOCALIDADE DE FRUTEIRAS NOVA, NO MUNICÍPIO DE VARGEM ALTA/ES, CONSIDERANDO O CONVÊNIO Nº 026/2022 - SESPORT (R$ 231.867,24)"
31723570000133-1-000002/2023,31723570000133-1-000002-2023.md,MUNICIPIO DE VARGEM ALTA,Edital nº 003/2023/2023,"[Portal de Compras Públicas] - CONTRATAÇÃO DE EMPRESA ESPECIALIZADA PARA EXECUÇÃO DE OBRA DE CONSTRUÇÃO DA 2ª ETAPA DA COBERTURA DA ARQUIBANCADA DO ESTÁDIO JERÔNIMO GRILLO, NA LOCALIDADE DE FRUTEIRAS NOVA, NO MUNICÍPIO DE VARGEM ALTA/ES, CONSIDERANDO O CONVÊNIO Nº 026/2022 - SESPORT",EDITAL.pdf,,https://pncp.gov.br/pncp-api/v1/orgaos/31723570000133/compras/2023/2/arquivos/1,Ativo,"EXECUÇÃO DE OBRA DE CONSTRUÇÃO DA 2ª ETAPA DA COBERTURA DA ARQUIBANCADA DO ESTÁDIO JERÔNIMO GRILLO, NA LOCALIDADE DE FRUTEIRAS NOVA, NO MUNICÍPIO DE VARGEM ALTA/ES, CONSIDERANDO O CONVÊNIO Nº 026/2022 - SESPORT (R$ 231.867,24)"
91566869000153-1-000071/2023,91566869000153-1-000071-2023.md,MUNICIPIO DE VILA FLORES,Edital nº 2/2023,OBRAS E INSTALACOES,/var/www/html/multi24/sistemas/multi24/assets/tmp/EDITAL.pdf,,https://pncp.gov.br/pncp-api/v1/orgaos/91566869000153/compras/2023/71/arquivos/2,Ativo,"APLICAÇÃO DE LONA PLÁSTICA PARA EXECUÇÃO SERVIÇOS (R$ 309,58); TUBO, PVC, SOLDÁVEL, DN 25MM, INSTALADO EM RAMAL (R$ 275,60)"
91566869000153-1-000071/2023,91566869000153-1-000071-2023.md,MUNICIPIO DE VILA FLORES,Edital nº 2/2023,OBRAS E INSTALACOES,/var/www/html/multi24/sistemas/multi24/assets/tmp/PNCP.pdf,,https://pncp.gov.br/pncp-api/v1/orgaos/91566869000153/compras/2023/71/arquivos/1,Ativo,"APLICAÇÃO DE LONA PLÁSTICA PARA EXECUÇÃO SERVIÇOS (R$ 309,58); TUBO, PVC, SOLDÁVEL, DN 25MM, INSTALADO EM RAMAL (R$ 275,60)"
27142058000550-1-000001/2022,27142058000550-1-000001-2022.md,MUNICIPIO DE VITORIA,Edital nº 016/2022/2022,"[Portal de Compras Públicas] - REGISTRO DE PREÇOS VISANDO CONTRATAÇÃO DE EMPRESA PARA EXECUÇÃO DE OBRAS DE RECONSTRUÇÃO E MELHORIAS HABITACIONAIS, EM VITÓRIA/ES.",AtaTotal_200681.pdf,,https://pncp.gov.br/pncp-api/v1/orgaos/27142058000550/compras/2022/1/arquivos/2,Ativo,"1 (R$ 64.641.179,13)"
27142058000550-1-000001/2022,27142058000550-1-000001-2022.md,MUNICIPIO DE VITORIA,Edital nº 016/2022/2022,"[Portal de Compras Públicas] - REGISTRO DE PREÇOS VISANDO CONTRATAÇÃO DE EMPRESA PARA EXECUÇÃO DE OBRAS DE RECONSTRUÇÃO E MELHORIAS HABITACIONAIS, EM VITÓRIA/ES.",EDITAL REGISTRO DE PRECOS_MELHORIAS HABITACIONAIS.pdf,,https://pncp.gov.br/pncp-api/v1/orgaos/27142058000550/compras/2022/1/arquivos/1,Ativo,"1 (R$ 64.641.179,13)"
27142058000550-1-000001/2023,27142058000550-1-000001-2023.md,MUNICIPIO DE VITORIA,Edital nº 001/2023/2023,"[Portal de Compras Públicas] - REALIZAÇÃO DE CONCORRÊNCIA PARA CONTRATAÇÃO DE EMPRESA OU CONSÓRCIO ESPECIALIZADO NA EXECUÇÃO DAS OBRAS DE CONSTRUÇÃO DA COBERTURA DA QUADRA POLIESPORTIVA DA PRAÇA DE ITARARÉ, LOCALIZADA NA RUA DAS PALMEIRAS, BAIRRO ITARARÉ, NO MUNICÍPIO DE VITÓRIA/ES.",ANEXO IB_DECLARACAO DE PLANEJAMENTO.pdf,,https://pncp.gov.br/pncp-api/v1/orgaos/27142058000550/compras/2023/1/arquivos/1,Ativo,"OBRAS DE CONSTRUÇÃO DA COBERTURA DA QUADRA POLIESPORTIVA DA PRAÇA DE ITARARÉ, LOCALIZADA NA RUA DAS PALMEIRAS, BAIRRO ITARARÉ, NO MUNICÍPIO DE VITÓRIA/ES. (R$ 1.684.041,56)"
27142058000550-1-000001/2023,27142058000550-1-000001-2023.md,MUNICIPIO DE VITORIA,Edital nº 001/2023/2023,"[Portal de Compras Públicas] - REALIZAÇÃO DE CONCORRÊNCIA PARA CONTRATAÇÃO DE EMPRESA OU CONSÓRCIO ESPECIALIZADO NA EXECUÇÃO DAS OBRAS DE CONSTRUÇÃO DA COBERTURA DA QUADRA POLIESPORTIVA DA PRAÇA DE ITARARÉ, LOCALIZADA NA RUA DAS PALMEIRAS, BAIRRO ITARARÉ, NO MUNICÍPIO DE VITÓRIA/ES.",AtaTotal_217304.pdf,,https://pncp.gov.br/pncp-api/v1/orgaos/27142058000550/compras/2023/1/arquivos/2,Ativo,"OBRAS DE CONSTRUÇÃO DA COBERTURA DA QUADRA POLIESPORTIVA DA PRAÇA DE ITARARÉ, LOCALIZADA NA RUA DAS PALMEIRAS, BAIRRO ITARARÉ, NO MUNICÍPIO DE VITÓRIA/ES. (R$ 1.684.041,56)"
27142058000550-1-000002/2022,27142058000550-1-000002-2022.md,MUNICIPIO DE VITORIA,Edital nº 015/2022/2022,"[Portal de Compras Públicas] - REGISTRO DE PREÇOS VISANDO CONTRATAÇÃO DE EMPRESA PARA EXECUÇÃO DE SERVIÇOS E OBRAS DE CONTENÇÃO DE ENCOSTAS NOS SETORES DE RISCOS GEOLÓGICOS ALTO E MUITO ALTO, EM VITÓRIA/ES.",EDITAL CONCORRENCIA N. 015-2022 - SRP_CONTENCOES.pdf,,https://pncp.gov.br/pncp-api/v1/orgaos/27142058000550/compras/2022/2/arquivos/1,Ativo,"REGISTRO DE PREÇOS VISANDO CONTRATAÇÃO DE EMPRESA PARA EXECUÇÃO DE SERVIÇOS E OBRAS DE CONTENÇÃO DE ENCOSTAS NOS SETORES DE RISCOS GEOLÓGICOS ALTO E MUITO ALTO, EM VITÓRIA/ES. (R$ 63.453.674,05)"
27142058000550-1-000002/2023,27142058000550-1-000002-2023.md,MUNICIPIO DE VITORIA,Edital nº 02/2023/2023,"[Portal de Compras Públicas] - CONTRATAÇÃO DE EMPRESA OU CONSÓRCIO ESPECIALIZADO NA EXECUÇÃO DAS OBRAS DE CONSTRUÇÃO DA COBERTURA DA QUADRA POLIESPORTIVA DA PRAÇA NILZE MENDES, LOCALIZADA À RUA CARLOS LINDEMBERG Nº 104, BAIRRO JARDIM CAMBURI, MUNICÍPIO DE VITÓRIA/ES.",ANEXO I-A TERMO DE REFERENCIA.pdf,,https://pncp.gov.br/pncp-api/v1/orgaos/27142058000550/compras/2023/2/arquivos/1,Ativo,"CONTRATAÇÃO DE EMPRESA OU CONSÓRCIO ESPECIALIZADO NA EXECUÇÃO DAS OBRAS DE CONSTRUÇÃO DA COBERTURA DA QUADRA POLIESPORTIVA DA PRAÇA NILZE MENDES, LOCALIZADA À RUA CARLOS LINDEMBERG Nº 104, BAIRRO JARDIM CAMBURI, MUNICÍPIO DE VITÓRIA/ES. (R$ 1.668.139,03)"
27142058000550-1-000003/2022,27142058000550-1-000003-2022.md,MUNICIPIO DE VITORIA,Edital nº 017/2022/2022,"[Portal de Compras Públicas] - REALIZAÇÃO DE CONCORRÊNCIA PARA CONTRATAÇÃO DE EMPRESA OU CONSÓRCIO ESPECIALIZADO NA EXECUÇÃO DAS OBRAS COMPLEMENTARES DA POLIGONAL 10 - URBANIZAÇÃO DA PRAÇA LOCALIZADA NA RUA DA FELICIDADE E OBRAS DE INFRAESTRUTURA, NO BAIRRO CONQUISTA, MUNICÍPIO DE VITÓRIA/ES.",EDITAL CONCORRENCIA 017-2022_POLIGONAL 10.pdf,,https://pncp.gov.br/pncp-api/v1/orgaos/27142058000550/compras/2022/3/arquivos/1,Ativo,"EXECUÇÃO DAS OBRAS COMPLEMENTARES DA POLIGONAL 10 - URBANIZAÇÃO DA PRAÇA LOCALIZADA NA RUA DA FELICIDADE E OBRAS DE INFRAESTRUTURA, NO BAIRRO CONQUISTA, MUNICÍPIO DE VITÓRIA/ES. (R$ 1.619.832,17)"
27142058000550-1-000003/2023,27142058000550-1-000003-2023.md,MUNICIPIO DE VITORIA,Edital nº 003/2023/2023,"[Portal de Compras Públicas] - CONTRATAÇÃO DE EMPRESA OU CONSÓRCIO ESPECIALIZADO PARA EXECUÇÃO DAS OBRAS DE INFRAESTRUTURA URBANA ABRANGENDO SERVIÇOS DE DRENAGEM, PAVIMENTAÇÃO, SINALIZAÇÃO E OBRAS COMPLEMENTARES NA RUA FLOR DO CAMPO E RUA DOS IPÊS, LOCALIZADAS NO BAIRRO UNIVERSITÁRIO, NO MUNICÍPIO DE VITÓRIA/ES.",Aviso de Adiamento da Licitacao_DOMV.pdf,,https://pncp.gov.br/pncp-api/v1/orgaos/27142058000550/compras/2023/3/arquivos/2,Ativo,"CONTRATAÇÃO DE EMPRESA OU CONSÓRCIO ESPECIALIZADO PARA EXECUÇÃO DAS OBRAS DE INFRAESTRUTURA URBANA ABRANGENDO SERVIÇOS DE DRENAGEM, PAVIMENTAÇÃO, SINALIZAÇÃO E OBRAS COMPLEMENTARES NA RUA FLOR DO CAMPO E RUA DOS IPÊS, LOCALIZADAS NO BAIRRO UNIVERSITÁRIO, NO MUNICÍPIO DE VITÓRIA/ES. (R$ 2.588.588,12)"
27142058000550-1-000003/2023,27142058000550-1-000003-2023.md,MUNICIPIO DE VITORIA,Edital nº 003/2023/2023,"[Portal de Compras Públicas] - CONTRATAÇÃO DE EMPRESA OU CONSÓRCIO ESPECIALIZADO PARA EXECUÇÃO DAS OBRAS DE INFRAESTRUTURA URBANA ABRANGENDO SERVIÇOS DE DRENAGEM, PAVIMENTAÇÃO, SINALIZAÇÃO E OBRAS COMPLEMENTARES NA RUA FLOR DO CAMPO E RUA DOS IPÊS, LOCALIZADAS NO BAIRRO UNIVERSITÁRIO, NO MUNICÍPIO DE VITÓRIA/ES.",EDITAL_CONC.003-2023_DRENAG.BAIRRO UNIVERSITARIO.pdf,,https://pncp.gov.br/pncp-api/v1/orgaos/27142058000550/compras/2023/3/arquivos/1,Ativo,"CONTRATAÇÃO DE EMPRESA OU CONSÓRCIO ESPECIALIZADO PARA EXECUÇÃO DAS OBRAS DE INFRAESTRUTURA URBANA ABRANGENDO SERVIÇOS DE DRENAGEM, PAVIMENTAÇÃO, SINALIZAÇÃO E OBRAS COMPLEMENTARES NA RUA FLOR DO CAMPO E RUA DOS IPÊS, LOCALIZADAS NO BAIRRO UNIVERSITÁRIO, NO MUNICÍPIO DE VITÓRIA/ES. (R$ 2.588.588,12)"
27142058000550-1-000004/2022,27142058000550-1-000004-2022.md,MUNICIPIO DE VITORIA,Edital nº 019/2022/2022,"[Portal de Compras Públicas] - CONTRATAÇÃO DE EMPRESA OU CONSÓRCIO ESPECIALIZADO NA EXECUÇÃO DAS OBRAS DE RESTAURO DO VIADUTO CARAMURU, LOCALIZADO NO CENTRO DO MUNICÍPIO DE VITÓRIA/ES.",AtaTotal_208171.pdf,,https://pncp.gov.br/pncp-api/v1/orgaos/27142058000550/compras/2022/4/arquivos/2,Ativo,"CONTRATAÇÃO DE EMPRESA OU CONSÓRCIO ESPECIALIZADO NA EXECUÇÃO DAS OBRAS DE RESTAURO DO VIADUTO CARAMURU, LOCALIZADO NO CENTRO DO MUNICÍPIO DE VITÓRIA/ES. (R$ 1.009.647,39)"
27142058000550-1-000004/2022,27142058000550-1-000004-2022.md,MUNICIPIO DE VITORIA,Edital nº 019/2022/2022,"[Portal de Compras Públicas] - CONTRATAÇÃO DE EMPRESA OU CONSÓRCIO ESPECIALIZADO NA EXECUÇÃO DAS OBRAS DE RESTAURO DO VIADUTO CARAMURU, LOCALIZADO NO CENTRO DO MUNICÍPIO DE VITÓRIA/ES.",EDITAL CONCORRENCIA 019-2022_VIADUTO CARAMURU.pdf,,https://pncp.gov.br/pncp-api/v1/orgaos/27142058000550/compras/2022/4/arquivos/1,Ativo,"CONTRATAÇÃO DE EMPRESA OU CONSÓRCIO ESPECIALIZADO NA EXECUÇÃO DAS OBRAS DE RESTAURO DO VIADUTO CARAMURU, LOCALIZADO NO CENTRO DO MUNICÍPIO DE VITÓRIA/ES. (R$ 1.009.647,39)"
27142058000550-1-000004/2023,27142058000550-1-000004-2023.md,MUNICIPIO DE VITORIA,Edital nº 004/2023/2023,[Portal de Compras Públicas] - REGISTRO DE PREÇOS VISANDO CONTRATAÇÃO DE EMPRESA PARA EXECUÇÃO DE SERVIÇOS DE RECUPERAÇÃO FUNCIONAL DE PAVIMENTOS NO MUNICÍPIO DE VITÓRIA/ES.,EDITAL_CONCORRENCIA 004-23_SRP ASFALTO.pdf,,https://pncp.gov.br/pncp-api/v1/orgaos/27142058000550/compras/2023/4/arquivos/1,Ativo,"LOTE 1 - REGISTRO DE PREÇOS VISANDO CONTRATAÇÃO DE EMPRESA PARA EXECUÇÃO DE SERVIÇOS DE RECUPERAÇÃO FUNCIONAL DE PAVIMENTOS NO MUNICÍPIO DE VITÓRIA/ES. (R$ 115.025.403,53); LOTE 2 - REGISTRO DE PREÇOS VISANDO CONTRATAÇÃO DE EMPRESA PARA EXECUÇÃO DE SERVIÇOS DE RECUPERAÇÃO FUNCIONAL DE PAVIMENTOS NO MUNICÍPIO DE VITÓRIA/ES. (R$ 122.405.859,10)"
27142058000550-1-000004/2023,27142058000550-1-000004-2023.md,MUNICIPIO DE VITORIA,Edital nº 004/2023/2023,[Portal de Compras Públicas] - REGISTRO DE PREÇOS VISANDO CONTRATAÇÃO DE EMPRESA PARA EXECUÇÃO DE SERVIÇOS DE RECUPERAÇÃO FUNCIONAL DE PAVIMENTOS NO MUNICÍPIO DE VITÓRIA/ES.,Resposta ao pedido de Esclarecimento 01 REV01 - ENVIO.pdf,,https://pncp.gov.br/pncp-api/v1/orgaos/27142058000550/compras/2023/4/arquivos/2,Ativo,"LOTE 1 - REGISTRO DE PREÇOS VISANDO CONTRATAÇÃO DE EMPRESA PARA EXECUÇÃO DE SERVIÇOS DE RECUPERAÇÃO FUNCIONAL DE PAVIMENTOS NO MUNICÍPIO DE VITÓRIA/ES. (R$ 115.025.403,53); LOTE 2 - REGISTRO DE PREÇOS VISANDO CONTRATAÇÃO DE EMPRESA PARA EXECUÇÃO DE SERVIÇOS DE RECUPERAÇÃO FUNCIONAL DE PAVIMENTOS NO MUNICÍPIO DE VITÓRIA/ES. (R$ 122.405.859,10)"
27142058000550-1-000005/2022,27142058000550-1-000005-2022.md,MUNICIPIO DE VITORIA,Edital nº 021/2022/2022,"[Portal de Compras Públicas] - REALIZAÇÃO DE CONCORRÊNCIA PARA CONTRATAÇÃO NO REGIME SEMI-INTEGRADO DE EMPRESA OU CONSÓRCIO ESPECIALIZADO NA ELABORAÇÃO DE PROJETO EXECUTIVO DE ENGENHARIA E EXECUÇÃO DAS OBRAS DE CONSTRUÇÃO DO CENTRO INTEGRADO DE ASSISTÊNCIA SOCIAL E ESPORTES LOCALIZADO A RUA ESTHER OLIVEIRA GALVEAS, BAIRRO JARDIM CAMBURI, NO MUNICÍPIO DE VITÓRIA/ES.",Composicao Precos Unitarios.pdf,,https://pncp.gov.br/pncp-api/v1/orgaos/27142058000550/compras/2022/5/arquivos/1,Ativo,"CONTRATAÇÃO NO REGIME SEMI-INTEGRADO DE EMPRESA OU CONSÓRCIO ESPECIALIZADO NA ELABORAÇÃO DE PROJETO EXECUTIVO DE ENGENHARIA E EXECUÇÃO DAS OBRAS DE CONSTRUÇÃO DO CENTRO INTEGRADO DE ASSISTÊNCIA SOCIAL E ESPORTES LOCALIZADO A RUA ESTHER OLIVEIRA GALVEAS, BAIRRO JARDIM CAMBURI, MUNICÍPIO DE VITÓRIA/ES. (R$ 10.388.672,40)"
27142058000550-1-000005/2022,27142058000550-1-000005-2022.md,MUNICIPIO DE VITORIA,Edital nº 021/2022/2022,"[Portal de Compras Públicas] - REALIZAÇÃO DE CONCORRÊNCIA PARA CONTRATAÇÃO NO REGIME SEMI-INTEGRADO DE EMPRESA OU CONSÓRCIO ESPECIALIZADO NA ELABORAÇÃO DE PROJETO EXECUTIVO DE ENGENHARIA E EXECUÇÃO DAS OBRAS DE CONSTRUÇÃO DO CENTRO INTEGRADO DE ASSISTÊNCIA SOCIAL E ESPORTES LOCALIZADO A RUA ESTHER OLIVEIRA GALVEAS, BAIRRO JARDIM CAMBURI, NO MUNICÍPIO DE VITÓRIA/ES.",QUESTIONAMENTO 01.pdf,,https://pncp.gov.br/pncp-api/v1/orgaos/27142058000550/compras/2022/5/arquivos/2,Ativo,"CONTRATAÇÃO NO REGIME SEMI-INTEGRADO DE EMPRESA OU CONSÓRCIO ESPECIALIZADO NA ELABORAÇÃO DE PROJETO EXECUTIVO DE ENGENHARIA E EXECUÇÃO DAS OBRAS DE CONSTRUÇÃO DO CENTRO INTEGRADO DE ASSISTÊNCIA SOCIAL E ESPORTES LOCALIZADO A RUA ESTHER OLIVEIRA GALVEAS, BAIRRO JARDIM CAMBURI, MUNICÍPIO DE VITÓRIA/ES. (R$ 10.388.672,40)"
27142058000550-1-000006/2022,27142058000550-1-000006-2022.md,MUNICIPIO DE VITORIA,Edital nº 23/2022/2022,"[Portal de Compras Públicas] - CONTRATAÇÃO NO REGIME SEMI-INTEGRADO DE EMPRESA OU CONSÓRCIO ESPECIALIZADO NA ELABORAÇÃO DE PROJETO EXECUTIVO DE ENGENHARIA E EXECUÇÃO DAS OBRAS DE CONSTRUÇÃO DO CMEI JABOUR, LOCALIZADO A RUA CIRO VIEIRA DA CUNHA, BAIRRO JABOUR, MUNICÍPIO DE VITÓRIA/ES.",EDITAL CONCORRENCIA N 023-2022 - CMEI JABOUR.pdf,,https://pncp.gov.br/pncp-api/v1/orgaos/27142058000550/compras/2022/6/arquivos/1,Ativo,"CONTRATAÇÃO NO REGIME SEMI-INTEGRADO DE EMPRESA OU CONSÓRCIO ESPECIALIZADO NA ELABORAÇÃO DE PROJETO EXECUTIVO DE ENGENHARIA E EXECUÇÃO DAS OBRAS DE CONSTRUÇÃO DO CMEI JABOUR, LOCALIZADO A RUA CIRO VIEIRA DA CUNHA, BAIRRO JABOUR, MUNICÍPIO DE VITÓRIA/ES. (R$ 15.992.930,34)"
27142058000550-1-000007/2022,27142058000550-1-000007-2022.md,MUNICIPIO DE VITORIA,Edital nº 010/2022/2022,"[Portal de Compras Públicas] - CONTRATAÇÃO INTEGRADA DE EMPRESA OU CONSÓRCIO ESPECIALIZADO PARA ELABORAÇÃO DO PROJETO BÁSICO, EXECUTIVO DE ENGENHARIA, EXECUÇÃO DAS OBRAS E OPE655RAÇÃO ASSISTIDA DO SISTEMA DE MACRODRENAGEM URBANA DAS BACIAS DE DRENAGEM Nº 40, 46, 47, 48, 49, 50, 51, 55 E 56 QUE COMPREENDEM OS SEGUINTES BAIRROS: INHANGUETÁ, ESTRELINHA, GRANDE VITÓRIA, UNIVERSITÁRIO, MÁRIO CYPRESTE E SANTO ANTÔNIO, NO MUNICÍPIO DE VITÓRIA/ES.",Errata - Concorrencia Eletronica n 010-2022 - Macrodrenagem.pdf,,https://pncp.gov.br/pncp-api/v1/orgaos/27142058000550/compras/2022/7/arquivos/2,Ativo,"Lote 1 - REALIZAÇÃO DE CONCORRÊNCIA NO REGIME DE CONTRATAÇÃO INTEGRADA DE EMPRESA OU CONSÓRCIO ESPECIALIZADO PARA ELABORAÇÃO DO PROJETO BÁSICO, EXECUTIVO DE ENGENHARIA, EXECUÇÃO DAS OBRAS E OPE655RAÇÃO ASSISTIDA DO SISTEMA DE MACRODRENAGEM URBANA DAS BACIAS DE DRENAGEM Nº 40, 46, 47, 48, 49, 50, 51, 55 E 56 QUE COMPREENDEM OS SEGUINTES BAIRROS: INHANGUETÁ, ESTRELINHA, GRANDE VITÓRIA, UNIVERSITÁRIO, MÁRIO CYPRESTE E SANTO ANTÔNIO, NO MUNICÍPIO DE VITÓRIA/ES. (R$ 0,00)"
27142058000550-1-000007/2022,27142058000550-1-000007-2022.md,MUNICIPIO DE VITORIA,Edital nº 010/2022/2022,"[Portal de Compras Públicas] - CONTRATAÇÃO INTEGRADA DE EMPRESA OU CONSÓRCIO ESPECIALIZADO PARA ELABORAÇÃO DO PROJETO BÁSICO, EXECUTIVO DE ENGENHARIA, EXECUÇÃO DAS OBRAS E OPE655RAÇÃO ASSISTIDA DO SISTEMA DE MACRODRENAGEM URBANA DAS BACIAS DE DRENAGEM Nº 40, 46, 47, 48, 49, 50, 51, 55 E 56 QUE COMPREENDEM OS SEGUINTES BAIRROS: INHANGUETÁ, ESTRELINHA, GRANDE VITÓRIA, UNIVERSITÁRIO, MÁRIO CYPRESTE E SANTO ANTÔNIO, NO MUNICÍPIO DE VITÓRIA/ES.",MEMORIAL DESCRITIVO DRENAGEM PLUVIAL.pdf,,https://pncp.gov.br/pncp-api/v1/orgaos/27142058000550/compras/2022/7/arquivos/1,Ativo,"Lote 1 - REALIZAÇÃO DE CONCORRÊNCIA NO REGIME DE CONTRATAÇÃO INTEGRADA DE EMPRESA OU CONSÓRCIO ESPECIALIZADO PARA ELABORAÇÃO DO PROJETO BÁSICO, EXECUTIVO DE ENGENHARIA, EXECUÇÃO DAS OBRAS E OPE655RAÇÃO ASSISTIDA DO SISTEMA DE MACRODRENAGEM URBANA DAS BACIAS DE DRENAGEM Nº 40, 46, 47, 48, 49, 50, 51, 55 E 56 QUE COMPREENDEM OS SEGUINTES BAIRROS: INHANGUETÁ, ESTRELINHA, GRANDE VITÓRIA, UNIVERSITÁRIO, MÁRIO CYPRESTE E SANTO ANTÔNIO, NO MUNICÍPIO DE VITÓRIA/ES. (R$ 0,00)"
27142058000550-1-000007/2023,27142058000550-1-000007-2023.md,MUNICIPIO DE VITORIA,Edital nº 006/2023/2023,"[Portal de Compras Públicas] - EALIZAÇÃO DE CONCORRÊNCIA NO REGIME DE CONTRATAÇÃO INTEGRADA DE EMPRESA OU CONSÓRCIO ESPECIALIZADO PARA ELABORAÇÃO DO PROJETO BÁSICO, EXECUTIVO DE ENGENHARIA E EXECUÇÃO DAS OBRAS DE MACRODRENAGEM URBANA DA BACIA DE DRENAGEM Nº 22 INTERVENÇÃO EM DOIS TRECHOS DA GALERIA NA RUA JAIR ETIENNE DESSAUNE, ENTRE A AVENIDA VITÓRIA E A AVENIDA CEZAR HILAL, NO BAIRRO BENTO FERREIRA NO MUNICÍPIO DE VITÓRIA/ES.",ORC0499.zip,PLA049901/PLA049901.DBF; PLA049901/PLA049901.FPT; PLA049901/CROP049901.DBF; PLA049901/CROI049901.DBF; PLA049901/INS049901.DBF; PLA049901/COM049901.DBF; PLA049901/ORC049901.DBF,https://pncp.gov.br/pncp-api/v1/orgaos/27142058000550/compras/2023/7/arquivos/1,Ativo,"REALIZAÇÃO DE CONCORRÊNCIA NO REGIME DE CONTRATAÇÃO INTEGRADA DE EMPRESA OU CONSÓRCIO ESPECIALIZADO PARA ELABORAÇÃO DO PROJETO BÁSICO, EXECUTIVO DE ENGENHARIA E EXECUÇÃO DAS OBRAS DE MACRODRENAGEM URBANA DA BACIA DE DRENAGEM Nº 22 INTERVENÇÃO EM DOIS TRECHOS DA GALERIA NA RUA JAIR ETIENNE DESSAUNE, ENTRE A AVENIDA VITÓRIA E A AVENIDA CEZAR HILAL, NO BAIRRO BENTO FERREIRA NO MUNICÍPIO DE VITÓRIA/ES. (R$ 9.446.219,64)"
27142058000550-1-000007/2023,27142058000550-1-000007-2023.md,MUNICIPIO DE VITORIA,Edital nº 006/2023/2023,"[Portal de Compras Públicas] - EALIZAÇÃO DE CONCORRÊNCIA NO REGIME DE CONTRATAÇÃO INTEGRADA DE EMPRESA OU CONSÓRCIO ESPECIALIZADO PARA ELABORAÇÃO DO PROJETO BÁSICO, EXECUTIVO DE ENGENHARIA E EXECUÇÃO DAS OBRAS DE MACRODRENAGEM URBANA DA BACIA DE DRENAGEM Nº 22 INTERVENÇÃO EM DOIS TRECHOS DA GALERIA NA RUA JAIR ETIENNE DESSAUNE, ENTRE A AVENIDA VITÓRIA E A AVENIDA CEZAR HILAL, NO BAIRRO BENTO FERREIRA NO MUNICÍPIO DE VITÓRIA/ES.",RELATORIO DE SONDAGEM..pdf,,https://pncp.gov.br/pncp-api/v1/orgaos/27142058000550/compras/2023/7/arquivos/2,Ativo,"REALIZAÇÃO DE CONCORRÊNCIA NO REGIME DE CONTRATAÇÃO INTEGRADA DE EMPRESA OU CONSÓRCIO ESPECIALIZADO PARA ELABORAÇÃO DO PROJETO BÁSICO, EXECUTIVO DE ENGENHARIA E EXECUÇÃO DAS OBRAS DE MACRODRENAGEM URBANA DA BACIA DE DRENAGEM Nº 22 INTERVENÇÃO EM DOIS TRECHOS DA GALERIA NA RUA JAIR ETIENNE DESSAUNE, ENTRE A AVENIDA VITÓRIA E A AVENIDA CEZAR HILAL, NO BAIRRO BENTO FERREIRA NO MUNICÍPIO DE VITÓRIA/ES. (R$ 9.446.219,64)"
27142058000550-1-000008/2022,27142058000550-1-000008-2022.md,MUNICIPIO DE VITORIA,Edital nº 018/2022/2022,"[Portal de Compras Públicas] - CONTRATAÇÃO DE EMPRESA OU CONSÓRCIO ESPECIALIZADO NA EXECUÇÃO DAS OBRAS DE COBERTURA DA QUADRA POLIESPORTIVA DA PRAÇA ANTÔNIO FERREIRA MARQUES, NO BAIRRO CARATOÍRA, MUNICÍPIO DE VITÓRIA/ES.",Relatorio Composicao Precos Unitarios.pdf,,https://pncp.gov.br/pncp-api/v1/orgaos/27142058000550/compras/2022/8/arquivos/1,Ativo,"CONTRATAÇÃO DE EMPRESA OU CONSÓRCIO ESPECIALIZADO NA EXECUÇÃO DAS OBRAS DE COBERTURA DA QUADRA POLIESPORTIVA DA PRAÇA ANTÔNIO FERREIRA MARQUES, NO BAIRRO CARATOÍRA, MUNICÍPIO DE VITÓRIA/ES. (R$ 1.843.876,88)"
27142058000550-1-000008/2022,27142058000550-1-000008-2022.md,MUNICIPIO DE VITORIA,Edital nº 018/2022/2022,"[Portal de Compras Públicas] - CONTRATAÇÃO DE EMPRESA OU CONSÓRCIO ESPECIALIZADO NA EXECUÇÃO DAS OBRAS DE COBERTURA DA QUADRA POLIESPORTIVA DA PRAÇA ANTÔNIO FERREIRA MARQUES, NO BAIRRO CARATOÍRA, MUNICÍPIO DE VITÓRIA/ES.",Solicitacao Vitoria-ES - Concorrencia 018-2022.pdf,,https://pncp.gov.br/pncp-api/v1/orgaos/27142058000550/compras/2022/8/arquivos/2,Ativo,"CONTRATAÇÃO DE EMPRESA OU CONSÓRCIO ESPECIALIZADO NA EXECUÇÃO DAS OBRAS DE COBERTURA DA QUADRA POLIESPORTIVA DA PRAÇA ANTÔNIO FERREIRA MARQUES, NO BAIRRO CARATOÍRA, MUNICÍPIO DE VITÓRIA/ES. (R$ 1.843.876,88)"
27142058000550-1-000009/2023,27142058000550-1-000009-2023.md,MUNICIPIO DE VITORIA,Edital nº 008/2023/2023,"[Portal de Compras Públicas] - CONTRATAÇÃO NO REGIME SEMI-INTEGRADO DE EMPRESA OU CONSÓRCIO ESPECIALIZADO NA ELABORAÇÃO DE PROJETO EXECUTIVO DE ENGENHARIA E EXECUÇÃO DAS OBRAS DE CONSTRUÇÃO DO CENTRO DE REFERÊNCIA DE ATENÇÃO AO IDOSO (CRAI) LOCALIZADO A RUA JOÃO BASTOS VIEIRA, 40, BAIRRO ILHA DE SANTA MARIA, NO MUNICÍPIO DE VITÓRIA/ES.",Diligencia_008_-_Renova_Correto_assinado_assinado.pdf,,https://pncp.gov.br/pncp-api/v1/orgaos/27142058000550/compras/2023/9/arquivos/2,Ativo,"CONCORRÊNCIA PARA CONTRATAÇÃO NO REGIME SEMI-INTEGRADO DE EMPRESA OU CONSÓRCIO ESPECIALIZADO NA ELABORAÇÃO DE PROJETO EXECUTIVO DE ENGENHARIA E EXECUÇÃO DAS OBRAS DE CONSTRUÇÃO DO CENTRO DE REFERÊNCIA DE ATENÇÃO AO IDOSO (CRAI) LOCALIZADO A RUA JOÃO BASTOS VIEIRA, 40, BAIRRO ILHA DE SANTA MARIA, NO MUNICÍPIO DE VITÓRIA/ES. (R$ 7.804.997,70)"
27142058000550-1-000009/2023,27142058000550-1-000009-2023.md,MUNICIPIO DE VITORIA,Edital nº 008/2023/2023,"[Portal de Compras Públicas] - CONTRATAÇÃO NO REGIME SEMI-INTEGRADO DE EMPRESA OU CONSÓRCIO ESPECIALIZADO NA ELABORAÇÃO DE PROJETO EXECUTIVO DE ENGENHARIA E EXECUÇÃO DAS OBRAS DE CONSTRUÇÃO DO CENTRO DE REFERÊNCIA DE ATENÇÃO AO IDOSO (CRAI) LOCALIZADO A RUA JOÃO BASTOS VIEIRA, 40, BAIRRO ILHA DE SANTA MARIA, NO MUNICÍPIO DE VITÓRIA/ES.",EDITAL CONCORRENCIA N 008-2023 CRAI.pdf,,https://pncp.gov.br/pncp-api/v1/orgaos/27142058000550/compras/2023/9/arquivos/1,Ativo,"CONCORRÊNCIA PARA CONTRATAÇÃO NO REGIME SEMI-INTEGRADO DE EMPRESA OU CONSÓRCIO ESPECIALIZADO NA ELABORAÇÃO DE PROJETO EXECUTIVO DE ENGENHARIA E EXECUÇÃO DAS OBRAS DE CONSTRUÇÃO DO CENTRO DE REFERÊNCIA DE ATENÇÃO AO IDOSO (CRAI) LOCALIZADO A RUA JOÃO BASTOS VIEIRA, 40, BAIRRO ILHA DE SANTA MARIA, NO MUNICÍPIO DE VITÓRIA/ES. (R$ 7.804.997,70)"
01612612000106-1-000001/2022,01612612000106-1-000001-2022.md,MUNICIPIO DE WALL FERRAZ,Edital nº 002/2022/2022,"[Portal de Compras Públicas] - REFORMA DA UNIDADE BÁSICA DE SAÚDE - UBS DA LOCALIDADE VÁRZEA DA CRUZ, MUNICÍPIO DE WALL FERRAZ PIAUÍ.",PLANILHA E PROJETO BASICO CCR 002 2022 - reforma UBS V Cruz.pdf,,https://pncp.gov.br/pncp-api/v1/orgaos/01612612000106/compras/2022/1/arquivos/1,Ativo,"REFORMA DA UNIDADE BÁSICA DE SAÚDE - UBS DA LOCALIDADE VÁRZEA DA CRUZ, MUNICÍPIO DE WALL FERRAZ PIAUÍ (R$ 397.246,00)"
01612612000106-1-000002/2022,01612612000106-1-000002-2022.md,MUNICIPIO DE WALL FERRAZ,Edital nº 074/2022/2022,"[Portal de Compras Públicas] - REFORMA DO CEMITÉRIO PÚBLICO DA LOCALIDADE CANTO DA UMBURANA, MUNICÍPIO DE WALL FERRAZ – PI, CONFORME ANEXO,",AtaTotal_199852.pdf,,https://pncp.gov.br/pncp-api/v1/orgaos/01612612000106/compras/2022/2/arquivos/2,Ativo,"Lote 1 - REFORMA DO CEMITÉRIO PÚBLICO DA LOCALIDADE CANTO DA UMBURANA, MUNICÍPIO DE WALL FERRAZ – PI, CONFORME ANEXO, (R$ 90.352,06)"
01612612000106-1-000002/2022,01612612000106-1-000002-2022.md,MUNICIPIO DE WALL FERRAZ,Edital nº 074/2022/2022,"[Portal de Compras Públicas] - REFORMA DO CEMITÉRIO PÚBLICO DA LOCALIDADE CANTO DA UMBURANA, MUNICÍPIO DE WALL FERRAZ – PI, CONFORME ANEXO,",Projeto Basico CCR 003 2022.pdf,,https://pncp.gov.br/pncp-api/v1/orgaos/01612612000106/compras/2022/2/arquivos/1,Ativo,"Lote 1 - REFORMA DO CEMITÉRIO PÚBLICO DA LOCALIDADE CANTO DA UMBURANA, MUNICÍPIO DE WALL FERRAZ – PI, CONFORME ANEXO, (R$ 90.352,06)"
00394684000153-1-000069/2023,00394684000153-1-000069-2023.md,SECRETARIA DE ESTADO DE ECONOMIA DO DISTRITO FEDERAL,Edital nº 00001/2023,"Contratação de Consultoria para validar o Laudo de Avaliação dos ativos imobilizados em serviço, elaborado pela Caesb (“Concessionária”) e entregue à Agência Reguladora de Águas, Energia e Saneamento Básico do Distrito Federal – Adasa (“Contratante”), para definição do valor da Base de Ativos Regulatória – BAR, a ser utilizado no cálculo da 4ª Revisão Tarifária Periódica – 4ª RTP, com",92601703000012023000.zip,Edital Concorrencia 1 2023.pdf; RelacaoItens92601703000012023000.pdf,https://pncp.gov.br/pncp-api/v1/orgaos/00394684000153/compras/2023/69/arquivos/1,Ativo,"Consultoria e assessoria - econômico / financeira (R$ 557.680,00)"
00394684000153-1-000333/2023,00394684000153-1-000333-2023.md,SECRETARIA DE ESTADO DE ECONOMIA DO DISTRITO FEDERAL,Ato que autoriza a Contratação Direta nº 00010/2023,"Contratação de empresa especializada para prestação de serviço de alimentação (almoço), incluindo o preparo, o fornecimento, e a distribuição em restaurante próprio, para os participantes da 6ª Conferência Distrital de Segurança Alimentar e Nutricional - 6ª CDSAN, com previsão de 400 (quatrocentas) pessoas e que será realizada na Fundação Osvaldo Cruz ( FIOCRUZ) em Brasília/ DF, localizada em Avenida L3 Norte, s/n, Campus Universitário Darcy Ribeiro, Gleba A.",SEI_GDF+-+124936755+-+Ato+Autorizacao+em+PDF.pdf,,https://pncp.gov.br/pncp-api/v1/orgaos/00394684000153/compras/2023/333/arquivos/1,Ativo,"Cantina / Bar / Lanchonete / Refeição Rápida / Restaurante (R$ 20.000,00)"
46392171000104-1-000004/2023,46392171000104-1-000004-2023.md,SECRETARIA MUNICIPAL DE INFRAESTRUTURA URBANA E OBRAS,Edital nº 00001/2023,Contratação de Empresa Especializada para Execução de Obras de Drenagem na Rua Cachoeira Dos Antunes – São Paulo/SP,92505803000012023000.zip,SEI_083290638_Aviso_de_Licitacao.pdf; RelacaoItens92505803000012023000.pdf,https://pncp.gov.br/pncp-api/v1/orgaos/46392171000104/compras/2023/4/arquivos/1,Ativo,"Obras civis de saneamento - sistema de drenagem pluvial e industrial (R$ 7.578.759,29)"
92220862000148-1-000001/2023,92220862000148-1-000001-2023.md,SERVICO AUTONOMO DE SANEAMENTO DE PELOTAS,Edital nº CE 01/2023/2023,"[Portal de Compras Públicas] - Execução de obras da Casa de Bombas Farroupilha, contemplando a obra civil, equipamentos, instalações eletromecânicas, tubulações e complementares, conforme condições e exigências estabelecidas no Edital e seus anexos.",CE 01-23 Edital.pdf,,https://pncp.gov.br/pncp-api/v1/orgaos/92220862000148/compras/2023/1/arquivos/1,Ativo,"Execução de obras da Casa de Bombas Farroupilha, contemplando a obra civil, equipamentos, instalações eletromecânicas, tubulações e complementares, conforme condições e exigências estabelecidas neste Edital e seus anexos. (R$ 12.345.549,00)"
92220862000148-1-000001/2023,92220862000148-1-000001-2023.md,SERVICO AUTONOMO DE SANEAMENTO DE PELOTAS,Edital nº CE 01/2023/2023,"[Portal de Compras Públicas] - Execução de obras da Casa de Bombas Farroupilha, contemplando a obra civil, equipamentos, instalações eletromecânicas, tubulações e complementares, conforme condições e exigências estabelecidas no Edital e seus anexos.",Pecas Graficas CBFarroupilha.pdf,,https://pncp.gov.br/pncp-api/v1/orgaos/92220862000148/compras/2023/1/arquivos/2,Ativo,"Execução de obras da Casa de Bombas Farroupilha, contemplando a obra civil, equipamentos, instalações eletromecânicas, tubulações e complementares, conforme condições e exigências estabelecidas neste Edital e seus anexos. (R$ 12.345.549,00)"
00509968000148-1-000378/2023,00509968000148-1-000378-2023.md,TRIBUNAL SUPERIOR DO TRABALHO,Edital nº 00001/2023,"Constitui objeto da presente licitação a contratação de empresa de engenharia/arquitetura para execução de obras de reforma para adequação dos sanitários públicos do complexo-sede às normas de acessibilidade, conforme especificações técnicas, condições e quantitativos constantes neste edital e seus anexos.",08002503000012023000.zip,0 - EDITAL_CC_01_23_COMPRASNET.zip; 0 - EDITAL_CC_01_23_COMPRASNET.zip/0 - EDITAL_CC_01_23_Reforma_Banheiros RTF.rtf; 0 - EDITAL_CC_01_23_COMPRASNET.zip/0 - EDITAL_CC_01_23_Reforma_Banheiros.pdf; 0 - EDITAL_CC_01_23_COMPRASNET.zip/1 DOD RTF.rtf; 0 - EDITAL_CC_01_23_COMPRASNET.zip/1 DOD.pdf; 0 - EDITAL_CC_01_23_COMPRASNET.zip/2 ETP RTF.rtf; 0 - EDITAL_CC_01_23_COMPRASNET.zip/2 ETP.pdf; 0 - EDITAL_CC_01_23_COMPRASNET.zip/3 - PLANILHA SITE - Obra Adequaç╞o Acessibilidade Sede 2023 - SANIT╡RIOS PΘBLICOS + ADM R03.xls; 0 - EDITAL_CC_01_23_COMPRASNET.zip/4 PROJETO BASICO.pdf; 0 - EDITAL_CC_01_23_COMPRASNET.zip/5 PROJETO.pdf; RelacaoItens08002503000012023000.pdf,https://pncp.gov.br/pncp-api/v1/orgaos/00509968000148/compras/2023/378/arquivos/1,Ativo,"Manutenção / reforma predial (R$ 1.490.961,46)"
12397930000100-1-000007/2025,12397930000100-1-000007-2025.md,UNIVERSIDADE DA INTEGRACAO INTERNACIONAL DA LUSOFONIA AFRO-BRASILEIRA,Edital nº 90001/2025,"Contratação de empresa especializada em serviços de engenharia, incluindo material e mão de obra SEM dedicação exclusiva, para a execução da obra de construção do Restaurante Universitário do Campus dos Malês, conforme Edital.",15863403900012025000.zip,EDITAL_CONCORRENCIA_01.2025_COMPLETO_FINAL_assinado.pdf; RelacaoItens15863403900012025000.pdf,https://pncp.gov.br/pncp-api/v1/orgaos/12397930000100/compras/2025/7/arquivos/1,Ativo,"Obras Civis de Edificação Prediais (R$ 3.800.000,00)"
63025530000104-1-000245/2025,63025530000104-1-000245-2025.md,UNIVERSIDADE DE SAO PAULO,Ato que autoriza a Contratação Direta nº 142/2025,Serviço de manutenção na câmara de armazenamento de lixo orgânico do Restaurante Universitário.,Nota+de+Empenho.pdf,,https://pncp.gov.br/pncp-api/v1/orgaos/63025530000104/compras/2025/245/arquivos/2,Ativo,"Instalação / Manutenção - Câmara Fria Instalação / Manutenção - Câmara Fria (R$ 5.627,00)"
63025530000104-1-000245/2025,63025530000104-1-000245-2025.md,UNIVERSIDADE DE SAO PAULO,Ato que autoriza a Contratação Direta nº 142/2025,Serviço de manutenção na câmara de armazenamento de lixo orgânico do Restaurante Universitário.,Notificacao+de+Fornecimento.pdf,,https://pncp.gov.br/pncp-api/v1/orgaos/63025530000104/compras/2025/245/arquivos/1,Ativo,"Instalação / Manutenção - Câmara Fria Instalação / Manutenção - Câmara Fria (R$ 5.627,00)"
63025530000104-1-000283/2024,63025530000104-1-000283-2024.md,UNIVERSIDADE DE SAO PAULO,Ato que autoriza a Contratação Direta nº 2/2024,Serviço de manutenção na câmara de congelamento do Restaurante Universitário,Termo+referencia.pdf,,https://pncp.gov.br/pncp-api/v1/orgaos/63025530000104/compras/2024/283/arquivos/1,Ativo,"Instalação / Manutenção - Câmara Fria Instalação / Manutenção - Câmara Fria (R$ 9.800,00)"
63025530000104-1-000435/2024,63025530000104-1-000435-2024.md,UNIVERSIDADE DE SAO PAULO,Edital nº 90010/2024,Reforma de espaço destinado ao restaurante universitário da Faculdade de Medicina da USP,10210503900102024000.zip,Edital_finalizado.pdf; RelacaoItens10210503900102024000.pdf,https://pncp.gov.br/pncp-api/v1/orgaos/63025530000104/compras/2024/435/arquivos/1,Ativo,"Manutenção / reforma predial (R$ 1.591.017,63)"
63025530000104-1-000502/2025,63025530000104-1-000502-2025.md,UNIVERSIDADE DE SAO PAULO,Aviso de Contratação Direta nº 90001/2025,Projeto de conforto térmico do refeitório do Restaurante Universitário do Campus USP de São Carlos,SEI_154.00000919_2025_24.pdf,,https://pncp.gov.br/pncp-api/v1/orgaos/63025530000104/compras/2025/502/arquivos/1,Ativo,"Consultoria / Assessoria - Engenharia (R$ 27.333,33)"
63025530000104-1-001316/2025,63025530000104-1-001316-2025.md,UNIVERSIDADE DE SAO PAULO,Edital nº 91014/2025,Aquisição de equipamentos para o Restaurante Universitário da PUSP-RP.,10214305910142025000.zip,09_EDITAL.pdf; RelacaoItens10214305910142025000.pdf,https://pncp.gov.br/pncp-api/v1/orgaos/63025530000104/compras/2025/1316/arquivos/1,Ativo,"Fogão Industrial (R$ 4.668,69); Processador Alimentos (R$ 10.324,94)"
63025530000104-1-001369/2024,63025530000104-1-001369-2024.md,UNIVERSIDADE DE SAO PAULO,Edital nº 90004/2024,"Prestação de serviço de nutrição e alimentação para o preparo e distribuição de refeições no Restaurante Universitário do Campus “Luiz de Queiroz”, em Piracicaba/SP",10215305900042024000.zip,Pregao 90004 Servico de Nutricao.pdf; RelacaoItens10215305900042024000.pdf,https://pncp.gov.br/pncp-api/v1/orgaos/63025530000104/compras/2024/1369/arquivos/1,Ativo,"Fornecimento de Refeições / Lanches / Salgados / Doces (R$ 144.128,00); Fornecimento de Refeições / Lanches / Salgados / Doces (R$ 3.585.600,00)"
63025530000104-1-001507/2024,63025530000104-1-001507-2024.md,UNIVERSIDADE DE SAO PAULO,Aviso de Contratação Direta nº 90010/2024,Aquisição de material descartável para uso no Restaurante Universitário do Campus USP de Bauru.,Aviso+de+Contratacao+Direta+10-2024+-+Material+descartavel+-+restaurante%28assinado%29.pdf,,https://pncp.gov.br/pncp-api/v1/orgaos/63025530000104/compras/2024/1507/arquivos/1,Ativo,"Luva P/ Procedimento De Saúde Não Cirúrgico C/ Anvisa (R$ 0,00); Luva P/ Procedimento De Saúde Não Cirúrgico C/ Anvisa (R$ 0,00)"
63025530000104-1-002797/2025,63025530000104-1-002797-2025.md,UNIVERSIDADE DE SAO PAULO,Aviso de Contratação Direta nº 90011/2025,Mesas e cadeiras para uso no restaurante universitário e mesas dobráveis para copa.,154.00006337.2025_51+-+Aviso+de+Contratacao.pdf,,https://pncp.gov.br/pncp-api/v1/orgaos/63025530000104/compras/2025/2797/arquivos/1,Ativo,"Mesa Refeitório (R$ 14.840,20); Mesa Refeitório (R$ 8.317,70)"
63025530000104-1-003379/2025,63025530000104-1-003379-2025.md,UNIVERSIDADE DE SAO PAULO,Edital nº 91026/2025,Aquisição de equipamentos para o Restaurante Universitário.,10214305910262025000.zip,10_EDITAL ASSINADO.pdf; RelacaoItens10214305910262025000.pdf,https://pncp.gov.br/pncp-api/v1/orgaos/63025530000104/compras/2025/3379/arquivos/1,Ativo,"Mesa Copa/Cozinha (R$ 16.127,00); Descascador Legumes (R$ 35.436,64)"
63025530000104-1-003546/2024,63025530000104-1-003546-2024.md,UNIVERSIDADE DE SAO PAULO,Edital nº 91043/2024,"Fornecimento e instalação de equipamentos para controle de acesso de pessoas, nos 2 novos restaurantes universitários da PUSP-RP",10214305910432024000.zip,Edital assinado.pdf; RelacaoItens10214305910432024000.pdf,https://pncp.gov.br/pncp-api/v1/orgaos/63025530000104/compras/2024/3546/arquivos/1,Ativo,"Conjunto Controle Acesso Área Restrita (R$ 83.883,78); Conjunto Controle Acesso Área Restrita (R$ 89.605,32)"
63025530000104-1-003573/2024,63025530000104-1-003573-2024.md,UNIVERSIDADE DE SAO PAULO,Edital nº 90002/2024,Contratação de projetos para construção do novo Restaurante Universitário do Campus USP de Bauru,10211303900022024000.zip,edital assinado.pdf; RelacaoItens10211303900022024000.pdf,https://pncp.gov.br/pncp-api/v1/orgaos/63025530000104/compras/2024/3573/arquivos/1,Ativo,"Elaboração / análise projeto - engenharia (R$ 206.766,29)"
63025530000104-1-003914/2025,63025530000104-1-003914-2025.md,UNIVERSIDADE DE SAO PAULO,Edital nº 90024/2025,"Contratação de atualização de projetos, fornecimento de equipamentos, treinamento de brigadas e emissão dos AVCBs dos prédios dos Restaurantes Universitários das Áreas 1 e 2, Salão de Eventos e Ginásio de Esportes, Centro Cultural e Observatório e CLCB do Laboratório de Resíduos Químicos (LRQ), localizados nas áreas 1 e 2 do Campus da USP de São Carlos, da Universidade de São Paulo.",10214205900242025000.zip,Edital Pregao n 24-2025 e Anexo do TR.zip; Edital Pregao n 24-2025 e Anexo do TR.zip/Planilha Anexo 1 do TR.xlsx; Edital Pregao n 24-2025 e Anexo do TR.zip/Edital - PE n° 24-2025 assinado.pdf; RelacaoItens10214205900242025000.pdf,https://pncp.gov.br/pncp-api/v1/orgaos/63025530000104/compras/2025/3914/arquivos/1,Ativo,"Serviços de Prevenção Combate Incêndio / Brigadista (R$ 42.139,00)"
63025530000104-1-004381/2025,63025530000104-1-004381-2025.md,UNIVERSIDADE DE SAO PAULO,Ato que autoriza a Contratação Direta nº 153/2025,Serviço de manutenção na câmara de congelamento do Restaurante Universitário,Documento+de+compra.pdf,,https://pncp.gov.br/pncp-api/v1/orgaos/63025530000104/compras/2025/4381/arquivos/2,Ativo,"Instalação / Manutenção - Câmara Fria Instalação / Manutenção - Câmara Fria (R$ 10.075,00)"
63025530000104-1-004381/2025,63025530000104-1-004381-2025.md,UNIVERSIDADE DE SAO PAULO,Ato que autoriza a Contratação Direta nº 153/2025,Serviço de manutenção na câmara de congelamento do Restaurante Universitário,Nota+de+Empenho.pdf,,https://pncp.gov.br/pncp-api/v1/orgaos/63025530000104/compras/2025/4381/arquivos/1,Ativo,"Instalação / Manutenção - Câmara Fria Instalação / Manutenção - Câmara Fria (R$ 10.075,00)"
65172579000115-1-000018/2025,65172579000115-1-000018-2025.md,UNIVERSIDADE DO ESTADO DE MINAS GERAIS,Edital nº 2/2025,A prestação de serviços de fornecimento de refeições para o Restaurante Universitário (RU) da Universidade do Estado de Minas Gerais (UEMG - Unidade Passos).,AnexoCompra9088516024155760313Arquivo.pdf,,https://pncp.gov.br/pncp-api/v1/orgaos/65172579000115/compras/2025/18/arquivos/2,Ativo,"SERVICOS DE FORNECIMENTO DE REFEICAO PREPARADAS POR TERCEI ROS, PRESTADOS POR PESSOA JURIDICA (R$ 18.127.872,00)"
65172579000115-1-000018/2025,65172579000115-1-000018-2025.md,UNIVERSIDADE DO ESTADO DE MINAS GERAIS,Edital nº 2/2025,A prestação de serviços de fornecimento de refeições para o Restaurante Universitário (RU) da Universidade do Estado de Minas Gerais (UEMG - Unidade Passos).,Edital7923331075821912287.pdf,,https://pncp.gov.br/pncp-api/v1/orgaos/65172579000115/compras/2025/18/arquivos/1,Ativo,"SERVICOS DE FORNECIMENTO DE REFEICAO PREPARADAS POR TERCEI ROS, PRESTADOS POR PESSOA JURIDICA (R$ 18.127.872,00)"
65172579000115-1-000048/2024,65172579000115-1-000048-2024.md,UNIVERSIDADE DO ESTADO DE MINAS GERAIS,Edital nº 9/2024,Aquisição de Mobiliário e Equipamentos para o funcionamento do Restaurante Universitário da Universidade do Estado de Minas Gerais,Edital7866794569420131378.pdf,,https://pncp.gov.br/pncp-api/v1/orgaos/65172579000115/compras/2024/48/arquivos/1,Ativo,"MESA USO INDUSTRIAL - TAMPO: ACO INOX AISI 304; ESTRUTURA: ACO INOX AISI 304, COM RODIZIOS; COMPOSICAO: SEM GAVETAS; FINALIDADE: INDUSTRIA DE LATICINIO (R$ 2.899,00); MESA PARA REFEITORIO - TAMPO: MDF COM MINIMO 25 MM DE ESPESSURA; ESTRUTURA: TUBO DE ACO CARBONO DE 1.1/4, COM 1,20 MM; DIMENSOES: 1,80 M X 0,80 M X 0, (R$ 105.983,62)"
65172579000115-1-000115/2024,65172579000115-1-000115-2024.md,UNIVERSIDADE DO ESTADO DE MINAS GERAIS,Edital nº 6/2024,"EXECUÇÃO DE REFORMA DE EDIFÍCIO PARA IMPLANTAÇÃO DE RESTAURANTE UNIVERSITÁRIO NA UEMG, UNIDADE DIVINÓPOLIS",Edital7007626964782145862.pdf,,https://pncp.gov.br/pncp-api/v1/orgaos/65172579000115/compras/2024/115/arquivos/1,Ativo,"SERVICOS DE ADAPTACAO DE BENS IMOVEIS (R$ 1.098.596,88)"
08186277000162-1-000004/2025,08186277000162-1-000004-2025.md,UNIVERSIDADE DO ESTADO DO AMAPA,Edital nº 072/2025/2025,"CONTRATAÇÃO DE SERVIÇOS CONTÍNUOS DE PRODUÇÃO, CONSERVAÇÃO, DISTRIBUIÇÃO DE REFEIÇÕES COLETIVAS (PADRÃO/VEGETARIANA) AOS USUÁRIOS DO RESTAURANTE UNIVERSITÁRIO E AINDA FORNECIMENTO DE MATERIAIS, EQUIPAMENTOS E MÃO DE OBRA DA UNIVERSIDADE DO ESTADO DO AMAPÁ",Capa_Licitacao_072%2F2025_2025.pdf,,https://pncp.gov.br/pncp-api/v1/orgaos/08186277000162/compras/2025/4/arquivos/1,Ativo,"Contratação de serviços contínuos de produção, conservação, distribuição de refeições coletivas (padrão/vegetariana), com inclusão e fornecimento de materiais, equipamentos e mão de obra. (R$ 3.708.480,00); Prestação de serviço copa / cozinha - cozinheiros / auxiliar de cozinha / servente (R$ 208.924,20)"
08186277000162-1-000004/2025,08186277000162-1-000004-2025.md,UNIVERSIDADE DO ESTADO DO AMAPA,Edital nº 072/2025/2025,"CONTRATAÇÃO DE SERVIÇOS CONTÍNUOS DE PRODUÇÃO, CONSERVAÇÃO, DISTRIBUIÇÃO DE REFEIÇÕES COLETIVAS (PADRÃO/VEGETARIANA) AOS USUÁRIOS DO RESTAURANTE UNIVERSITÁRIO E AINDA FORNECIMENTO DE MATERIAIS, EQUIPAMENTOS E MÃO DE OBRA DA UNIVERSIDADE DO ESTADO DO AMAPÁ",PE-072-2025.-Producao_-conservacao-e-distribuicao-de-refeicoes-coletivas.pdf,,https://pncp.gov.br/pncp-api/v1/orgaos/08186277000162/compras/2025/4/arquivos/2,Ativo,"Contratação de serviços contínuos de produção, conservação, distribuição de refeições coletivas (padrão/vegetariana), com inclusão e fornecimento de materiais, equipamentos e mão de obra. (R$ 3.708.480,00); Prestação de serviço copa / cozinha - cozinheiros / auxiliar de cozinha / servente (R$ 208.924,20)"
34860833000144-1-000060/2024,34860833000144-1-000060-2024.md,UNIVERSIDADE DO ESTADO DO PARA UEP,Edital nº 90010/2024,Registro de preço para futura aquisição de material permanente para atender as necessidades e a adequação da área das instalações do Restaurante Universitário no CCBS/Campus II para a reestruturação dos espaços com potencialidade e melhor atuação no desenvolvimento das atividades.,92561105900102024000.zip,EDITAL COMPLETO PARA PUBLICACAO - PE - SRP - 90010-2024.pdf; RelacaoItens92561105900102024000.pdf,https://pncp.gov.br/pncp-api/v1/orgaos/34860833000144/compras/2024/60/arquivos/1,Ativo,"Aparelho ar condicionado (R$ 35.029,96); Aparelho ar condicionado (R$ 42.218,40)"
12671814000137-1-000010/2024,12671814000137-1-000010-2024.md,UNIVERSIDADE ESTADUAL DA PARAIBA,Aviso de Contratação Direta nº 35204-003/2024,AQUISIÇÃO DE MATERIAL PERMANENTE PARA UTILIZAÇÃO NO RESTAURANTE UNIVERSITÁRIO,documento_352040131112024.pdf,,https://pncp.gov.br/pncp-api/v1/orgaos/12671814000137/compras/2024/10/arquivos/1,Ativo,"Planilha não contêm itens (exclusivo para EPC, PGGAS, UEPB, CAGEPA, SES, SEE, SEDS e DOCAS_PB) (R$ 38.349,70)"
12671814000137-1-000011/2024,12671814000137-1-000011-2024.md,UNIVERSIDADE ESTADUAL DA PARAIBA,Ato que autoriza a Contratação Direta nº 35204-004/2024,AQUISIÇÃO PARA UTILIZAÇÃO NO RESTAURANTE UNIVERSITÁRIO,documento_352040131122024.pdf,,https://pncp.gov.br/pncp-api/v1/orgaos/12671814000137/compras/2024/11/arquivos/1,Ativo,"Planilha não contêm itens (exclusivo para EPC, PGGAS, UEPB, CAGEPA, SES, SEE, SEDS e DOCAS_PB) (R$ 30.865,20)"
12671814000137-1-000023/2025,12671814000137-1-000023-2025.md,UNIVERSIDADE ESTADUAL DA PARAIBA,Ato que autoriza a Contratação Direta nº 35204-028/2025,1.1 AQUISIÇÃO DE MATERIAL DE CONSUMO - RECARGA DE GÁS –COM ENTREGA PARACELADA PARA ATENDER ÀS DEMANDAS DO RESTAURANTE UNIVERSITÁRIO DO CAMPUS V,etl%2Fpncp%2Fdocumento%2Fdocumento_352040026062025.pdf,,https://pncp.gov.br/pncp-api/v1/orgaos/12671814000137/compras/2025/23/arquivos/1,Ativo,"Planilha não contêm itens (exclusivo para EPC, PGGAS, UEPB, CAGEPA, SES, SEE, SEDS e DOCAS_PB) (R$ 9.900,00)"
12671814000137-1-000025/2025,12671814000137-1-000025-2025.md,UNIVERSIDADE ESTADUAL DA PARAIBA,Ato que autoriza a Contratação Direta nº 2/2025,AQUISIÇÃO DE MATERIAL DE CONSUMO - RECARGA DE GÁS –COM ENTREGA PARCELADA PARA ATENDER ÀS DEMANDAS DO RESTAURANTE UNIVERSITÁRIO DO CAMPUS V.,AVISO+DE+DISPENSA+28.05.pdf,,https://pncp.gov.br/pncp-api/v1/orgaos/12671814000137/compras/2025/25/arquivos/2,Ativo,"Gás Refino De Petróleo tipo: gás liquefeito de petróleo - glp, uso: doméstico (R$ 9.900,00)"
12671814000137-1-000025/2025,12671814000137-1-000025-2025.md,UNIVERSIDADE ESTADUAL DA PARAIBA,Ato que autoriza a Contratação Direta nº 2/2025,AQUISIÇÃO DE MATERIAL DE CONSUMO - RECARGA DE GÁS –COM ENTREGA PARCELADA PARA ATENDER ÀS DEMANDAS DO RESTAURANTE UNIVERSITÁRIO DO CAMPUS V.,TR.pdf,,https://pncp.gov.br/pncp-api/v1/orgaos/12671814000137/compras/2025/25/arquivos/1,Ativo,"Gás Refino De Petróleo tipo: gás liquefeito de petróleo - glp, uso: doméstico (R$ 9.900,00)"
12671814000137-1-000030/2025,12671814000137-1-000030-2025.md,UNIVERSIDADE ESTADUAL DA PARAIBA,Edital nº 90016/2025,Registro de preços para contratação de serviço especializado para operacionalização e desenvolvimento integral das atividades necessárias ao fornecimento de refeições (almoço e jantar) nos restaurantes universitários do Campus V (João Pessoa) e do Campus VI (Monteiro) da Universidade Estadual da Paraíba - UEPB.,92531605900162025000.zip,Edital SRP PE 90016.2025 - UNIFICADO.pdf; RelacaoItens92531605900162025000.pdf,https://pncp.gov.br/pncp-api/v1/orgaos/12671814000137/compras/2025/30/arquivos/1,Ativo,"Refeições Industriais - Preparo / Distribuição (R$ 941.850,00); Refeições Industriais - Preparo / Distribuição (R$ 376.740,00)"
12671814000137-1-000038/2025,12671814000137-1-000038-2025.md,UNIVERSIDADE ESTADUAL DA PARAIBA,Edital nº 35204-016/2025,REGISTRO DE PREÇOS PARA CONTRATAÇÃO DE SERVIÇO ESPECIALIZADO NO FORNECIMENTO DE REFEIÇÕES (ALMOÇO E JANTAR) NOS RESTAURANTES UNIVERSITÁRIOS DO CAMPUS V E DO CAMPUS VI,etl%2Fpncp%2Fdocumento%2Fdocumento_352040033422025.pdf,,https://pncp.gov.br/pncp-api/v1/orgaos/12671814000137/compras/2025/38/arquivos/1,Ativo,"JANTAR, conforme detalhamento em termo de referência. (R$ 376.740,00); SERVIÇO especializado em preparo e fornecimento contínuo de refeições prontas, tipo almoço, conforme Termo de Referência. (R$ 941.850,00)"
26677304000181-1-000011/2025,26677304000181-1-000011-2025.md,UNIVERSIDADE ESTADUAL DA REGIAO TOCANTINA DO MARANHAO,Edital nº 053/2025/2025,"Contratação de empresa especializada na prestação de serviço para fornecimento de refeições (almoço e jantar), a serem preparadas e servidas pela licitante nas dependências do Restaurante Universitário da Universidade Estadual da Região Tocantina do Maranhão UEMASUL, Campus Imperatriz, incluindo o fornecimento de todos os insumos, materiais e mão de obra necessários à realização destas atividades.",Capa_Licitacao_053%2F2025_2025.pdf,,https://pncp.gov.br/pncp-api/v1/orgaos/26677304000181/compras/2025/11/arquivos/1,Ativo,"Contratação de empresa especializada para fornecimento de refeições (almoço e jantar), a serem preparadas e servidas pela licitante nas dependências do Restaurante Universitário da Universidade Estadual da Região Tocantina do Maranhão – UEMASUL, Campus Imperatriz Centro, incluindo o fornecimento de todos os insumos, materiais e mão de obra necessários à realização destas atividades (R$ 7.992.000,00)"
26677304000181-1-000011/2025,26677304000181-1-000011-2025.md,UNIVERSIDADE ESTADUAL DA REGIAO TOCANTINA DO MARANHAO,Edital nº 053/2025/2025,"Contratação de empresa especializada na prestação de serviço para fornecimento de refeições (almoço e jantar), a serem preparadas e servidas pela licitante nas dependências do Restaurante Universitário da Universidade Estadual da Região Tocantina do Maranhão UEMASUL, Campus Imperatriz, incluindo o fornecimento de todos os insumos, materiais e mão de obra necessários à realização destas atividades.",MINUTA-EDITAL-ATUALIZADA.pdf,,https://pncp.gov.br/pncp-api/v1/orgaos/26677304000181/compras/2025/11/arquivos/2,Ativo,"Contratação de empresa especializada para fornecimento de refeições (almoço e jantar), a serem preparadas e servidas pela licitante nas dependências do Restaurante Universitário da Universidade Estadual da Região Tocantina do Maranhão – UEMASUL, Campus Imperatriz Centro, incluindo o fornecimento de todos os insumos, materiais e mão de obra necessários à realização destas atividades (R$ 7.992.000,00)"
46068425000133-1-001231/2024,46068425000133-1-001231-2024.md,UNIVERSIDADE ESTADUAL DE CAMPINAS,Ato que autoriza a Contratação Direta nº 812/2024,Trata o presente de contratação de renovação da licença de uso do software da Inova Tecnologia para continuidade do serviço de pagamento via pix para os restaurantes universitários.,sec+e+ato+inova.pdf,,https://pncp.gov.br/pncp-api/v1/orgaos/46068425000133/compras/2024/1231/arquivos/1,Ativo,"Licenciamento de Direitos Permanentes de Uso de Outros Softwares / Programas de Computador Licenciamento de Direitos Permanentes de Uso de Outros Softwares / Programas de Computador (R$ 13.500,00)"
46068425000133-1-001235/2024,46068425000133-1-001235-2024.md,UNIVERSIDADE ESTADUAL DE CAMPINAS,Edital nº 90157/2024,"Contratação de serviços contínuos de produção e distribuição de refeições para os restaurantes universitários dos campi de Campinas, Limeira e Piracicaba.",45016105901572024002.zip,2.Edital PE DGA 90157_2024 e anexos.zip; 2.Edital PE DGA 90157_2024 e anexos.zip/1.Edital PE DGA 90157_2024 e anexos.pdf; 2.Edital PE DGA 90157_2024 e anexos.zip/2.Anexo II edital-Modelo de proposta.xlsx; 2.Edital PE DGA 90157_2024 e anexos.zip/3.Anexo II TR - Contêiner RS.jpg; 2.Edital PE DGA 90157_2024 e anexos.zip/4.Plantas Baixas do RU - Imagem I.tif; 2.Edital PE DGA 90157_2024 e anexos.zip/5.Plantas Baixas do RU - Imagem II.pdf; 2.Edital PE DGA 90157_2024 e anexos.zip/6.Planta Restaurante Saturnino - RS - Imagem I.pdf; 2.Edital PE DGA 90157_2024 e anexos.zip/7.ADENDO I.pdf; RelacaoItens45016105901572024000.pdf,https://pncp.gov.br/pncp-api/v1/orgaos/46068425000133/compras/2024/1235/arquivos/3,Ativo,"Refeições Industriais - Preparo / Distribuição (R$ 0,00)"
46068425000133-1-001271/2025,46068425000133-1-001271-2025.md,UNIVERSIDADE ESTADUAL DE CAMPINAS,Edital nº 90289/2025,"Contratação de serviços contínuos de produção e distribuição de refeições para os restaurantes universitários dos campi de Campinas, Limeira e Piracicaba",45016105902892025000.zip,Edital PE DGA 90289-2025.zip; Edital PE DGA 90289-2025.zip/6.Planta Restaurante Saturnino - RS - Imagem I.pdf; Edital PE DGA 90289-2025.zip/1.Edital PE DGA n° 90289-2025.pdf; Edital PE DGA 90289-2025.zip/2.Modelo de proposta.xlsx; Edital PE DGA 90289-2025.zip/3.Anexo II TR - Contêiner RS.jpg; Edital PE DGA 90289-2025.zip/4.ANEXO VI- Plantas Baixas do RU - Imagem I.tif; Edital PE DGA 90289-2025.zip/5.Plantas Baixas do RU - Imagem II.pdf; RelacaoItens45016105902892025000.pdf,https://pncp.gov.br/pncp-api/v1/orgaos/46068425000133/compras/2025/1271/arquivos/1,Ativo,"Refeições Industriais - Preparo / Distribuição (R$ 0,00)"
46068425000133-1-001940/2024,46068425000133-1-001940-2024.md,UNIVERSIDADE ESTADUAL DE CAMPINAS,Ato que autoriza a Contratação Direta nº 1319/2024,Contratação Para Serviços de Alimentação Coletiva Aos Restaurantes Universitários E Área Da Saúde,Ato+de+Dispensa.pdf,,https://pncp.gov.br/pncp-api/v1/orgaos/46068425000133/compras/2024/1940/arquivos/2,Ativo,"Refeições Industriais - Preparo / Distribuição Refeições Industriais - Preparo / Distribuição (R$ 1.527.397,80); Refeições Industriais - Preparo / Distribuição Refeições Industriais - Preparo / Distribuição (R$ 55.446.755,00)"
46068425000133-1-001940/2024,46068425000133-1-001940-2024.md,UNIVERSIDADE ESTADUAL DE CAMPINAS,Ato que autoriza a Contratação Direta nº 1319/2024,Contratação Para Serviços de Alimentação Coletiva Aos Restaurantes Universitários E Área Da Saúde,Termo+de+Referencia.pdf,,https://pncp.gov.br/pncp-api/v1/orgaos/46068425000133/compras/2024/1940/arquivos/1,Ativo,"Refeições Industriais - Preparo / Distribuição Refeições Industriais - Preparo / Distribuição (R$ 1.527.397,80); Refeições Industriais - Preparo / Distribuição Refeições Industriais - Preparo / Distribuição (R$ 55.446.755,00)"
46068425000133-1-002257/2025,46068425000133-1-002257-2025.md,UNIVERSIDADE ESTADUAL DE CAMPINAS,Edital nº 90420/2025,"Contratação de serviços contínuos de produção e distribuição de refeições para os restaurantes universitários dos campi de Campinas, Limeira e Piracicaba.",45016105904202025000.zip,6. Edital PE DGA 90420-2025.zip; 6. Edital PE DGA 90420-2025.zip/6. Planta Restaurante Saturnino - RS - Imagem I.pdf; 6. Edital PE DGA 90420-2025.zip/1. Edital PE DGA n° 90420-2025_5137513.pdf; 6. Edital PE DGA 90420-2025.zip/2. Modelo de proposta.xlsx; 6. Edital PE DGA 90420-2025.zip/3. Anexo II TR - Contêiner RS.jpg; 6. Edital PE DGA 90420-2025.zip/4. ANEXO VI- Plantas Baixas do RU - Imagem I.tif; 6. Edital PE DGA 90420-2025.zip/5. Plantas Baixas do RU - Imagem II.pdf; RelacaoItens45016105904202025000.pdf,https://pncp.gov.br/pncp-api/v1/orgaos/46068425000133/compras/2025/2257/arquivos/1,Ativo,"Refeições Industriais - Preparo / Distribuição (R$ 0,00)"
78640489000153-1-000008/2025,78640489000153-1-000008-2025.md,UNIVERSIDADE ESTADUAL DE LONDRINA,Aviso de Contratação Direta nº 90426/2025,Aquisição de tampa para copo descartavel e comprimido efervecente para atender o Restaurante Universitario-UEL e Hospital Universitario de Londrina,AVISO.DIS.ELE.CT.426.2024.pdf,,https://pncp.gov.br/pncp-api/v1/orgaos/78640489000153/compras/2025/8/arquivos/1,Ativo,"Hipoclorito De Sódio (R$ 0,00); Tampa Copo (R$ 0,00)"
78640489000153-1-000072/2025,78640489000153-1-000072-2025.md,UNIVERSIDADE ESTADUAL DE LONDRINA,Ato que autoriza a Contratação Direta nº 5076/2025,"AQUISIÇÃO DE ALHO FRESCO DESCASCADO, CAFÉ SOLÚVEL, ESPESSANTE E GELIFICANTE PARA ALIMENTOS, PARA ATENDER O RESTAURANTE UNIVERSITÁRIO E HOSPITAL UNIVERSITÁRIO DE LONDRINA.",tr_dl_423_2024.pdf,,https://pncp.gov.br/pncp-api/v1/orgaos/78640489000153/compras/2025/72/arquivos/1,Ativo,"8919.59048-Módulo de espessante, APRESENTAÇÃO: Indicado para pacientes com disfagia, para modificação da consistência de alimentos frios e quentes, COMPOSIÇÃO: À base de espessante goma xantana e gelificante cloreto de potássio, quando armazenadas e preparadas de acordo com as instruções do fabricante, devem apresentar estabilidade, homogeneização e viscosidade adequadas, EMBALAGEM: Sachê de 1g a 1,5g, UNID. DE MEDIDA: Grama (R$ 165,00)"
78640489000153-1-000073/2025,78640489000153-1-000073-2025.md,UNIVERSIDADE ESTADUAL DE LONDRINA,Ato que autoriza a Contratação Direta nº 5069/2025,"AQUISIÇÃO DE ALHO FRESCO DESCASCADO, CAFÉ SOLÚVEL, ESPESSANTE E GELIFICANTE PARA ALIMENTOS, PARA ATENDER O RESTAURANTE UNIVERSITÁRIO E HOSPITAL UNIVERSITÁRIO DE LONDRINA.",tr_dl_423_2024.pdf,,https://pncp.gov.br/pncp-api/v1/orgaos/78640489000153/compras/2025/73/arquivos/1,Ativo,"8905.22738-Alho, TIPO: Descascado nacional, ASPECTO: In natura, fresco, APRESENTAÇÃO: Bulbilhos inteiros, firme, sem casca, fungos e indício de germinação, CARACTERÍSTICAS ADICIONAIS: Isento de sujidades, enfermidades e quaisquer materiais estranhos que possam comprometer a sua qualidade, UNID. DE MEDIDA: Quilograma (R$ 20.862,00)"
78640489000153-1-000096/2025,78640489000153-1-000096-2025.md,UNIVERSIDADE ESTADUAL DE LONDRINA,Edital nº 198/2025,"FORNECIMENTO PARCELADO DE ALCOOL ETILICO GEL, DETERGENTE LIQUIDO PARA USO EM MAQUINA DE LAVAR LOUÇA, ADITIVO LIQUIDO PARA SECAGEM DE LOUÇAS, ALVEJANTE QUIMICO EM PÓ, ENTRE OUTROS, PARA ATENDER O CAMPUS-UEL, RESTAURANTE UNIVERSITÁRIO-UEL, HOSPITAL VETERINÁRIO-UEL E HOSPITAL UNIVERSITÁRIO DE LONDRINA.",EDPE291-24COMPLETO.pdf,,https://pncp.gov.br/pncp-api/v1/orgaos/78640489000153/compras/2025/96/arquivos/1,Ativo,"(L1) 7902.75934-Secante abrilhantador, USO: Para lavagem mecânica de louças, PRINCÍPIO ATIVO: Polímero de óxido de propileno e etileno, COMPOSIÇÃO: Ativo, atenuador de espuma, sequestrante, corante, veículo e conservante, CARACTERÍSTICAS ADICIONAIS: Dosado eletronicamente por dosadores em Regime de comodato com injeção automática no enxague final a uma temperatura entre 80ºC e 90ºC, EMBALAGEM: Frasco de 5 litros, UNID. DE MEDIDA: Unitário (R$ 20.460,00); (L1) 7902.8280-Detergente, USO: Industrial, Específico para lavagem mecânica de louça em máquinas profissionais, Alcalino, Forma Física: Líquido, COMPOSIÇÃO: Hidróxido de Sódio, Água e Sequestrante, Dosado eletronicamente por dosadores em regime de comodato, Apresentando as seguintes características Físico Química: Dosagem: 0,25% mínima e 0,50% máxima (2,5ml/L a 5ml/L de àgua), pH à 1%: mínimo 11, Densidade (25°C): 1,1900  1,2900, Alcalinidade: mínimo de 5,2N, UNID. DE MEDIDA: Litro (R$ 15.151,50)"
78640489000153-1-000112/2025,78640489000153-1-000112-2025.md,UNIVERSIDADE ESTADUAL DE LONDRINA,Edital nº 209/2025,"FORNECIMENTO PARCELADO DE PRODUTOS DE LIMPEZA EM GERAL DETERGENTE QUÍMICO EM PÓ, SABÃO EM PÓ, RODO COM CABO DE ALIMÍNIO, ENTRE OUTROS, PARA ATENDER O CAMPUS-UEL, COU-UEL,PCU-UEL, RESTAURANTE UNIVERSITÁRIO - UEL, HOSPITAL VETERINÁRIO-UEL E HOSPITAL UNIVERSITÁRIO DE LONDRINA.",EDPE187-24COMPLETO.pdf,,https://pncp.gov.br/pncp-api/v1/orgaos/78640489000153/compras/2025/112/arquivos/1,Ativo,"(L1) 7907.21-Água sanitária, USO: Assepsia de ambientes e roupas, ASPECTO: Líquido, COMPOSIÇÃO: À base de hipoclorito de sódio ou cálcio, TEOR CLORO ATIVO: Entre 2,0% a 2,5% p/p (porcentagem em massa), COR: Amarela esverdeada e bastante fraca, CARACTERÍSTICAS ADICIONAIS: Isenta de corantes, detergentes e aromatizantes, EMBALAGEM: Frasco plástico com 1 litro, com tampa e lacre de segurança, UNID. DE MEDIDA: Unitário (R$ 30.500,00); (L2) 7907.54225-Álcool líquido, Etílico, 92,8º INPM, COMPOSIÇÃO: Álcool etílico, benzoato de denatônio e água, Solubilidade em água, COR: Incolor, AROMA: Característico, EMBALAGEM: Frasco de 1 litro, UNID. DE MEDIDA: Unitário (R$ 21.390,00)"
78640489000153-1-000183/2024,78640489000153-1-000183-2024.md,UNIVERSIDADE ESTADUAL DE LONDRINA,Edital nº 918/2024,"FORNECIMENTO PARCELADO DE MATERIAIS MÉDICOS HOSPITALARES DIVERSOS -MASCARA CIRURGICA, GORRO MASCULINO-FEMININO, ENTRE OUTROS - PARA ATENDER O COU-UEL, BEBE CLINICA-UEL, RESTAURANTE UNIVERSITÁRIO-UEL, HOSPITAL VETERINÁRIO-UEL E HOSPITAL UNIVERSITÁRIO DE LONDRINA.",EDPE066-24COMPLETO.pdf,,https://pncp.gov.br/pncp-api/v1/orgaos/78640489000153/compras/2024/183/arquivos/1,Ativo,"(L1) 6510.29064-Avental, Cirúrgico, MATERIAL: Em não tecido respirável SMS; Composto de três camadas, sendo duas camadas externas produzidas no processo; Spundbond compostas por fibras contínuas que conferem ao material resistência mecânica e maleabilidade. Outra camada interna produzida pelo processo Meltblown composta por um denso aglomerado de microfibras, que age como uma excelente barreira contra agentes contaminantes, TAMANHO: 1,70x 1,50m, Podendo Apresentar Variação em até 10% Crescente ou Decrescente, Impermeável, Estéril em Óxido de Etileno (ETO); Apresentar velcro para fechamento e ajuste da gola. Com punho canelado em malha. Oferecer barreira bacteriana; alta repelência a fluídos; alta resistência e conforto; fácil remoção sem contaminações. Dobradura cirúrgica em dupla embalagem que garanta abertura e transferência asséptica. Conter toalha para secagem das mãos. Atóxico e hipoalergênico. Isento de látex, COR: Azul, USO: Único, CARACTERÍSTICAS ADICIONAIS: Possuir número do registro do produto junto a Anvisa/MS; Possuir identificação de data de limite de uso, UNID. DE MEDIDA: Unitário (R$ 455.670,00); (L2) 8402.79149-Avental, USO: Para proteção frontal, COR: Branco ou transparente, MATERIAL: Polietileno, TAMANHO: Aproximadamente 1m de comprimento, CARACTERÍSTICAS ADICIONAIS: Plástico, descartável, sem mangas, com tiras para amarrar na cintura. Demais informações de acordo com Termo de Referência e/ou Descritivo Técnico do Processo, UNID. DE MEDIDA: Unitário (R$ 48.279,00)"
78640489000153-1-000245/2025,78640489000153-1-000245-2025.md,UNIVERSIDADE ESTADUAL DE LONDRINA,Ato que autoriza a Contratação Direta nº 11340/2025,AQUISIÇÃO DE TAMPA PARA COPO DESCARTÁVEL E COMPRIMIDO EFERVESCENTE PARA ATENDER O RESTAURANTE UNIVERSITÁRIO/UEL E HOSPITAL UNIVERSITÁRIO DE LONDRINA,tr_ct_426_2024.pdf,,https://pncp.gov.br/pncp-api/v1/orgaos/78640489000153/compras/2025/245/arquivos/1,Ativo,"6801.50055-Pastilha/tablete de Cloro Orgânico Efervecente, USO: Rendimento unitário mínimo de 15 (quinze) litros de preparação à 100ppm, Completamente solúvel em água, Eficiente no processo de desinfecção de água, Utensílios, Frutas, Legumes e verduras, APRESENTAÇÃO: O produto deverá possuir registro no Ministério da Saúde, Para uso culinário, Validade mínima 24 meses, Cada embalagem deverá possuir informações sobre uso, Segurança e conservação e conter no máximo 1.000g do produto, As pastilhas/tablets não poderão possuir peso unitário superior a 25 gramas, UNID. DE MEDIDA: Unitário (R$ 2.294,00)"
78640489000153-1-000246/2025,78640489000153-1-000246-2025.md,UNIVERSIDADE ESTADUAL DE LONDRINA,Ato que autoriza a Contratação Direta nº 11368/2025,AQUISIÇÃO DE TAMPA PARA COPO DESCARTÁVEL E COMPRIMIDO EFERVESCENTE PARA ATENDER O RESTAURANTE UNIVERSITÁRIO -UEL E HOSPITAL UNIVERSITÁRIO DE LONDRINA,tr_ct_426_2024.pdf,,https://pncp.gov.br/pncp-api/v1/orgaos/78640489000153/compras/2025/246/arquivos/1,Ativo,"6801.50055-Pastilha/tablete de Cloro Orgânico Efervecente, USO: Rendimento unitário mínimo de 15 (quinze) litros de preparação à 100ppm, Completamente solúvel em água, Eficiente no processo de desinfecção de água, Utensílios, Frutas, Legumes e verduras, APRESENTAÇÃO: O produto deverá possuir registro no Ministério da Saúde, Para uso culinário, Validade mínima 24 meses, Cada embalagem deverá possuir informações sobre uso, Segurança e conservação e conter no máximo 1.000g do produto, As pastilhas/tablets não poderão possuir peso unitário superior a 25 gramas, UNID. DE MEDIDA: Unitário (R$ 3.348,00)"
78640489000153-1-000247/2025,78640489000153-1-000247-2025.md,UNIVERSIDADE ESTADUAL DE LONDRINA,Ato que autoriza a Contratação Direta nº 11364/2025,AQUISIÇÃO DE TAMPA PARA COPO DESCARTÁVEL E COMPRIMIDO EFERVESCENTE PARA ATENDER O RESTAURANTE UNIVERSITÁRIO -UEL E HOSPITAL UNIVERSITÁRIO DE LONDRINA,tr_ct_426_2024.pdf,,https://pncp.gov.br/pncp-api/v1/orgaos/78640489000153/compras/2025/247/arquivos/1,Ativo,"7303.75778-Tampa plástica, USO: Copo descartável de 100ml, EMBALAGEM: Pacote com 2000 unidades, UNID. DE MEDIDA: Unitário (R$ 14.150,00)"
78640489000153-1-000250/2025,78640489000153-1-000250-2025.md,UNIVERSIDADE ESTADUAL DE LONDRINA,Ato que autoriza a Contratação Direta nº 11542/2025,"AQUISIÇÃO DE ÓLEO VEGETAL, SOJA, PARA ATENDER O RESTAURANTE UNIVERSITÁRIO E HOSPITAL UNIVERSITÁRIO DE LONDRINA",tr_dl_440_2024.pdf,,https://pncp.gov.br/pncp-api/v1/orgaos/78640489000153/compras/2025/250/arquivos/1,Ativo,"8913.1648-Óleo vegetal, TIPO: Soja, refinado, INGREDIENTES: 100% óleo de soja, ASPECTO: Límpido e isento de impurezas, ODOR: Característico, SABOR: Característico, COR: Característica, CARACTERÍSTICAS ADICIONAIS: Isento de sujidades, substâncias estranhas a sua natureza e não conter glúten, EMBALAGEM: Lata hermeticamente fechada, PESO LÍQUIDO: 18 litros, UNID. DE MEDIDA: Unitário (R$ 16.218,00)"
78640489000153-1-000253/2025,78640489000153-1-000253-2025.md,UNIVERSIDADE ESTADUAL DE LONDRINA,Edital nº 385/2025,"FORNECIMENTO PARCELADO DE ALHO FRESCO DESCASCADO, PARA ATENDER O RESTAURANTE UNIVERSITÁRIO-UEL E HOSPITAL UNIVERSITARIO DE LONDRINA.",EDPE409-24COMPLETO.pdf,,https://pncp.gov.br/pncp-api/v1/orgaos/78640489000153/compras/2025/253/arquivos/1,Ativo,"(L1) 8905.22738-Alho, TIPO: Descascado nacional, ASPECTO: In natura, fresco, APRESENTAÇÃO: Bulbilhos inteiros, firme, sem casca, fungos e indício de germinação, CARACTERÍSTICAS ADICIONAIS: Isento de sujidades, enfermidades e quaisquer materiais estranhos que possam comprometer a sua qualidade, UNID. DE MEDIDA: Quilograma (R$ 76.930,76); (L2) 8905.22738-Alho, TIPO: Descascado nacional, ASPECTO: In natura, fresco, APRESENTAÇÃO: Bulbilhos inteiros, firme, sem casca, fungos e indício de germinação, CARACTERÍSTICAS ADICIONAIS: Isento de sujidades, enfermidades e quaisquer materiais estranhos que possam comprometer a sua qualidade, UNID. DE MEDIDA: Quilograma (R$ 25.623,08)"
78640489000153-1-000254/2025,78640489000153-1-000254-2025.md,UNIVERSIDADE ESTADUAL DE LONDRINA,Edital nº 384/2025,"contratação para o fornecimento parcelado de gêneros alimentícios diversos a - fórmula infantil de segmento, b - óleo de soja vegetal e c - pó para sobremesa tipo sorvete de diversos sabores, para o Hospital Universitário - HU-UEL e Restaurante Universitário - RU-UEL da Universidade Estadual de Londrina, pelo período de 12 doze meses.",EDPE413-24COMPLETO.pdf,,https://pncp.gov.br/pncp-api/v1/orgaos/78640489000153/compras/2025/254/arquivos/1,Ativo,"(L1) 8919.82090-Fórmula infantil de rotina / seguimento à base de proteína intacta, APRESENTAÇÃO: Em pó, para nutrição via oral e/ou via enteral, indicada para lactentes de seis à doze meses de vida, COMPOSIÇÃO: Carboidratos: 43% à 52% (70% à 100% lactose), Proteínas: 6% à 13% (30% à 70% proteína do soro do leite e 30% à 70% caseína), Lipídios: 40% à 49% (60% à 100% origem vegetal), Fibras: 0g à 6g/100g, CARACTERÍSTICAS ADICIONAIS: Isento de glúten, com adição de DHA e ARA, EMBALAGEM: Lata com 800g, UNID. DE MEDIDA: Unitário (R$ 20.995,00); (L2) 8907.86423-Sorvete em pó, SABOR: Diversos, EMBALAGEM: Pacote com 100g a 150g, CARACTERÍSTICAS ADICIONAIS: Demais informações de acordo com o Termo de Referência e/ou Descritivo Técnico do Processo, UNID. DE MEDIDA: Unitário (R$ 702,40)"
78640489000153-1-000256/2025,78640489000153-1-000256-2025.md,UNIVERSIDADE ESTADUAL DE LONDRINA,Ato que autoriza a Contratação Direta nº 11538/2025,"AQUISIÇÃO DE ÓLEO VEGETAL, SOJA, PARA ATENDER O RESTAURANTE UNIVERSITÁRIO -UEL E HOSPITAL UNIVERSITÁRIO DE LONDRINA",tr_dl_440_2024.pdf,,https://pncp.gov.br/pncp-api/v1/orgaos/78640489000153/compras/2025/256/arquivos/1,Ativo,"8913.1648-Óleo vegetal, TIPO: Soja, refinado, INGREDIENTES: 100% óleo de soja, ASPECTO: Límpido e isento de impurezas, ODOR: Característico, SABOR: Característico, COR: Característica, CARACTERÍSTICAS ADICIONAIS: Isento de sujidades, substâncias estranhas a sua natureza e não conter glúten, EMBALAGEM: Lata hermeticamente fechada, PESO LÍQUIDO: 18 litros, UNID. DE MEDIDA: Unitário (R$ 41.310,00)"
78640489000153-1-000268/2025,78640489000153-1-000268-2025.md,UNIVERSIDADE ESTADUAL DE LONDRINA,Ato que autoriza a Contratação Direta nº 11836/2025,AQUISIÇÃO DE CARNES BOVINA E FILE DE PEITO DE FRANGO PARA ATENDER O RESTAURANTE UNIVERSITÁRIO -UEL E HOSPITAL UNIVERSITÁRIO DE LONDRINA,tr_dl_34_2025.pdf,,https://pncp.gov.br/pncp-api/v1/orgaos/78640489000153/compras/2025/268/arquivos/1,Ativo,"8901.2029-Carne, TIPO: Bovina, CORTE: Patinho, peça, ASPECTO: In natura, CONSERVAÇÃO: Resfriada, APRESENTAÇÃO: Consistência firme e compacta, sem osso, cor vermelho brilhante, cheiro e sabor característicos, com no máximo 10% de sebo e gordura, CARACTERÍSTICAS ADICIONAIS: Isenta de sujidades e quaisquer materiais estranhos que comprometam a sua qualidade, EMBALAGEM: Saco plástico atóxico, PESO LÍQUIDO: Kg, UNID. DE MEDIDA: Unitário (R$ 112.358,40); 8901.2048-Carne, TIPO: Bovina, CORTE: Coxão mole, peça, ASPECTO: In natura, CONSERVAÇÃO: Resfriada, APRESENTAÇÃO: Consistência firme, sem osso, cor vermelho brilhante, odor e sabor característicos, com no máximo 10% de sebo e gordura, CARACTERÍSTICAS ADICIONAIS: Isenta de sujidades e quaisquer outros materiais estranhos que comprometam a sua qualidade, EMBALAGEM: Saco plástico atóxico, PESO LÍQUIDO: Kg, UNID. DE MEDIDA: Unitário (R$ 68.362,20)"
78640489000153-1-000269/2025,78640489000153-1-000269-2025.md,UNIVERSIDADE ESTADUAL DE LONDRINA,Ato que autoriza a Contratação Direta nº 11830/2025,AQUISIÇÃO DE CARNES BOVINA E FILE DE PEITO DE FRANGO PARA ATENDER O RESTAURANTE UNIVERSITÁRIO -UEL E HOSPITAL UNIVERSITÁRIO DE LONDRINA,tr_dl_34_2025.pdf,,https://pncp.gov.br/pncp-api/v1/orgaos/78640489000153/compras/2025/269/arquivos/1,Ativo,"8903.22928-Frango, CORTE: Peito, em filé, ASPECTO: In natura, CONSERVAÇÃO: Resfriado, APRESENTAÇÃO: Consistência firme e compacta, com cor, cheiro e sabor próprios, sem osso, CARACTERÍSTICAS ADICIONAIS: Isento de sujidades e quaisquer materiais estranhos que comprometam a sua qualidade, EMBALAGEM: Saco plástico atóxico, UNID. DE MEDIDA: Quilograma (R$ 124.992,00)"
78640489000153-1-000270/2025,78640489000153-1-000270-2025.md,UNIVERSIDADE ESTADUAL DE LONDRINA,Ato que autoriza a Contratação Direta nº 11822/2025,AQUISIÇÃO DE CARNES BOVINA E FILE DE PEITO DE FRANGO PARA ATENDER O RESTAURANTE UNIVERSITÁRIO -UEL E HOSPITAL UNIVERSITÁRIO DE LONDRINA,tr_dl_34_2025.pdf,,https://pncp.gov.br/pncp-api/v1/orgaos/78640489000153/compras/2025/270/arquivos/1,Ativo,"8901.74185-Carne bovina, TIPO: Acém, CORTE: Em iscas, CONSERVAÇÃO: Congelado em IQF, APRESENTAÇÃO: Isento de pele, cartilagens, veias, aponevroses, tecidos viscerais, tendões, fragmentos de ossos e outros tecidos inferiores, não conter sal, corantes artificiais, aromatizantes artificiais, conservantes, molhos e condimentos, CARACTERÍSTICAS ADICIONAIS: Demais informações de acordo com Termo de Referência e/ou Descritivo Técnico do Processo, EMBALAGEM: Pacote de polietileno, atóxico, higienicamente adequado e devidamente vedado, UNID. DE MEDIDA: Quilograma (R$ 167.005,00); 8901.2029-Carne, TIPO: Bovina, CORTE: Patinho, peça, ASPECTO: In natura, CONSERVAÇÃO: Resfriada, APRESENTAÇÃO: Consistência firme e compacta, sem osso, cor vermelho brilhante, cheiro e sabor característicos, com no máximo 10% de sebo e gordura, CARACTERÍSTICAS ADICIONAIS: Isenta de sujidades e quaisquer materiais estranhos que comprometam a sua qualidade, EMBALAGEM: Saco plástico atóxico, PESO LÍQUIDO: Kg, UNID. DE MEDIDA: Unitário (R$ 75.152,00)"
78640489000153-1-000339/2024,78640489000153-1-000339-2024.md,UNIVERSIDADE ESTADUAL DE LONDRINA,Edital nº 1275/2024,"CONTRATAÇÃO PARA O FORNECIMENTO PARCELADO DE CARNE DE FRANGO -SOBRECOXA E FILE DE PEITO FRANGO-, PARA ATENDER O RESTAURANTE UNIVERSITÁRIO - UEL E HOSPITAL UNIVERSITÁRIO DE LONDRINA - HU.",EDPE090-24COMPLETO.pdf,,https://pncp.gov.br/pncp-api/v1/orgaos/78640489000153/compras/2024/339/arquivos/1,Ativo,"(L1) 8903.22928-Frango, CORTE: Peito em filé, ASPECTO: In natura, CONSERVAÇÃO: Resfriado, APRESENTAÇÃO: Consistência firme, compacta, sem osso, com cor, cheiro e sabor próprios, CARACTERÍSTICAS ADICIONAIS: Isento de sujidades e quaisquer materiais estranhos que comprometam a sua qualidade, EMBALAGEM: Saco plástico atóxico, UNID. DE MEDIDA: Quilograma (R$ 293.705,34); (L2) 8903.22928-Frango, CORTE: Peito em filé, ASPECTO: In natura, CONSERVAÇÃO: Resfriado, APRESENTAÇÃO: Consistência firme, compacta, sem osso, com cor, cheiro e sabor próprios, CARACTERÍSTICAS ADICIONAIS: Isento de sujidades e quaisquer materiais estranhos que comprometam a sua qualidade, EMBALAGEM: Saco plástico atóxico, UNID. DE MEDIDA: Quilograma (R$ 97.891,53)"
78640489000153-1-000339/2024,78640489000153-1-000339-2024.md,UNIVERSIDADE ESTADUAL DE LONDRINA,Edital nº 1275/2024,"CONTRATAÇÃO PARA O FORNECIMENTO PARCELADO DE CARNE DE FRANGO -SOBRECOXA E FILE DE PEITO FRANGO-, PARA ATENDER O RESTAURANTE UNIVERSITÁRIO - UEL E HOSPITAL UNIVERSITÁRIO DE LONDRINA - HU.",PE090-24AnexoI.pdf,,https://pncp.gov.br/pncp-api/v1/orgaos/78640489000153/compras/2024/339/arquivos/2,Ativo,"(L1) 8903.22928-Frango, CORTE: Peito em filé, ASPECTO: In natura, CONSERVAÇÃO: Resfriado, APRESENTAÇÃO: Consistência firme, compacta, sem osso, com cor, cheiro e sabor próprios, CARACTERÍSTICAS ADICIONAIS: Isento de sujidades e quaisquer materiais estranhos que comprometam a sua qualidade, EMBALAGEM: Saco plástico atóxico, UNID. DE MEDIDA: Quilograma (R$ 293.705,34); (L2) 8903.22928-Frango, CORTE: Peito em filé, ASPECTO: In natura, CONSERVAÇÃO: Resfriado, APRESENTAÇÃO: Consistência firme, compacta, sem osso, com cor, cheiro e sabor próprios, CARACTERÍSTICAS ADICIONAIS: Isento de sujidades e quaisquer materiais estranhos que comprometam a sua qualidade, EMBALAGEM: Saco plástico atóxico, UNID. DE MEDIDA: Quilograma (R$ 97.891,53)"
78640489000153-1-000347/2024,78640489000153-1-000347-2024.md,UNIVERSIDADE ESTADUAL DE LONDRINA,Edital nº 1348/2024,"FORNECIMENTO PARCELADO DE GÊNEROS ALIMENTÍCIOS DIVERSOS -MACARRÃO, MASSA PARA LASANHA, BISCOITO , ENTRE OUTROS- PARA ATENDER O RESTAURANTE UNIVERSITÁRIO-UEL E HOSPITAL UNIVERSITÁRIO DE LONDRINA.",EDPE119-24COMPLETO.pdf,,https://pncp.gov.br/pncp-api/v1/orgaos/78640489000153/compras/2024/347/arquivos/1,Ativo,"(L1) 8915.1889-Biscoito, TIPO: Leite, CLASSIFICAÇÃO: Doce, APRESENTAÇÃO: FORMATO: Retangular, INGREDIENTES: Farinha de trigo enriquecida com ferro e ácido fólico (vitamina B9), açúcar, gordura vegetal, açúcar invertido, amido de milho, sal, estabilizante lecitina de soja, fermentos químicos bicarbonatos de amônio e sódio, acidulante e aromatizante, CARACTERÍSTICAS ADICIONAIS: Sem recheio, ausência de biscoitos queimados e quebradiços, isento de sujidades e substâncias estranhas a sua natureza, EMBALAGEM: Pacote plástico com 400g (variação de +/- 10%), UNID. DE MEDIDA: Unitário (R$ 27.069,00); (L2) 8915.7056-Biscoito, TIPO: Água e sal, CLASSIFICAÇÃO: Salgada, FORMATO: Quadrado, ASPECTO: Massa torrada, INGREDIENTES: Farinha de trigo enriquecida com ferro e ácido fólico (vitamina B9), gordura vegetal, açúcar, sal, açúcar invertido, amido, extrato de malte, fermento químico bicarbonato de sódio e estabilizante lecitina de soja, CARACTERÍSTICAS ADICIONAIS: Sem recheio, ausência de biscoitos queimados e quebradiços, Isento de sujidades e substâncias estranhas a sua natureza, EMBALAGEM: Pacote plástico, PESO LÍQUIDO: 400g, UNID. DE MEDIDA: Unitário (R$ 4.954,74)"
78640489000153-1-000384/2024,78640489000153-1-000384-2024.md,UNIVERSIDADE ESTADUAL DE LONDRINA,Edital nº 1442/2024,FORNECIMENTO PARCELADO DE FILE DE PEIXE -TILÁPIA E MERLUZA- PARA ATENDER O RESTAURANTE UNIVERSITÁRIO-UEL E HOSPITAL UNIVERSITÁRIO DE LONDRINA.,EDPE108-24COMPLETO.pdf,,https://pncp.gov.br/pncp-api/v1/orgaos/78640489000153/compras/2024/384/arquivos/1,Ativo,"(L1) 8904.21105-Peixe, TIPO: Merluza, APRESENTAÇÃO: Filé, interfolhado, ASPECTO: In natura, CARACTERÍSTICAS ADICIONAIS: Isento de sujidades e quaisquer materiais estranhos que comprometam a sua qualidade, EMBALAGEM: Saco plástico transparente atóxico, UNID. DE MEDIDA: Quilograma (R$ 139.387,50); (L2) 8904.21105-Peixe, TIPO: Merluza, APRESENTAÇÃO: Filé, interfolhado, ASPECTO: In natura, CARACTERÍSTICAS ADICIONAIS: Isento de sujidades e quaisquer materiais estranhos que comprometam a sua qualidade, EMBALAGEM: Saco plástico transparente atóxico, UNID. DE MEDIDA: Quilograma (R$ 46.462,50)"
78640489000153-1-000398/2024,78640489000153-1-000398-2024.md,UNIVERSIDADE ESTADUAL DE LONDRINA,Ato que autoriza a Contratação Direta nº 39225/2024,AQUISIÇÃO DE GÊNEROS ALIMENTÍCIOS PARA CONSUMO NO HOSPITAL UNIVERSITÁRIO E RESTAURANTE UNIVERSITÁRIO/UEL,tr_dl_140_2024_p1.pdf,,https://pncp.gov.br/pncp-api/v1/orgaos/78640489000153/compras/2024/398/arquivos/1,Ativo,"8914.22769-Sal Iodado, TIPO: Refinado, EMBALAGEM: Sachê com 1g, UNID. DE MEDIDA: Unitário (R$ 231,92)"
78640489000153-1-000399/2024,78640489000153-1-000399-2024.md,UNIVERSIDADE ESTADUAL DE LONDRINA,Ato que autoriza a Contratação Direta nº 39224/2024,AQUISIÇÃO DE GÊNEROS ALIMENTÍCIOS PARA CONSUMO NO HOSPITAL UNIVERSITÁRIO E RESTAURANTE UNIVERSITÁRIO/UEL,tr_dl_140_2024_p1.pdf,,https://pncp.gov.br/pncp-api/v1/orgaos/78640489000153/compras/2024/399/arquivos/1,Ativo,"8907.1263-Molho de Soja (shoyu), TIPO: Tradicional , INGREDIENTES: Água, sal refinado, soja, milho, açúcar cristal, xarope de glicose, corante caramelo, conservador de sorbato de potássio, fermentação natural, FERMENTAÇÃO: 100% natural, CARACTERÍSTICAS ADICIONAIS: Isento de sujidades e substâncias estranhas a sua natureza. Não conter glúten, EMBALAGEM: Frasco plástico de no mínimo 900ml, UNID. DE MEDIDA: Unitário (R$ 4.548,00)"
78640489000153-1-000405/2024,78640489000153-1-000405-2024.md,UNIVERSIDADE ESTADUAL DE LONDRINA,Edital nº 1478/2024,"FORNECIMENTO PARCELADO DE GÊNEROS ALIMENTÍCIOS DIVERSOS -ÁGUA MINERAL SEM GÁS, CACAU EM PÓ, ADOÇANTE, SAGU, ENTRE OUTROS- PARA ATENDER O CAMPUS-UEL, RESTAURANTE UNIVERSITÁRIO-UEL E HOSPITAL UNIVERSITÁRIO DE LONDRINA.",EDPE112-24COMPLETO.pdf,,https://pncp.gov.br/pncp-api/v1/orgaos/78640489000153/compras/2024/405/arquivos/1,Ativo,"(L1) 8910.1403-Achocolatado, ASPECTO: Pó solúvel instantâneo, SABOR: Chocolate, INGREDIENTES: Cacau, maltodextrina e/ou extrato de malte, açúcar, leite, minerais, vitaminas, emulsificante lecitina de soja, aromatizante, CARACTERÍSTICAS ADICIONAIS: Isento de sujidades e quaisquer substâncias estranhas a sua natureza, EMBALAGEM: Saco de polietileno, PESO LÍQUIDO: 1kg, UNID. DE MEDIDA: Unitário (R$ 1.922,82); (L2) 8910.78752-Achocolatado, ASPECTO: Líquido, COMPOSIÇÃO: Enriquecido com ferro e ácido fólico, ODOR: Característico, SABOR: Característico, CARACTERÍSTICAS ADICIONAIS: Isento de sujidades e quaisquer substâncias estranhas a sua natureza, EMBALAGEM: Caixa com 200ml, UNID. DE MEDIDA: Unitário (R$ 1.320,00)"
78640489000153-1-000407/2024,78640489000153-1-000407-2024.md,UNIVERSIDADE ESTADUAL DE LONDRINA,Edital nº 1464/2024,"FORNECIMENTO PARCELADO DE CONDIMENTOS, TEMPEROS DIVERSOS. ENTRE OUTROS, PARA ATENDER O RESTAURANTE UNIVERSITÁRIO-UEL E HOSPITAL UNIVERSITÁRIO DE LONDRINA",EDPE110-24COMPLETO.pdf,,https://pncp.gov.br/pncp-api/v1/orgaos/78640489000153/compras/2024/407/arquivos/1,Ativo,"(L1) 8914.36421-Açafrão, ASPECTO: Pó, INGREDIENTES: Cúrcuma moída, CARACTERÍSTICAS ADICIONAIS: Isento de sujidades, mofo e quaisquer materiais estranhos que comprometam a sua qualidade, EMBALAGEM: Saco plástico atóxico, PESO LÍQUIDO: 50g, UNID. DE MEDIDA: Unitário (R$ 107,52); (L2) 8914.36533-Tempero, Caldo, SABOR: Galinha, ASPECTO: Tablete, INGREDIENTES: Sal, Gordura Vegetal, Amido, Açúcar, Carne e Gordura de Galinha, Extrato de levedura, Salsa, Realçadores de sabor glutamato monossódico e inosinato de sódio e Demais substâncias permitidas, CARACTERÍSTICAS ADICIONAIS: Não conter gorduras trans, Isento de sujidades e substâncias estranhas a sua natureza, EMBALAGEM: Caixa com 57g de peso líquido, Contendo 6 unidades embaladas individualmente, VARIAÇÃO: Até 10% do peso líquido, UNID. DE MEDIDA: Unitário (R$ 1.886,82)"
78640489000153-1-000408/2024,78640489000153-1-000408-2024.md,UNIVERSIDADE ESTADUAL DE LONDRINA,Edital nº 1462/2024,FORNECIMENTO PARCELADO DE ALHO FRESCO DESCASCADO PARA ATENDER O RESTAURANTE UNIVERSITÁRIO-UEL E HOSPITAL UNIVERSITÁRIO DE LONDRINA,EDPE115-24COMPLETO.pdf,,https://pncp.gov.br/pncp-api/v1/orgaos/78640489000153/compras/2024/408/arquivos/1,Ativo,"(L1) 8905.22738-Alho, TIPO: Descascado nacional, ASPECTO: In natura, fresco, APARÊNCIA: Bulbilhos, APRESENTAÇÃO: Inteiros, sem casca, firme, isento de fungos e sem indício de germinação, CARACTERÍSTICAS ADICIONAIS: Isento de sujidades, enfermidades e quaisquer materiais estranhos que comprometam a sua qualidade, EMBALAGEM: Plástica, transparente e lacrada, UNID. DE MEDIDA: Quilograma (R$ 53.328,60)"
78640489000153-1-000410/2024,78640489000153-1-000410-2024.md,UNIVERSIDADE ESTADUAL DE LONDRINA,Edital nº 1444/2024,"FORNECIMENTO PARCELADO DE SUCOS DIVERSOS -CAJU, MARACUJÁ, ENTRE OUTROS- PARA ATENDER O RESTAURANTE UNIVERSITÁRIO-UEL E HOSPITAL UNIVERSITÁRIO DE LONDRINA.",EDPE109-24COMPLETO.pdf,,https://pncp.gov.br/pncp-api/v1/orgaos/78640489000153/compras/2024/410/arquivos/1,Ativo,"(L1) 8917.31603-Suco, TIPO: Isotônico, ASPECTO: Líquido, SABOR: Diversos, COMPOSIÇÃO: Água, Açúcar e Sal, Aromatizantes e Corantes de Acordo com o Sabor, PESO LÍQUIDO: 500ml, UNID. DE MEDIDA: Unitário (R$ 15.137,66); (L2) 8911.11153-Pó para refresco, APRESENTAÇÃO: ASPECTO: Pó, SABOR: Diversos, INGREDIENTES: Açúcar, polpa desidratada (1%), acidulante de ácido cítrico, antiumectante, fosfato tricálcico, aromatizante regulador de acidez, citrato de sódio, edulcorantes artificiais, espessante carboximetilcelulose, corante inorgânico dióxido de titânio e corante artificial tartrazina, CARACTERÍSTICAS ADICIONAIS: Isento de sujidades e quaisquer substâncias estranhas a sua natureza, não conter glúten, EMBALAGEM: Pacote plástico, podendo ser entregue em embalagens fracionadas, PESO LÍQUIDO: 1kg, UNID. DE MEDIDA: Unitário (R$ 12.544,00)"
78640489000153-1-000423/2024,78640489000153-1-000423-2024.md,UNIVERSIDADE ESTADUAL DE LONDRINA,Edital nº 1486/2024,"FORNECIMENTO PARCELADO DE LEITE DE VACA LONGA VIDA - COM BAIXO TEOR DE LACTOSE SEMI-DESNATADO, DESNATADO E INTEGRAL -, PARA ATENDER A MORADIA ESTUDANTIL-UEL, RESTAURANTE UNIVERSITÁRIO-UEL E HOSPITAL UNIVERSITÁRIO DE LONDRINA.",EDPE121-24COMPLETO.pdf,,https://pncp.gov.br/pncp-api/v1/orgaos/78640489000153/compras/2024/423/arquivos/1,Ativo,"(L1) 8906.40711-Leite, TIPO : Sem lactose, UHT, INGREDIENTES: Leite desnatado, vitaminas (A, C e D), estabilizantes: citrato de sódio (INS 331iii), trifosfato de sódio (INS 451i), monofosfato monossódico (INS 339i) e difosfato dissódico (INS 450i) e enzima lactase, EMBALAGEM: 1 litro, UNID. DE MEDIDA: Unitário (R$ 2.277,66); (L2) 8906.1513-Leite, TIPO: UHT Desnatado, ASPECTO: Líquido, PROCESSO FABRICAÇÃO: Pasteurizado, COMPOSIÇÃO: Leite de vaca e estabilizantes, ODOR: Característico, SABOR: Característico, CARACTERÍSTICAS ADICIONAIS: Isento de sujidades e quaisquer substâncias estranhas a sua natureza, EMBALAGEM: Caixa longa vida, com 1 litro, UNID. DE MEDIDA: Unitário (R$ 31.175,16)"
78640489000153-1-000424/2024,78640489000153-1-000424-2024.md,UNIVERSIDADE ESTADUAL DE LONDRINA,Edital nº 1484/2024,"FORNECIMENTO PARCELADO DE GÊNEROS ALIMENTÍCIOS DIVERSOS -ÓLEO VEGETAL, MILHO, MARGARINA, AZEITE- PARA ATENDER O RESTAURANTE UNIVERSITÁRIO-UEL E HOSPITAL UNIVERSITÁRIO DE LONDRINA",EDPE182-24COMPLETO.pdf,,https://pncp.gov.br/pncp-api/v1/orgaos/78640489000153/compras/2024/424/arquivos/1,Ativo,"(L1) 8913.64881-Azeite de oliva, TIPO: Extra virgem, TEOR DE ACIDEZ: Máximo 0,5%, CARACTERÍSTICAS ADICIONAIS: Isento de sujidades, ranço e substâncias estranhas a sua natureza, Não conter glúten, EMBALAGEM: Frasco de vidro com tampa rosqueável, bico dosador e lacre de segurança, PESO LÍQUIDO: 500ml, UNID. DE MEDIDA: Unitário (R$ 2.136,00); (L2) 8906.2078-Margarina, TIPO: Com sal, COMPOSIÇÃO: Óleos vegetais interesterificados e/ou hidrogenados, água, sal, leite em pó desnatado, emulsificantes mono e diglicerídeos de ácidos graxos, conservador sorbato de potássio, acidulante ácido cítrico, ASPECTO: Emulsão plástica homogênea, CONSERVAÇÃO: Refrigerada, CARACTERÍSTICAS ADICIONAIS: Isenta de sujidades, materiais estranhos de qualquer natureza e não conter glúten, EMBALAGEM: Balde plástico com 15kg, com tampa, UNID. DE MEDIDA: Unitário (R$ 31.559,95)"
78640489000153-1-000426/2024,78640489000153-1-000426-2024.md,UNIVERSIDADE ESTADUAL DE LONDRINA,Edital nº 1489/2024,"FORNECIMENTO PARCELADO DE GÊNEROS ALIMENTÍCIOS DIVERSOS -FARINHAS, ENTRE OUTROS- PARA ATENDER O RESTAURANTE UNIVERSITÁRIO-UEL E HOSPITAL UNIVERSITÁRIO DE LONDRINA.",EDPE111-24COMPLETO.pdf,,https://pncp.gov.br/pncp-api/v1/orgaos/78640489000153/compras/2024/426/arquivos/1,Ativo,"(L1) 8909.12151-Amido de milho, INGREDIENTES: Amido de milho, TEOR DE UMIDADE: Máximo de 14% , CARACTERÍSTICAS ADICIONAIS: Isento de sujidades e substâncias estranhas a sua natureza , Caixa, PESO LÍQUIDO: 1kg, UNID. DE MEDIDA: Unitário (R$ 13.888,00); (L2) 8909.5389-Aveia, TIPO: Farelo, CARACTERÍSTICAS ADICIONAIS: Isenta de sujidades e quaisquer materiais estranhos que comprometam sua qualidade, EMBALAGEM: Pacote com no mínimo 200g, UNID. DE MEDIDA: Unitário (R$ 1.310,80)"
78640489000153-1-000427/2024,78640489000153-1-000427-2024.md,UNIVERSIDADE ESTADUAL DE LONDRINA,Edital nº 1452/2024,"FORNECIMENTO PARCELADO DE PÃES DIVERSOS -INTEGRAL, FRANCÊS, ENTRE OUTROS- PARA ATENDER O RESTAURANTE UNIVERSITÁRIO-UEL E HOSPITAL UNIVERSITÁRIO DE LONDRINA.",EDPE120-24COMPLETO.pdf,,https://pncp.gov.br/pncp-api/v1/orgaos/78640489000153/compras/2024/427/arquivos/1,Ativo,"(L1) 8909.18792-Pão, TIPO: Integral, Fatiado, INGREDIENTES: Farinha de trigo enriquecida com ferro e ácido fólico, fibra de trigo, açúcar, gordura vegetal hidrogenada, sal, glúten, fermento biológico e conservador propionato de cálcio, EMBALAGEM: Pacote com 500g, UNID. DE MEDIDA: Unitário (R$ 22.827,40); (L2) 8909.18772-Pão, TIPO: De Forma, Fatiado, Com Casca, INGREDIENTES: Farinha de trigo fortificada com ferro e ácido fólico, açúcar, gordura vegetal, sal, glúten, farinha de soja, soro de leite, emulsificantes ésteres de ácido diacetil tartático e mono e diglicerídeos e estearoil-2-lactil, lactato de cálcio, conservador propionato de cálcio, acidulante ácido láctico, EMBALAGEM: Pacote, 500g, UNID. DE MEDIDA: Unitário (R$ 25.185,30)"
78640489000153-1-000467/2024,78640489000153-1-000467-2024.md,UNIVERSIDADE ESTADUAL DE LONDRINA,Edital nº 1547/2024,"CONTRATAÇÃO PARA O FORNECIMENTO PARCELADO DE CARNE SUINA BISTECA, PERNIL, LOMBO PARA ATENDER O RESTAURANTE UNIVERSITÁRIO UEL E HOSPITAL UNIVERSITÁRIO DE LONDRINA.",EDPE136-24COMPLETO.pdf,,https://pncp.gov.br/pncp-api/v1/orgaos/78640489000153/compras/2024/467/arquivos/1,Ativo,"(L1) 8902.2046-Carne, TIPO: Suína, CORTE: Pernil, peça, ASPECTO: In natura, CONSERVAÇÃO: Resfriada, APRESENTAÇÃO: Consistência firme, sem pele, sem osso, sem tempero, com cor, sabor e odor característicos, CARACTERÍSTICAS ADICIONAIS: Isenta de sujidades e quaisquer materiais estranhos que possam comprometer a sua qualidade, EMBALAGEM: Saco plástico atóxico, PESO LÍQUIDO: Kg, UNID. DE MEDIDA: Unitário (R$ 179.496,00); (L2) 8902.2046-Carne, TIPO: Suína, CORTE: Pernil, peça, ASPECTO: In natura, CONSERVAÇÃO: Resfriada, APRESENTAÇÃO: Consistência firme, sem pele, sem osso, sem tempero, com cor, sabor e odor característicos, CARACTERÍSTICAS ADICIONAIS: Isenta de sujidades e quaisquer materiais estranhos que possam comprometer a sua qualidade, EMBALAGEM: Saco plástico atóxico, PESO LÍQUIDO: Kg, UNID. DE MEDIDA: Unitário (R$ 59.832,00)"
78640489000153-1-000469/2024,78640489000153-1-000469-2024.md,UNIVERSIDADE ESTADUAL DE LONDRINA,Edital nº 1521/2024,"FORNECIMENTO PARCELADO DE GÊNEROS ALIMENTÍCIOS DIVERSOS - AÇÚCAR, ARROZ, FEIJÃO, ENTRE OUTROS - PARA ATENDER O CAMPUS-UEL, RESTAURANTE UNIVERSITÁRIO-UEL E HOSPITAL UNIVERSITÁRIO DE LONDRINA",EDPE116-24COMPLETO.pdf,,https://pncp.gov.br/pncp-api/v1/orgaos/78640489000153/compras/2024/469/arquivos/1,Ativo,"(L1) 8908.59669-Arroz branco, TIPO: 1, GRUPO: Beneficiado e polido, CLASSE: Longo fino, CARACTERÍSTICAS ADICIONAIS: Isento de sujidades e quaisquer materiais estranhos que comprometam a sua qualidade, EMBALAGEM: Saco plástico com 5kg, UNID. DE MEDIDA: Unitário (R$ 200.922,92); (L2) 8908.59669-Arroz branco, TIPO: 1, GRUPO: Beneficiado e polido, CLASSE: Longo fino, CARACTERÍSTICAS ADICIONAIS: Isento de sujidades e quaisquer materiais estranhos que comprometam a sua qualidade, EMBALAGEM: Saco plástico com 5kg, UNID. DE MEDIDA: Unitário (R$ 66.971,08)"
78640489000153-1-000471/2024,78640489000153-1-000471-2024.md,UNIVERSIDADE ESTADUAL DE LONDRINA,Ato que autoriza a Contratação Direta nº 41870/2024,AQUISIÇÃO DE LEITE DE VACA LONGA VIDA E PASTEURIZADO PATA ATENDER O RESTAURANTE UNIVERSITÁRIO-UEL E HOSPITAL UNIVERSITÁRIO DE LONDRINA.,tr_dl_235_2024.pdf,,https://pncp.gov.br/pncp-api/v1/orgaos/78640489000153/compras/2024/471/arquivos/1,Ativo,"8906.1512-Leite, TIPO: UHT Integral, ASPECTO: Líquido, PROCESSO FABRICAÇÃO: Pasteurizado, COMPOSIÇÃO: Leite de vaca e estabilizantes, ODOR: Característico, SABOR: Característico, CARACTERÍSTICAS ADICIONAIS: Isento de sujidades e quaisquer substâncias estranhas a sua natureza, EMBALAGEM: Caixa longa vida, com 1 litro, UNID. DE MEDIDA: Unitário (R$ 9.369,24)"
78640489000153-1-000472/2024,78640489000153-1-000472-2024.md,UNIVERSIDADE ESTADUAL DE LONDRINA,Ato que autoriza a Contratação Direta nº 41868/2024,AQUISIÇÃO DE LEITE DE VACA LONGA VIDA E PASTEURIZADO PATA ATENDER O RESTAURANTE UNIVERSITÁRIO-UEL E HOSPITAL UNIVERSITÁRIO DE LONDRINA.,tr_dl_235_2024.pdf,,https://pncp.gov.br/pncp-api/v1/orgaos/78640489000153/compras/2024/472/arquivos/1,Ativo,"8906.22069-Leite, TIPO: Pasteurizado Integral - LPI, APRESENTAÇÃO: Com teor mínimo de 3% de gordura, ASPECTO: Líquido, COMPOSIÇÃO: Quantidade por porção de 200ml: Carboidratos 9,0g, gorduras totais 7,0g, gorduras saturadas 4,0g, proteínas 6,0g, cálcio 264,0mg, sódio 100,0mg, ferro quelato 1,4mg, vitamina ""A"" 100,0mcg e vitamina ""D"" 1,0mcg, ODOR: Característico, SABOR: Característico, CARACTERÍSTICAS ADICIONAIS: Isento de sujidades e quaisquer substâncias estranhas a sua natureza, EMBALAGEM: Saco plástico com 1 litro, UNID. DE MEDIDA: Unitário (R$ 65.250,00)"
78640489000153-1-000505/2024,78640489000153-1-000505-2024.md,UNIVERSIDADE ESTADUAL DE LONDRINA,Edital nº 1635/2024,"FORNECIMENTO PARCELADO DE GÊNEROS ALIMENTÍCIOS DIVERSOS - GELATINAS, GELEIA, ENTRE OUTROS - PARA ATENDER O RESTAURANTE UNIVERSITÁRIO-UEL E HOSPITAL UNIVERSITÁRIO DE LONDRINA.",EDPE118-24COMPLETO.pdf,,https://pncp.gov.br/pncp-api/v1/orgaos/78640489000153/compras/2024/505/arquivos/1,Ativo,"(L1) 8907.1825-Abacaxi em calda, INGREDIENTES: Abacaxi, água e açúcar, CARACTERÍSTICAS ADICIONAIS: Sem corantes e aromatizantes, Isento de sujidades e substâncias estranhas a sua natureza, Não conter glúten , EMBALAGEM: Lata hermeticamente fechada, PESO DRENADO: 400g, Variação de até 10%, UNID. DE MEDIDA: Unitário (R$ 447,84); (L2) 8906.73933-Chantilly, SABOR: Natural, ASPECTO: Cremoso, INGREDIENTES: Água, gordura vegetal, açúcar, estabilizantes, emulsificantes, proteína láctea, aromatizante, corante, demais substâncias permitidas, CARACTERÍSTICAS ADICIONAIS: Isento de sujidades e substâncias estranhas a sua natureza, EMBALAGEM: Caixa longa vida, PESO LÍQUIDO: 1 litro, UNID. DE MEDIDA: Unitário (R$ 2.571,00)"
78640489000153-1-000506/2024,78640489000153-1-000506-2024.md,UNIVERSIDADE ESTADUAL DE LONDRINA,Edital nº 1633/2024,"FORNECIMENTO PARCELADO DE GÊNEROS ALIMENTÍCIOS DIVERSOS -EXTRATO DE TOMATE, MILHO VERDE, ERVILHA, ENTRE OUTROS- PARA ATENDER O RESTAURANTE UNIVERSITÁRIO-UEL E HOSPITAL UNIVERSITÁRIO DE LONDRINA.",EDPE117-24COMPLETO.pdf,,https://pncp.gov.br/pncp-api/v1/orgaos/78640489000153/compras/2024/506/arquivos/1,Ativo,"(L1) 8908.74587-Ameixa preta, APRESENTAÇÃO: Seca, sem caroço, CARACTERÍSTICAS ADICIONAIS: Isenta de sujidades, fermentações, manchas, defeitos e quaisquer materiais estranhos que comprometam a sua qualidade, EMBALAGEM: Pacote com 500g, UNID. DE MEDIDA: Unitário (R$ 3.669,38); (L2) 8907.2322-Azeitona em conserva, TIPO: Preta, Sem caroço, ASPECTO: Fatiada, TAMANHO: Média, INGREDIENTES: Azeitonas pretas, água, sal, acidulantes, conservador e demais substâncias permitidas, CARACTERÍSTICAS ADICIONAIS: Isenta de sujidades e quaisquer materiais estranhos que comprometam a sua qualidade, PESO DRENADO: Kg, UNID. DE MEDIDA: Unitário (R$ 1.708,40)"
78640489000153-1-000507/2024,78640489000153-1-000507-2024.md,UNIVERSIDADE ESTADUAL DE LONDRINA,Edital nº 1632/2024,"FORNECIMENTO PARCELADO DE GÊNEROS ALIMENTÍCIOS DIVERSOS -QUEIJO MUSSARELA, APRESUNTADO BACON FATIADO, ENTRE OUTROS- PARA ATENDER O RESTAURANTE UNIVERSITÁRIO - UEL E HOSPITAL UNIVERSITÁRIO DE LONDRINA.",EDPE114-24COMPLETO.pdf,,https://pncp.gov.br/pncp-api/v1/orgaos/78640489000153/compras/2024/507/arquivos/1,Ativo,"(L1) 8902.2049-Apresuntado, APRESENTAÇÃO: Cozido e maturado, ASPECTO: Fatiado, CONSERVAÇÃO: Resfriado, TEXTURA: Característica, COR: Característica, SABOR: Característico, ODOR: Característico, INGREDIENTES: Carne suína, sal, açúcar, conservadores e demais substâncias permitidas, CARACTERÍSTICAS ADICIONAIS: Isento de sujidades, quaisquer materiais estranhos que possam comprometer a sua qualidade e não conter glúten, EMBALAGEM: Envoltório plástico, PESO LÍQUIDO: Kg, UNID. DE MEDIDA: Unitário (R$ 50.277,50); (L2) 8902.86792-Apresuntado, APRESENTAÇÃO: Cozido e maturado, ASPECTO: Em peças, CONSERVAÇÃO: Resfriado, TEXTURA: Característica, COR: Característica, SABOR: Característico, ODOR: Característico, INGREDIENTES: Carne suína, sal, açúcar, conservadores e demais substâncias permitidas, CARACTERÍSTICAS ADICIONAIS: Isento de sujidades, quaisquer materiais estranhos que comprometam a sua qualidade e não conter glúten, EMBALAGEM: Envoltório plástico, UNID. DE MEDIDA: Quilograma (R$ 37.985,20)"
78640489000153-1-000510/2025,78640489000153-1-000510-2025.md,UNIVERSIDADE ESTADUAL DE LONDRINA,Edital nº 931/2025,"Fornecimento parcelado de mortadela tipo Bolonha e bacon fatiado, para atender o Restaurante Universitário UEL e Hospital Universitário de Londrina.",EDPE411-24COMPLETO.pdf,,https://pncp.gov.br/pncp-api/v1/orgaos/78640489000153/compras/2025/510/arquivos/1,Ativo,"(L1) 8902.18609-Bacon suíno, TIPO: Defumado, ASPECTO: Fatiado, CONSERVAÇÃO: Resfriado, INGREDIENTES: Carne suína com gordura, CARACTERÍSTICAS ADICIONAIS: Isento de sujidades e materiais estranhos de qualquer natureza, não conter glúten, EMBALAGEM: Saco plástico transparente atóxico, PESO LÍQUIDO: 250g, UNID. DE MEDIDA: Unitário (R$ 15.568,15); (L2) 8901.1715-Mortadela, TIPO: Bologna, defumada, APRESENTAÇÃO: Fatiada, TEXTURA: Característico, SABOR: Característico, COR: Característico, ODOR: Característico, INGREDIENTES: Carne bovina e suína sem osso, toucinho, água, sal, condimentos, conservadores e demais substâncias permitidas, CARACTERÍSTICAS ADICIONAIS: Isenta de sujidades, materiais estranhos de qualquer natureza e não conter glúten, EMBALAGEM: Envoltório plástico, PESO LÍQUIDO: Kg, UNID. DE MEDIDA: Unitário (R$ 19.926,00)"
78640489000153-1-000516/2025,78640489000153-1-000516-2025.md,UNIVERSIDADE ESTADUAL DE LONDRINA,Edital nº 963/2025,"FORNECIMENTO PARCELADO DE CARNES BOVINA E FILE DE PEITO DE FRANGO, PARA ATENDER O RESTAURANTE UNIVERSITÁRIO-UEL E HOSPITAL UNIVERSITÁRIO DE LONDRINA.",EDPE01525COMPLETO.pdf,,https://pncp.gov.br/pncp-api/v1/orgaos/78640489000153/compras/2025/516/arquivos/1,Ativo,"(L1) 8901.74185-Carne bovina, TIPO: Acém, CORTE: Em iscas, CONSERVAÇÃO: Congelado em IQF, APRESENTAÇÃO: Isento de pele, cartilagens, veias, aponevroses, tecidos viscerais, tendões, fragmentos de ossos e outros tecidos inferiores, não conter sal, corantes artificiais, aromatizantes artificiais, conservantes, molhos e condimentos, CARACTERÍSTICAS ADICIONAIS: Demais informações de acordo com Termo de Referência e/ou Descritivo Técnico do Processo, EMBALAGEM: Pacote de polietileno, atóxico, higienicamente adequado e devidamente vedado, UNID. DE MEDIDA: Quilograma (R$ 423.329,40); (L1) 8901.30782-Carne, TIPO: Bovina, CORTE: Paleta / Acém, em cubos, ASPECTO: In natura, CONSERVAÇÃO: Resfriada, APRESENTAÇÃO: Consistência firme, cor vermelho brilhante, cheiro e sabor característicos, com no máximo 10% de sebo e gordura, CARACTERÍSTICAS ADICIONAIS: Isenta de sujidades e quaisquer materiais estranhos que comprometam a sua qualidade, EMBALAGEM: Saco plástico atóxico, PESO LÍQUIDO: Kg, UNID. DE MEDIDA: Quilograma (R$ 99.351,00)"
78640489000153-1-000533/2025,78640489000153-1-000533-2025.md,UNIVERSIDADE ESTADUAL DE LONDRINA,Aviso de Contratação Direta nº 90122/2025,Aquisição de material de consumo para Almoxarifado central e Restaurante Universitário.,AvisodeDispensaEletronica12225ALMOXARIFADORUV2.pdf,,https://pncp.gov.br/pncp-api/v1/orgaos/78640489000153/compras/2025/533/arquivos/1,Ativo,"Escova Limpeza Geral (R$ 756,00); Escova Unha (R$ 1.389,00)"
78640489000153-1-000544/2024,78640489000153-1-000544-2024.md,UNIVERSIDADE ESTADUAL DE LONDRINA,Edital nº 1693/2024,"FORNECIMENTO PARCELADO DE SACOS DIVERSOS -PLÁSTICO, PAPEL, ENTRE OUTROS- PARA ATENDER A CLÍNICA ODONTOLÓGICA -UEL, RESTAURANTE UNIVERSITÁRIO-UEL E HOSPITAL UNIVERSITÁRIO DE LONDRINA.",EDPE137-24COMPLETO.pdf,,https://pncp.gov.br/pncp-api/v1/orgaos/78640489000153/compras/2024/544/arquivos/1,Ativo,"(L1) 8107.68973-Saco, MATERIAL: Papel kraft, CAPACIDADE: 2kg, UNID. DE MEDIDA: Unitário (R$ 36.886,80); (L2) 8107.79597-Saco Plástico, USO: Proteção de comando de equipamentos médicos, MATERIAL: Matéria-prima virgem de polietileno de baixa densidade (PEBD), COR: Incolor, MEDIDA: 1,40cm de largura, ESPESSURA: 10 micras, EMBALAGEM: Rolo com 50m, UNID. DE MEDIDA: Unitário (R$ 27.762,00)"
78640489000153-1-000551/2024,78640489000153-1-000551-2024.md,UNIVERSIDADE ESTADUAL DE LONDRINA,Edital nº 1729/2024,FORNECIMENTO PARCELADO DE CARNE BOVINA PARA ATENDER O RESTAURANTE UNIVERSITÁRIO-UEL E HOSPITAL UNIVERSITÁRIO DE LONDRINA.,EDPE113-24COMPLETO.pdf,,https://pncp.gov.br/pncp-api/v1/orgaos/78640489000153/compras/2024/551/arquivos/1,Ativo,"(L1) 8901.74878-Carne bovina, TIPO: Acém, CONSERVAÇÃO: Resfriada, CARACTERÍSTICAS ADICIONAIS: Demais informações de acordo com Termo de Referência e/ou Descritivo Técnico do Processo, UNID. DE MEDIDA: Quilograma (R$ 346.906,94); (L2) 8901.74878-Carne bovina, TIPO: Acém, CONSERVAÇÃO: Resfriada, CARACTERÍSTICAS ADICIONAIS: Demais informações de acordo com Termo de Referência e/ou Descritivo Técnico do Processo, UNID. DE MEDIDA: Quilograma (R$ 115.635,65)"
78640489000153-1-000581/2025,78640489000153-1-000581-2025.md,UNIVERSIDADE ESTADUAL DE LONDRINA,Ato que autoriza a Contratação Direta nº 30569/2025,"FORNECIMENTO DE CARNES BOVINA, FILE DE PEITO DE FRANGO PARA ATENDER O RESTAURANTE UNIVERSITÁRIO E HOSPITAL UNIVERSITÁRIO DE LONDRINA.",tr_dl_111_2025.pdf,,https://pncp.gov.br/pncp-api/v1/orgaos/78640489000153/compras/2025/581/arquivos/1,Ativo,"8901.74185-Carne bovina, TIPO: Acém, CORTE: Em iscas, CONSERVAÇÃO: Congelado em IQF, APRESENTAÇÃO: Isento de pele, cartilagens, veias, aponevroses, tecidos viscerais, tendões, fragmentos de ossos e outros tecidos inferiores, não conter sal, corantes artificiais, aromatizantes artificiais, conservantes, molhos e condimentos, CARACTERÍSTICAS ADICIONAIS: Demais informações de acordo com Termo de Referência e/ou Descritivo Técnico do Processo, EMBALAGEM: Pacote de polietileno, atóxico, higienicamente adequado e devidamente vedado, UNID. DE MEDIDA: Quilograma (R$ 107.805,60); 8901.30782-Carne, TIPO: Bovina, CORTE: Paleta / Acém, em cubos, ASPECTO: In natura, CONSERVAÇÃO: Resfriada, APRESENTAÇÃO: Consistência firme, cor vermelho brilhante, cheiro e sabor característicos, com no máximo 10% de sebo e gordura, CARACTERÍSTICAS ADICIONAIS: Isenta de sujidades e quaisquer materiais estranhos que comprometam a sua qualidade, EMBALAGEM: Saco plástico atóxico, PESO LÍQUIDO: Kg, UNID. DE MEDIDA: Quilograma (R$ 22.322,30)"
78640489000153-1-000606/2025,78640489000153-1-000606-2025.md,UNIVERSIDADE ESTADUAL DE LONDRINA,Edital nº 90015/2025,"Contratação para o fornecimento parcelado de carnes bovina e file de peito de frango, para atender o Restaurante Universitário – UEL e Hospital Universitário de Londrina.",92676905900152025000.zip,EDPE015_25_COMPLETO.pdf; RelacaoItens92676905900152025000.pdf,https://pncp.gov.br/pncp-api/v1/orgaos/78640489000153/compras/2025/606/arquivos/1,Ativo,"Carne Bovina In Natura (R$ 423.329,40); Carne Bovina In Natura (R$ 99.351,00)"
78640489000153-1-000682/2024,78640489000153-1-000682-2024.md,UNIVERSIDADE ESTADUAL DE LONDRINA,Edital nº 90183/2024,"Contratação para o fornecimento parcelado de produtos Hortifrutigranjeiros, para atender o Restaurante Universitário –RU-UEL e Hospital Universitário de Londrina - com base na Tabela CEASA-Londrina.",92676905901832024000.zip,EDPE183-24_COMPLETO.pdf; RelacaoItens92676905901832024000.pdf,https://pncp.gov.br/pncp-api/v1/orgaos/78640489000153/compras/2024/682/arquivos/1,Ativo,"Legume In Natura (R$ 600.000,00); Legume In Natura (R$ 309.394,00)"
78640489000153-1-000692/2024,78640489000153-1-000692-2024.md,UNIVERSIDADE ESTADUAL DE LONDRINA,Edital nº 1971/2024,"FORNECIMENTO PARCELADO DE PRODUTOS HORTIFRUTIGRANJEIROS, PARA ATENDER O RESTAURANTE UNIVERSITÁRIO-UEL E HOSPITAL UNIVERSITÁRIO DE LONDRINA - COM BASE NA TABELA CEASA-LONDRINA.",EDPE183-24COMPLETO.pdf,,https://pncp.gov.br/pncp-api/v1/orgaos/78640489000153/compras/2024/692/arquivos/1,Ativo,"(L1) 8905.39650-Hortifrutigranjeiros, com base nos Preços de Mercado, CARACTERÍSTICAS ADICIONAIS: Demais informações de acordo com Termo de Referência e/ou Descritivo Técnico do Processo, UNID. DE MEDIDA: Unitário (R$ 600.000,00); (L2) 8905.39650-Hortifrutigranjeiros, com base nos Preços de Mercado, CARACTERÍSTICAS ADICIONAIS: Demais informações de acordo com Termo de Referência e/ou Descritivo Técnico do Processo, UNID. DE MEDIDA: Unitário (R$ 309.394,00)"
78640489000153-1-000697/2025,78640489000153-1-000697-2025.md,UNIVERSIDADE ESTADUAL DE LONDRINA,Ato que autoriza a Contratação Direta nº 35086/2025,"AQUISIÇÃO DE ADITIVO LIQUIDO, DETERGENTE LIQUIDO E DETERGENTE SANITÁRIO, ENTRE OUTROS, PARA ATENDER O RESTAURANTE UNIVERSITÁRIO UEL E HOSPITAL UNIVERSITÁRIO DE LONDRINA",tr_dl_455_2024.pdf,,https://pncp.gov.br/pncp-api/v1/orgaos/78640489000153/compras/2025/697/arquivos/1,Ativo,"7902.8280-Detergente, USO: Industrial, Específico para lavagem mecânica de louça em máquinas profissionais, Alcalino, Forma Física: Líquido, COMPOSIÇÃO: Hidróxido de Sódio, Água e Sequestrante, Dosado eletronicamente por dosadores em regime de comodato, Apresentando as seguintes características Físico Química: Dosagem: 0,25% mínima e 0,50% máxima (2,5ml/L a 5ml/L de àgua), pH à 1%: mínimo 11, Densidade (25°C): 1,1900  1,2900, Alcalinidade: mínimo de 5,2N, UNID. DE MEDIDA: Litro (R$ 718,80); 7902.75934-Secante abrilhantador, USO: Para lavagem mecânica de louças, PRINCÍPIO ATIVO: Polímero de óxido de propileno e etileno, COMPOSIÇÃO: Ativo, atenuador de espuma, sequestrante, corante, veículo e conservante, CARACTERÍSTICAS ADICIONAIS: Dosado eletronicamente por dosadores em Regime de comodato com injeção automática no enxague final a uma temperatura entre 80ºC e 90ºC, EMBALAGEM: Frasco de 5 litros, UNID. DE MEDIDA: Unitário (R$ 1.936,10)"
78640489000153-1-000726/2025,78640489000153-1-000726-2025.md,UNIVERSIDADE ESTADUAL DE LONDRINA,Edital nº 90009/2025,"Fornecimento parcelado de luvas diversas (cirúrgicas, procedimentos, entre outras), para atender o COU-UEL, Campus-UEL, Restaurante Universitário, Hospital Veterinário e Hospital Universitário de Londrina.",92676905900092025000.zip,EDPE009_25_COMPLETO.pdf; RelacaoItens92676905900092025000.pdf,https://pncp.gov.br/pncp-api/v1/orgaos/78640489000153/compras/2025/726/arquivos/1,Ativo,"Luva cirúrgica (R$ 55.017,50); Luva Cirúrgica (R$ 20.320,00)"
78640489000153-1-000731/2025,78640489000153-1-000731-2025.md,UNIVERSIDADE ESTADUAL DE LONDRINA,Edital nº 1384/2025,"Fornecimento parcelado de luvas diversas ,cirúrgicas, procedimentos, entre outras,, para atender o COU-UEL, Campus-UEL, Restaurante Universitário, Hospital Veterinário e Hospital Universitário de Londrina",EDPE00925COMPLETO.pdf,,https://pncp.gov.br/pncp-api/v1/orgaos/78640489000153/compras/2025/731/arquivos/1,Ativo,"(L1) 6510.75954-Luva, TIPO: Sintética, USO: Para procedimento cirúrgico. TAMANHO: 6,5, APRESENTAÇÃO: Isenta de látex, sem pó, hipoalergêncica, estéril, anatômica, textura antiderrapante, antialérgica, com punho e bainha, embalada em par, tanto a embalagem individual quanto a secundária devem conter na sua parte externa impressos em língua portuguesa as seguintes informações: identificação, tamanho, procedência, data de fabricação, tipo de esterilização, validade, lote, registro na ANVISA, deve apresentar Certificado de Aprovação (CA) para proteção das mãos do usuário contra agentes biológicos, ESPESSURA: Mínima de 0,12mm Embalagem: em par, em papel esterilizável, UNID. DE MEDIDA: Par (R$ 55.017,50); (L1) 6510.75955-Luva, TIPO: Sintética, USO: Para procedimento cirúrgico. TAMANHO: 7,0, APRESENTAÇÃO: Isenta de látex, sem pó, hipoalergêncica, estéril, anatômica, textura antiderrapante, antialérgica, com punho e bainha, embalada em par, tanto a embalagem individual quanto a secundária devem conter na sua parte externa impressos em língua portuguesa as seguintes informações: identificação, tamanho, procedência, data de fabricação, tipo de esterilização, validade, lote, registro na ANVISA, deve apresentar Certificado de Aprovação (CA) para proteção das mãos do usuário contra agentes biológicos, ESPESSURA: Mínima de 0,12mm Embalagem: em par, em papel esterilizável, UNID. DE MEDIDA: Par (R$ 20.320,00)"
78640489000153-1-000737/2024,78640489000153-1-000737-2024.md,UNIVERSIDADE ESTADUAL DE LONDRINA,Edital nº 2004/2024,"FORNECIMENTO PARCELADO DE MATERIAIS PARA COPA E COZINHA DIVERSOS -COPOS, PRATOS DESCARTÁVEIS, ESPONJA DUPLA FACE, GARRAFA TÉRMICA, FÓSFORO, ENTRE OUTROS-, PARA ATENDER O CAMPUS-UEL, FAZENDA ESCOLA-UEL, RESTAURANTE UNIVERSITÁRIO-UEL , HOSPITAL VETERINÁRIO-UEL E HOSPITAL UNIVERSITÁRIO DE LONDRINA.",EDPE155-24COMPLETO.pdf,,https://pncp.gov.br/pncp-api/v1/orgaos/78640489000153/compras/2024/737/arquivos/1,Ativo,"(L1) 7303.81651-Bandeja plástica, TIPO: Retangular, sem tampa, COR: Branca, DIMENSÃO APROXIMADA: Comprimento: 30cm, Largura: 25cm, Altura: 6,5cm, CARACTERÍSTICAS ADICIONAIS: Demais informações de acordo com Termo de Referência e/ou Descritivo Técnico do Processo, UNID. DE MEDIDA: Unitário (R$ 5.220,00); (L2) 7303.3397-Caneca, MATERIAL: Polipropileno atóxico vigem de 1º uso, DIMENSÃO: Altura Mínima 80mm, DIÂMETRO: Mínimo 80mm, ESPESSURA: Mínima 3mm, CARACTERÍSTICAS ADICIONAIS: Sem aba, lisa nas partes interna e externa, resistente a temperatura de no mínimo 100 graus celsius por no mínimo 20 minutos, UNID. DE MEDIDA: Unitário (R$ 99.562,50)"
78640489000153-1-000742/2024,78640489000153-1-000742-2024.md,UNIVERSIDADE ESTADUAL DE LONDRINA,Edital nº 90155/2024,"Contratação para o fornecimento parcelado de materiais para copa e cozinha diversos, (copos, pratos descartáveis, esponja dupla face, garrafa térmica, fósforo, entre outros), para atender o Campus – UEL, Fazenda Escola – UEL, Restaurante Universitário – UEL, Hospital Veterinário e Hospital Universitário de Londrina.",92676905901552024000.zip,EDPE155-24_COMPLETO.pdf; RelacaoItens92676905901552024000.pdf,https://pncp.gov.br/pncp-api/v1/orgaos/78640489000153/compras/2024/742/arquivos/1,Ativo,"Bandeja Laboratório (R$ 5.220,00); Caneca De Plástico (R$ 99.562,50)"
78640489000153-1-000751/2025,78640489000153-1-000751-2025.md,UNIVERSIDADE ESTADUAL DE LONDRINA,Edital nº 1394/2025,"FORNECIMENTO PARCELADO DE MATERIAIS PARA LIMPEZA EM GERAL BANDEJA PLÁSTICA DE POLIETILENO DE ALTA DENSIDADE PEAD, SACO PLÁSTICO, FOLHA DE ALUMINIO, GUARDANAPO DE PAPEL DE SEDA , ENTRE OUTROS, PARA ATENDER O CAMPUS-UEL, RESTAURANTE UNIVERSITÁRIO-UEL, HOSPITAL VETERINÁRIO-UEL, MORADIA ESTUDANTIL-UEL E HOSPITAL UNIVERSITÁRIO DE LONDRINA.",EDPE290-24COMPLETO.pdf,,https://pncp.gov.br/pncp-api/v1/orgaos/78640489000153/compras/2025/751/arquivos/1,Ativo,"(L1) 7303.73719-Bandeja, MATERIAL: Plástico, DIMENSÃO APROXIMADA: Comprimento: 60cm, Largura: 40cm, Altura: 10cm, CARACTERÍSTICAS ADICIONAIS: Sem tampa, UNID. DE MEDIDA: Unitário (R$ 2.800,00); (L2) 7909.82231-Cabo para rodo, MATERIAL: Alumínio, DIMENSÃO APROXIMADA: Comprimento: 140cm, DIÂMETRO: 2,30cm, CARACTERÍSTICAS ADICIONAIS: Com rosca, UNID. DE MEDIDA: Unitário (R$ 1.567,50)"
78640489000153-1-000856/2024,78640489000153-1-000856-2024.md,UNIVERSIDADE ESTADUAL DE LONDRINA,Aviso de Contratação Direta nº 90369/2024,"Aquisição de biscoito, macarrão, margarina para atender o Restaurante Universitário - UEL e Hospital universitário de Londrina.",AVISO.DIS.ELE.CT.369.2024.pdf,,https://pncp.gov.br/pncp-api/v1/orgaos/78640489000153/compras/2024/856/arquivos/1,Ativo,"Biscoito (R$ 0,00); Farinha De Rosca (R$ 0,00)"
78640489000153-1-000860/2024,78640489000153-1-000860-2024.md,UNIVERSIDADE ESTADUAL DE LONDRINA,Ato que autoriza a Contratação Direta nº 52967/2024,"AQUISIÇÃO DE QUEIJO MUSSARELA, APRESUNTADO, FILE DE PEITO E SOBRECOXA DE FRANGO, CARNE SUÍNA, FILE DE PEIXE E CARNE BOVINA PARA ATENDER O RESTAURANTE UNIVERSITÁRIO-UEL E HOSPITAL UNIVERSITÁRIO DE LONDRINA.",tr_dl_238_2024.pdf,,https://pncp.gov.br/pncp-api/v1/orgaos/78640489000153/compras/2024/860/arquivos/1,Ativo,"8901.2048-Carne, TIPO: Bovina, CORTE: Coxão mole, peça, ASPECTO: In natura, CONSERVAÇÃO: Resfriada, APRESENTAÇÃO: Consistência firme, sem osso, cor vermelho brilhante, odor e sabor característicos, com no máximo 10% de sebo e gordura, CARACTERÍSTICAS ADICIONAIS: Isenta de sujidades e quaisquer outros materiais estranhos que comprometam a sua qualidade, EMBALAGEM: Saco plástico atóxico, PESO LÍQUIDO: Kg, UNID. DE MEDIDA: Unitário (R$ 27.300,00); 8901.2029-Carne, TIPO: Bovina, CORTE: Patinho, peça, ASPECTO: In natura, CONSERVAÇÃO: Resfriada, APRESENTAÇÃO: Consistência firme e compacta, sem osso, cor vermelho brilhante, cheiro e sabor característicos, com no máximo 10% de sebo e gordura, CARACTERÍSTICAS ADICIONAIS: Isenta de sujidades e quaisquer materiais estranhos que comprometam a sua qualidade, EMBALAGEM: Saco plástico atóxico, PESO LÍQUIDO: Kg, UNID. DE MEDIDA: Unitário (R$ 89.481,60)"
78640489000153-1-000861/2024,78640489000153-1-000861-2024.md,UNIVERSIDADE ESTADUAL DE LONDRINA,Ato que autoriza a Contratação Direta nº 52966/2024,"AQUISIÇÃO DE QUEIJO MUSSARELA, APRESUNTADO, FILE DE PEITO E SOBRECOXA DE FRANGO, CARNE SUÍNA, FILE DE PEIXE E CARNE BOVINA PARA ATENDER O RESTAURANTE UNIVERSITÁRIO-UEL E HOSPITAL UNIVERSITÁRIO DE LONDRINA.",tr_dl_238_2024.pdf,,https://pncp.gov.br/pncp-api/v1/orgaos/78640489000153/compras/2024/861/arquivos/1,Ativo,"8906.83131-Queijo, TIPO: Mussarela, APRESENTAÇÃO: Peça, CONSISTÊNCIA: Semi dura, TEXTURA: Compacta, EMBALAGEM: Acondicionado em embalagem plástica própria, com registro de inspeção sanitária, dados do fabricante, informação nutricional, especificação do produto, data de validade estampados, CARACTERÍSTICAS ADICIONAIS: Demais informações de acordo com Termo de Referência e/ou Descritivo Técnico do Processo, UNID. DE MEDIDA: Quilograma (R$ 21.000,00)"
78640489000153-1-000862/2024,78640489000153-1-000862-2024.md,UNIVERSIDADE ESTADUAL DE LONDRINA,Ato que autoriza a Contratação Direta nº 52965/2024,"AQUISIÇÃO DE QUEIJO MUSSARELA, APRESUNTADO, FILE DE PEITO E SOBRECOXA DE FRANGO, CARNE SUÍNA, FILE DE PEIXE E CARNE BOVINA PARA ATENDER O RESTAURANTE UNIVERSITÁRIO-UEL E HOSPITAL UNIVERSITÁRIO DE LONDRINA.",tr_dl_238_2024.pdf,,https://pncp.gov.br/pncp-api/v1/orgaos/78640489000153/compras/2024/862/arquivos/1,Ativo,"8904.21105-Peixe, TIPO: Merluza, APRESENTAÇÃO: Filé, interfolhado, ASPECTO: In natura, CARACTERÍSTICAS ADICIONAIS: Isento de sujidades e quaisquer materiais estranhos que comprometam a sua qualidade, EMBALAGEM: Saco plástico transparente atóxico, UNID. DE MEDIDA: Quilograma (R$ 46.080,00); 8902.2040-Carne, TIPO: Suína, CORTE: Bisteca, fatiada, ASPECTO: In natura, CONSERVAÇÃO: Resfriada, APRESENTAÇÃO: Consistência sendo firme e compacta, com osso, sem gordura, com cor, sabor e odor característicos, CARACTERÍSTICAS ADICIONAIS: Isenta de sujidades e quaisquer materiais estranhos que possam comprometer a sua qualidade, EMBALAGEM: Saco plástico atóxico, PESO LÍQUIDO: Kg, UNID. DE MEDIDA: Unitário (R$ 32.725,00)"
78640489000153-1-000863/2024,78640489000153-1-000863-2024.md,UNIVERSIDADE ESTADUAL DE LONDRINA,Ato que autoriza a Contratação Direta nº 52964/2024,"AQUISIÇÃO DE QUEIJO MUSSARELA, APRESUNTADO, FILE DE PEITO E SOBRECOXA DE FRANGO, CARNE SUÍNA, FILE DE PEIXE E CARNE BOVINA PARA ATENDER O RESTAURANTE UNIVERSITÁRIO-UEL E HOSPITAL UNIVERSITÁRIO DE LONDRINA.",tr_dl_238_2024.pdf,,https://pncp.gov.br/pncp-api/v1/orgaos/78640489000153/compras/2024/863/arquivos/1,Ativo,"8903.22928-Frango, CORTE: Peito em filé, ASPECTO: In natura, CONSERVAÇÃO: Resfriado, APRESENTAÇÃO: Consistência firme, compacta, sem osso, com cor, cheiro e sabor próprios, CARACTERÍSTICAS ADICIONAIS: Isento de sujidades e quaisquer materiais estranhos que comprometam a sua qualidade, EMBALAGEM: Saco plástico atóxico, UNID. DE MEDIDA: Quilograma (R$ 92.950,00); 8902.86792-Apresuntado, APRESENTAÇÃO: Cozido e maturado, ASPECTO: Em peças, CONSERVAÇÃO: Resfriado, TEXTURA: Característica, COR: Característica, SABOR: Característico, ODOR: Característico, INGREDIENTES: Carne suína, sal, açúcar, conservadores e demais substâncias permitidas, CARACTERÍSTICAS ADICIONAIS: Isento de sujidades, quaisquer materiais estranhos que comprometam a sua qualidade e não conter glúten, EMBALAGEM: Envoltório plástico, UNID. DE MEDIDA: Quilograma (R$ 7.413,12)"
78640489000153-1-000864/2024,78640489000153-1-000864-2024.md,UNIVERSIDADE ESTADUAL DE LONDRINA,Ato que autoriza a Contratação Direta nº 52969/2024,"AQUISIÇÃO DE QUEIJO MUSSARELA, APRESUNTADO, FILE DE PEITO E SOBRECOXA DE FRANGO, CARNE SUÍNA, FILE DE PEIXE E CARNE BOVINA PARA ATENDER O RESTAURANTE UNIVERSITÁRIO-UEL E HOSPITAL UNIVERSITÁRIO DE LONDRINA.",tr_dl_238_2024.pdf,,https://pncp.gov.br/pncp-api/v1/orgaos/78640489000153/compras/2024/864/arquivos/1,Ativo,"8901.30782-Carne, TIPO: Bovina, CORTE: Paleta / Acém, em cubos, ASPECTO: In natura, CONSERVAÇÃO: Resfriada, APRESENTAÇÃO: Consistência firme, cor vermelho brilhante, cheiro e sabor característicos, com no máximo 10% de sebo e gordura, CARACTERÍSTICAS ADICIONAIS: Isenta de sujidades e quaisquer materiais estranhos que comprometam a sua qualidade, EMBALAGEM: Saco plástico atóxico, PESO LÍQUIDO: Kg, UNID. DE MEDIDA: Quilograma (R$ 21.829,50)"
78640489000153-1-000865/2024,78640489000153-1-000865-2024.md,UNIVERSIDADE ESTADUAL DE LONDRINA,Ato que autoriza a Contratação Direta nº 52968/2024,"AQUISIÇÃO DE QUEIJO MUSSARELA, APRESUNTADO, FILE DE PEITO E SOBRECOXA DE FRANGO, CARNE SUÍNA, FILE DE PEIXE E CARNE BOVINA PARA ATENDER O RESTAURANTE UNIVERSITÁRIO-UEL E HOSPITAL UNIVERSITÁRIO DE LONDRINA.",tr_dl_238_2024.pdf,,https://pncp.gov.br/pncp-api/v1/orgaos/78640489000153/compras/2024/865/arquivos/1,Ativo,"8901.2018-Carne, TIPO: Bovina, CORTE: Alcatra, peça, ASPECTO: In natura, CONSERVAÇÃO: Resfriada, APRESENTAÇÃO: Consistência firme e compacta, sem osso, cor vermelho brilhante, cheiro e sabor característicos, com no máximo 10% de sebo e gordura, CARACTERÍSTICAS ADICIONAIS: Isenta de sujidades e quaisquer materiais estranhos que comprometam a sua qualidade, EMBALAGEM: Saco plástico atóxico, PESO LÍQUIDO: Kg, UNID. DE MEDIDA: Unitário (R$ 27.378,00)"
78640489000153-1-000866/2024,78640489000153-1-000866-2024.md,UNIVERSIDADE ESTADUAL DE LONDRINA,Ato que autoriza a Contratação Direta nº 53088/2024,"AQUISIÇÃO DE MATERIAIS DE COPA E COZINHA DIVERSOS PARA ATENDER O CAMPUS-UEL, RESTAURANTE UNIVERSITÁRIO-UEL E HOSPITAL UNIVERSITÁRIO DE LONDRINA.",tr_dl_269_2024.pdf,,https://pncp.gov.br/pncp-api/v1/orgaos/78640489000153/compras/2024/866/arquivos/1,Ativo,"8504.13859-Guardanapo de papel, TIPO: Folha simples, COMPOSIÇÃO: Papel de fibra 100% celulósica virgem, DIMENSÃO: Largura: 33cm, Comprimento: 33cm (variação de +/- 10%), COR: Branco, EMBALAGEM: Pacote plástico com 50 unidades, UNID. DE MEDIDA: Unitário (R$ 302,40)"
78640489000153-1-000867/2024,78640489000153-1-000867-2024.md,UNIVERSIDADE ESTADUAL DE LONDRINA,Ato que autoriza a Contratação Direta nº 53086/2024,"AQUISIÇÃO DE MATERIAIS DE COPA E COZINHA DIVERSOS PARA ATENDER O CAMPUS-UEL, RESTAURANTE UNIVERSITÁRIO-UEL E HOSPITAL UNIVERSITÁRIO DE LONDRINA.",tr_dl_269_2024.pdf,,https://pncp.gov.br/pncp-api/v1/orgaos/78640489000153/compras/2024/867/arquivos/1,Ativo,"6523.49845-Shampoo, TIPO: Neutro, USO: Para banho infantil, APRESENTAÇÃO: Suave e delicado para os olhos, livre de sabão, hipoalergênico e sem parabenos, testado por dermatologistas, EMBALAGEM: Frasco com 200ml, UNID. DE MEDIDA: Unitário (R$ 11.692,00); 8503.79196-Condicionador para cabelos, USO: Infantil, EMBALAGEM: Frasco com, no mínimo, 200ml, CARACTERÍSTICAS ADICIONAIS: Antialérgico, perfume suave, UNID. DE MEDIDA: Unitário (R$ 6.970,00)"
78640489000153-1-000868/2024,78640489000153-1-000868-2024.md,UNIVERSIDADE ESTADUAL DE LONDRINA,Ato que autoriza a Contratação Direta nº 53085/2024,"AQUISIÇÃO DE MATERIAIS DE COPA E COZINHA DIVERSOS PARA ATENDER O CAMPUS-UEL, RESTAURANTE UNIVERSITÁRIO-UEL E HOSPITAL UNIVERSITÁRIO DE LONDRINA.",tr_dl_269_2024.pdf,,https://pncp.gov.br/pncp-api/v1/orgaos/78640489000153/compras/2024/868/arquivos/1,Ativo,"7303.75814-Copo isotérmico, TIPO: Descartável, MATERIAL: Isopor, CAPACIDADE: 180ml, EMBALAGEM: Pacote com 25 unidades, UNID. DE MEDIDA: Unitário (R$ 3.825,00)"
78640489000153-1-000869/2024,78640489000153-1-000869-2024.md,UNIVERSIDADE ESTADUAL DE LONDRINA,Ato que autoriza a Contratação Direta nº 53084/2024,"AQUISIÇÃO DE MATERIAIS DE COPA E COZINHA DIVERSOS PARA ATENDER O CAMPUS-UEL, RESTAURANTE UNIVERSITÁRIO-UEL E HOSPITAL UNIVERSITÁRIO DE LONDRINA.",tr_dl_269_2024.pdf,,https://pncp.gov.br/pncp-api/v1/orgaos/78640489000153/compras/2024/869/arquivos/1,Ativo,"8107.75812-Embalagem, TIPO: Marmitex, FORMATO: Redondo, MATERIAL: Isopor térmico, DIÂMETRO APROXIMADO: 14cm, CAPACIDADE: 500ml, CARACTERÍSTICAS ADICIONAIS: Com tampa, UNID. DE MEDIDA: Unitário (R$ 7.650,00)"
78640489000153-1-000870/2024,78640489000153-1-000870-2024.md,UNIVERSIDADE ESTADUAL DE LONDRINA,Ato que autoriza a Contratação Direta nº 53082/2024,"AQUISIÇÃO DE MATERIAIS DE COPA E COZINHA DIVERSOS PARA ATENDER O CAMPUS-UEL, RESTAURANTE UNIVERSITÁRIO-UEL E HOSPITAL UNIVERSITÁRIO DE LONDRINA.",tr_dl_269_2024.pdf,,https://pncp.gov.br/pncp-api/v1/orgaos/78640489000153/compras/2024/870/arquivos/1,Ativo,"8504.13859-Guardanapo de papel, TIPO: Folha simples, COMPOSIÇÃO: Papel de fibra 100% celulósica virgem, DIMENSÃO: Largura: 33cm, Comprimento: 33cm (variação de +/- 10%), COR: Branco, EMBALAGEM: Pacote plástico com 50 unidades, UNID. DE MEDIDA: Unitário (R$ 245,70)"
78640489000153-1-000871/2024,78640489000153-1-000871-2024.md,UNIVERSIDADE ESTADUAL DE LONDRINA,Ato que autoriza a Contratação Direta nº 53078/2024,"AQUISIÇÃO DE MATERIAIS DE COPA E COZINHA DIVERSOS PARA ATENDER O CAMPUS-UEL, RESTAURANTE UNIVERSITÁRIO-UEL E HOSPITAL UNIVERSITÁRIO DE LONDRINA.",tr_dl_269_2024.pdf,,https://pncp.gov.br/pncp-api/v1/orgaos/78640489000153/compras/2024/871/arquivos/1,Ativo,"7910.49110-Pano, USO: Limpeza geral, Multiuso, MATERIAL: 50% fibras de viscose e 50% de poliéster, COR: Verde, MEDIDA: 50X30cm, EMBALAGEM: Rolo com 300 metros, contendo 600 panos, UNID. DE MEDIDA: Unitário (R$ 3.999,60)"
78640489000153-1-000880/2024,78640489000153-1-000880-2024.md,UNIVERSIDADE ESTADUAL DE LONDRINA,Ato que autoriza a Contratação Direta nº 53089/2024,"AQUISIÇÃO DE MATERIAIS DE COPA E COZINHA DIVERSOS PARA ATENDER O CAMPUS-UEL, RESTAURANTE UNIVERSITÁRIO-UEL E HOSPITAL UNIVERSITÁRIO DE LONDRINA.",tr_dl_269_2024.pdf,,https://pncp.gov.br/pncp-api/v1/orgaos/78640489000153/compras/2024/880/arquivos/1,Ativo,"7910.49110-Pano, USO: Limpeza geral, Multiuso, MATERIAL: 50% fibras de viscose e 50% de poliéster, COR: Verde, MEDIDA: 50X30cm, EMBALAGEM: Rolo com 300 metros, contendo 600 panos, UNID. DE MEDIDA: Unitário (R$ 22.997,70)"
78640489000153-1-001001/2024,78640489000153-1-001001-2024.md,UNIVERSIDADE ESTADUAL DE LONDRINA,Ato que autoriza a Contratação Direta nº 55577/2024,"AQUISIÇÃO DE BISCOITO, MACARRÃO, MARGARINA PARA ATENDER O RESTAURANTE UNIVERSITARIO-UEL E HOSPITAL UNIVERSITÁRIO DE LONDRINA.",tr_dl_369_2024.pdf,,https://pncp.gov.br/pncp-api/v1/orgaos/78640489000153/compras/2024/1001/arquivos/1,Ativo,"8909.89300-Farinha de Rosca, INGREDIENTES: Pão Torrado e Moído, Isenta de sujidades e quaisquer materiais estranhos que comprometam a sua qualidade, CARACTERÍSTICAS ADICIONAIS: Demais informações de acordo com Termo de Referência e/ou Descritivo Técnico do Processo, EMBALAGEM: Saco Plástico Atóxico de 5 kg, UNID. DE MEDIDA: Unitário (R$ 13.837,50)"
78640489000153-1-001002/2024,78640489000153-1-001002-2024.md,UNIVERSIDADE ESTADUAL DE LONDRINA,Ato que autoriza a Contratação Direta nº 55396/2024,"AQUISIÇÃO DE BISCOITO, MACARRÃO, MARGARINA PARA ATENDER O RESTAURANTE UNIVERSITARIO-UEL E HOSPITAL UNIVERSITÁRIO DE LONDRINA.",tr_dl_369_2024.pdf,,https://pncp.gov.br/pncp-api/v1/orgaos/78640489000153/compras/2024/1002/arquivos/1,Ativo,"8906.1373-Margarina, TIPO: Sem sal, COMPOSIÇÃO: Óleos vegetais interesterificados e/ou hidrogenados, água, leite em pó desnatado, emulsificantes mono e diglicerídeos de ácidos graxos, conservador sorbato de potássio, acidulante ácido cítrico, ASPECTO: Emulsão plástica homogênea, CONSERVAÇÃO: Refrigerada, CARACTERÍSTICAS ADICIONAIS: Isenta de sujidades, materiais estranhos de qualquer natureza e não conter glúten, EMBALAGEM: Pote plástico com 500g, com tampa e lacre de vedação, UNID. DE MEDIDA: Unitário (R$ 464,50)"
78640489000153-1-001003/2024,78640489000153-1-001003-2024.md,UNIVERSIDADE ESTADUAL DE LONDRINA,Ato que autoriza a Contratação Direta nº 55394/2024,"AQUISIÇÃO DE BISCOITO, MACARRÃO, MARGARINA PARA ATENDER O RESTAURANTE UNIVERSITARIO-UEL E HOSPITAL UNIVERSITÁRIO DE LONDRINA.",tr_dl_369_2024.pdf,,https://pncp.gov.br/pncp-api/v1/orgaos/78640489000153/compras/2024/1003/arquivos/1,Ativo,"8915.7056-Biscoito, TIPO: Água e sal, CLASSIFICAÇÃO: Salgada, FORMATO: Quadrado, ASPECTO: Massa torrada, INGREDIENTES: Farinha de trigo enriquecida com ferro e ácido fólico (vitamina B9), gordura vegetal, açúcar, sal, açúcar invertido, amido, extrato de malte, fermento químico bicarbonato de sódio e estabilizante lecitina de soja, CARACTERÍSTICAS ADICIONAIS: Sem recheio, ausência de biscoitos queimados e quebradiços, Isento de sujidades e substâncias estranhas a sua natureza, EMBALAGEM: Pacote plástico, PESO LÍQUIDO: 400g, UNID. DE MEDIDA: Unitário (R$ 5.995,12); 8916.45993-Macarrão de Sêmola, TIPO: Padre Nosso, APRESENTAÇÃO: Obtido a partir de farinha de trigo (gênero Triticum) ou sêmola/semolina de trigo enriquecida com ferro ácido fólico, Deve apresentar-se no formato de cânula pequena, CARACTERÍSTICAS ADICIONAIS: Pode conter outros componentes alimentícios permitidos na legislação (desde que declarados e que não descaracterizem o produto), Não pode conter corantes, aromatizantes e conservantes artificiais, EMBALAGEM: Pacote plástico de polietileno (PP) ou filme laminado de polipropileno biorientado + polipropileno (BOPP + PP), atóxico, resistente, transparente, termosoldado, UNID. DE MEDIDA: Quilograma (R$ 628,86)"
78640489000153-1-001151/2024,78640489000153-1-001151-2024.md,UNIVERSIDADE ESTADUAL DE LONDRINA,Edital nº 2249/2024,"FORNECIMENTO PARCELADO DE UTENSÍLIOS DE COZINHA CAÇAROLA EM ALUMÍNIO REFORÇADO, CANECÃO EM ALUMÍNIO, ESCUMADEIRA, ENTRE OUTROS, PARA ATENDER O RESTAURANTE UNIVERSITÁRIO-UEL E HOSPITAL UNIVERSITÁRIO DE LONDRINA.",EDPE289-24COMPLETO.pdf,,https://pncp.gov.br/pncp-api/v1/orgaos/78640489000153/compras/2024/1151/arquivos/1,Ativo,"(L1) 7303.81703-Caneca, TIPO: Fervedor, MATERIAL: Alumínio, CAPACIDADE: 3,5 litros, CARACTERÍSTICAS ADICIONAIS: Demais informações de acordo com Termo de Referência e/ou Descritivo Técnico do Processo, UNID. DE MEDIDA: Unitário (R$ 1.056,00); (L2) 7303.81705-Caneca, TIPO: Fervedor, MATERIAL: Alumínio, CAPACIDADE: 6,5 litros, CARACTERÍSTICAS ADICIONAIS: Demais informações de acordo com Termo de Referência e/ou Descritivo Técnico do Processo, UNID. DE MEDIDA: Unitário (R$ 1.009,92)"
78640489000153-1-001161/2024,78640489000153-1-001161-2024.md,UNIVERSIDADE ESTADUAL DE LONDRINA,Edital nº 90289/2024,"Contratação para fornecimento parcelado de utensílios de cozinha (caçarola em alumínio reforçado, canecão em alumínio, escumadeira, entre outros), para atender o Restaurante Universitário – UEL e Hospital Universitário de Londrina.",92676905902892024000.zip,EDPE289-24_COMPLETO.pdf; RelacaoItens92676905902892024000.pdf,https://pncp.gov.br/pncp-api/v1/orgaos/78640489000153/compras/2024/1161/arquivos/1,Ativo,"Caneco De Metal (R$ 1.056,00); Caneca (R$ 1.009,92)"
78640489000153-1-001162/2024,78640489000153-1-001162-2024.md,UNIVERSIDADE ESTADUAL DE LONDRINA,Edital nº 90291/2024,"Contratação para o fornecimento parcelado de álcool etílico gel, detergente líquido para uso em máquina de lavar louça, aditivo líquido para secagem de louças, alvejante químico em pó, entre outros, para atender o Campus – UEL, Restaurante Universitário – UEL, Hospital Veterinário – UEL e Hospital Universitário de Londrina.",92676905902912024000.zip,EDPE291-24_COMPLETO.pdf; RelacaoItens92676905902912024000.pdf,https://pncp.gov.br/pncp-api/v1/orgaos/78640489000153/compras/2024/1162/arquivos/1,Ativo,"Secante (R$ 20.460,00); Detergente (R$ 15.151,50)"
78640489000153-1-001173/2024,78640489000153-1-001173-2024.md,UNIVERSIDADE ESTADUAL DE LONDRINA,Edital nº 90187/2024,"Contratação para o fornecimento parcelado de produtos de limpeza em geral (detergente químico em pó, sabão em pó, rodo com cabo de alumínio, entre outros), para atender o CAMPUS – UEL, COU-UEL, PCU-UEL, Restaurante Universitário – UEL, Hospital Veterinário e Hospital Universitário de Londrina.",92676905901872024000.zip,EDPE187-24_COMPLETO.pdf; RelacaoItens92676905901872024000.pdf,https://pncp.gov.br/pncp-api/v1/orgaos/78640489000153/compras/2024/1173/arquivos/1,Ativo,"Água Sanitária (R$ 30.500,00); Álcool Etílico Limpeza De Ambientes (R$ 21.390,00)"
78640489000153-1-001212/2024,78640489000153-1-001212-2024.md,UNIVERSIDADE ESTADUAL DE LONDRINA,Edital nº 90413/2024,"Contratação para o fornecimento parcelado de gêneros alimentícios diversos: a) fórmula infantil de segmento; b) óleo de soja vegetal e c) pó para sobremesa tipo sorvete de diversos sabores, para o Hospital Universitário – HU-UEL e Restaurante Universitário – RU-UEL da Universidade Estadual de Londrina, pelo período de 12 (doze) meses.",92676905904132024000.zip,EDPE413-24_COMPLETO.pdf; RelacaoItens92676905904132024000.pdf,https://pncp.gov.br/pncp-api/v1/orgaos/78640489000153/compras/2024/1212/arquivos/1,Ativo,"Dieta Infantil (R$ 20.995,00); Sorvete (R$ 702,40)"
78640489000153-1-001213/2024,78640489000153-1-001213-2024.md,UNIVERSIDADE ESTADUAL DE LONDRINA,Edital nº 90409/2024,"Contratação para o fornecimento parcelado de alho fresco descascado, para atender o Restaurante Universitário – UEL e Hospital Universitário de Londrina.",92676905904092024000.zip,EDPE409-24_COMPLETO.pdf; RelacaoItens92676905904092024000.pdf,https://pncp.gov.br/pncp-api/v1/orgaos/78640489000153/compras/2024/1213/arquivos/1,Ativo,"Condimento (R$ 76.930,76); Condimento (R$ 25.623,08)"
78640489000153-1-001315/2024,78640489000153-1-001315-2024.md,UNIVERSIDADE ESTADUAL DE LONDRINA,Edital nº 90411/2024,"Fornecimento parcelado de mortadela tipo Bolonha e bacon fatiado, para atender o Restaurante Universitário – UEL e Hospital Universitário de Londrina.",92676905904112024000.zip,EDPE411-24_COMPLETO.pdf; RelacaoItens92676905904112024000.pdf,https://pncp.gov.br/pncp-api/v1/orgaos/78640489000153/compras/2024/1315/arquivos/1,Ativo,"""Bacon Defumado"" (R$ 15.568,15); Frios (R$ 19.926,00)"
78640489000153-1-001325/2024,78640489000153-1-001325-2024.md,UNIVERSIDADE ESTADUAL DE LONDRINA,Edital nº 90290/2024,"Contratação para o fornecimento parcelado de materiais para limpeza em geral (bandeja plástica de polietileno de alta densidade (PEAD), saco plástico, folha de alumínio, guardanapo de papel de seda, entre outros), para atender o Campus – UEL, Restaurante Universitário – UEL, Hospital Veterinário – UEL, Moradia Estudantil – UEL e Hospital Universitário de Londrina.",92676905902902024000.zip,EDPE290-24_COMPLETO.pdf; RelacaoItens92676905902902024000.pdf,https://pncp.gov.br/pncp-api/v1/orgaos/78640489000153/compras/2024/1325/arquivos/1,Ativo,"Bandeja (R$ 2.800,00); Rodo (R$ 1.567,50)"
79151312000156-1-000022/2023,79151312000156-1-000022-2023.md,UNIVERSIDADE ESTADUAL DE MARINGA,Ato que autoriza a Contratação Direta nº 32333/2023,"Aquisição de generos alimenticios arroz, feijao, sal e vinagre, em carater emergencial para atender à demanda do Restaurante Universitário da UEM.",AvisoContratacao.pdf,,https://pncp.gov.br/pncp-api/v1/orgaos/79151312000156/compras/2023/22/arquivos/1,Ativo,"8908.59669-Arroz Branco, APRESENTAÇÃO: GRUPO: Beneficiado e polido, CLASSE: Longo fino, TIPO: 1, CARACTERÍSTICAS ADICIONAIS: Isento de sujidades e quaisquer materiais estranhos que comprometam a sua qualidade, EMBALAGEM: Saco Plástico de 5kg, Demais informações de acordo com Termo de Referência e/ou Descritivo Técnico do Processo, UNID. DE MEDIDA: Unitário (R$ 100.800,00)"
79151312000156-1-000058/2023,79151312000156-1-000058-2023.md,UNIVERSIDADE ESTADUAL DE MARINGA,Edital nº 496/2023,"Aquisição de carnes bovina, suína, de frango e derivados para o Restaurante Universitário - RU.",EDITAL0542023EProtoc20.835.2598.pdf,,https://pncp.gov.br/pncp-api/v1/orgaos/79151312000156/compras/2023/58/arquivos/1,Ativo,"(L1) 8901.30782-Carne, TIPO: Bovina, CORTE: Paleta ou acém, em cubos, ASPECTO: In natura, CONSERVAÇÃO: Resfriada, APRESENTAÇÃO: Consistência firme, cor vermelho brilhante, cheiro e sabor característicos, com no máximo 10% de sebo e gordura, CARACTERÍSTICAS ADICIONAIS: Isenta de sujidades e quaisquer materiais estranhos que comprometam a sua qualidade, EMBALAGEM: Saco plástico, atóxico, PESO LÍQUIDO: Kg, UNID. DE MEDIDA: Quilograma (R$ 267.246,00); (L2) 8901.21104-Carne, TIPO: Bovina, CORTE: Coxão mole, em bife, ASPECTO: In natura, CONSERVAÇÃO: Resfriada, APRESENTAÇÃO: Consistência firme sem osso, cor vermelho brilhante, odor e sabor característicos, com no máximo 10% de sebo e gordura, CARACTERÍSTICAS ADICIONAIS: Isenta de sujidades e quaisquer outros materiais estranhos que comprometam a sua qualidade, EMBALAGEM: Saco plástico, atóxico, UNID. DE MEDIDA: Quilograma (R$ 220.704,75)"
79151312000156-1-000060/2023,79151312000156-1-000060-2023.md,UNIVERSIDADE ESTADUAL DE MARINGA,Edital nº 515/2023,Aquisição de Gêneros Alimentícios para o Restaurante Universitário - RU.,EDITAL0592023EProtoc20.957.8085.pdf,,https://pncp.gov.br/pncp-api/v1/orgaos/79151312000156/compras/2023/60/arquivos/1,Ativo,"(L1) 8908.59669-Arroz Branco, APRESENTAÇÃO: GRUPO: Beneficiado e polido, CLASSE: Longo fino, TIPO: 1, CARACTERÍSTICAS ADICIONAIS: Isento de sujidades e quaisquer materiais estranhos que comprometam a sua qualidade, EMBALAGEM: Saco Plástico de 5kg, Demais informações de acordo com Termo de Referência e/ou Descritivo Técnico do Processo, UNID. DE MEDIDA: Unitário (R$ 171.477,00); (L2) 8908.2353-Feijão, APRESENTAÇÃO: Carioca, GRUPO: I, comum, TIPO: 1, novo, CARACTERÍSTICAS ADICIONAIS: Isento de sujidades e quaisquer materiais estranhos que comprometam a sua qualidade, EMBALAGEM: Pacote plástico, PESO LÍQUIDO: 1kg, UNID. DE MEDIDA: Unitário (R$ 162.202,50)"
79151312000156-1-000108/2023,79151312000156-1-000108-2023.md,UNIVERSIDADE ESTADUAL DE MARINGA,Edital nº 698/2023,Aquisição de equipamentos de cozinha industrial para o restaurante universitário.,EDITAL0762023EProtoc21.196.4626.pdf,,https://pncp.gov.br/pncp-api/v1/orgaos/79151312000156/compras/2023/108/arquivos/1,Ativo,"(L1) 3601.62278-Processador Industrial de Alimentos, MATERIAL: Aço Inoxidável, CARACTERÍSTICAS ADICIONAIS: Demais informações de acordo com Termo de Referência e/ou Descritivo Técnico do Processo, UNID. DE MEDIDA: Unitário (R$ 16.480,02); (L2) 7301.57193-Descascador de Legumes Industrial, Alimentação Elétrica 220V, CARACTERÍSTICAS ADICIONAIS: Demais informações de acordo com Termo de Referência e/ou Descritivo Técnico do Processo, UNID. DE MEDIDA: Unitário (R$ 7.017,30)"
79151312000156-1-000124/2024,79151312000156-1-000124-2024.md,UNIVERSIDADE ESTADUAL DE MARINGA,Edital nº 90019/2024,Aquisição com fornecimento contínuo de gás GLP a granel com 04 (quatro) tanques estacionários com pescador em comodato com entrega programada para o Restaurante Universitário.,92676405900192024000.zip,EDITAL900192024EProtoc22.046.0231.pdf; RelacaoItens92676405900192024000.pdf,https://pncp.gov.br/pncp-api/v1/orgaos/79151312000156/compras/2024/124/arquivos/1,Ativo,"Gás Refino De Petróleo (R$ 185.470,00)"
79151312000156-1-000127/2024,79151312000156-1-000127-2024.md,UNIVERSIDADE ESTADUAL DE MARINGA,Edital nº 453/2024,Aquisição com fornecimento contínuo de gás GLP a granel com 04 tanques estacionários com pescador em comodato com entrega programada para o Restaurante Universitário.,EDITAL900192024EProtoc22.046.0231.pdf,,https://pncp.gov.br/pncp-api/v1/orgaos/79151312000156/compras/2024/127/arquivos/1,Ativo,"(L1) 9103.18618-Gás Liquefeito de Petróleo (GLP), TIPO: A granel, CARACTERÍSTICAS ADICIONAIS: Demais informações de acordo com Termo de Referência e/ou Descritivo Técnico do Processo, UNID. DE MEDIDA: Quilograma (R$ 185.470,00)"
79151312000156-1-000477/2025,79151312000156-1-000477-2025.md,UNIVERSIDADE ESTADUAL DE MARINGA,Ato que autoriza a Contratação Direta nº 726/2025,Instalação / Manutenção / Remoção - Piso em Geral (Exceto madeirados),editais%2FEdital_de_Credenciamento_03_2025_1.pdf,,https://pncp.gov.br/pncp-api/v1/orgaos/79151312000156/compras/2025/477/arquivos/1,Ativo,"Contratação de profissional especializado para a construção de uma base em concreto (aproximadamente 94 m2 x 0,10 m) conforme projetos anexos - fase 1. - Os insumos/materiais a serem utilizados nesta obra deverão ser fornecidos pela contratada (prestador de serviço). - A execução dos serviços deverá obedecer, rigorosamente e em todos os pormenores, os desenhos e demais documentos integrantes dos projetos, e as normas de segurança. - Local de execução: ao lado da entrada do estacionamento do Restaurante Universitário (RU) - Previsão para início e previsão para Término dos serviços: até 15 de agosto - Em caso de dúvida/esclarecimento com telefone e email: Sr. Sidinei (44) 3011-5329 ou (44) 99128 4908 - email: sssilva@uem.br (R$ 10.756,10)"
79151312000156-1-000478/2025,79151312000156-1-000478-2025.md,UNIVERSIDADE ESTADUAL DE MARINGA,Ato que autoriza a Contratação Direta nº 722/2025,Instalação / Manutenção / Remoção - Piso em Geral (Exceto madeirados),editais%2FEdital_de_Credenciamento_03_2025_1.pdf,,https://pncp.gov.br/pncp-api/v1/orgaos/79151312000156/compras/2025/478/arquivos/1,Ativo,"Contratação de profissional especializado para a construção de uma base em concreto (aproximadamente 94 m2 x 0,10 m) conforme projetos anexos - fase 1. - Os insumos/materiais a serem utilizados nesta obra deverão ser fornecidos pela contratada (prestador de serviço). - A execução dos serviços deverá obedecer, rigorosamente e em todos os pormenores, os desenhos e demais documentos integrantes dos projetos, e as normas de segurança. - Local de execução: ao lado da entrada do estacionamento do Restaurante Universitário (RU) - Previsão para início e previsão para Término dos serviços: até 15 de agosto - Em caso de dúvida/esclarecimento com telefone e email: Sr. Sidinei (44) 3011-5329 ou (44) 99128 4908 - email: sssilva@uem.br (R$ 10.756,10)"
79151312000156-1-000479/2025,79151312000156-1-000479-2025.md,UNIVERSIDADE ESTADUAL DE MARINGA,Ato que autoriza a Contratação Direta nº 723/2025,Instalação / Manutenção / Remoção - Piso em Geral (Exceto madeirados),editais%2FEdital_de_Credenciamento_03_2025_1.pdf,,https://pncp.gov.br/pncp-api/v1/orgaos/79151312000156/compras/2025/479/arquivos/1,Ativo,"Contratação de profissional especializado para a construção de uma base em concreto (aproximadamente 94 m2 x 0,10 m) conforme projetos anexos - fase 1. - Os insumos/materiais a serem utilizados nesta obra deverão ser fornecidos pela contratada (prestador de serviço). - A execução dos serviços deverá obedecer, rigorosamente e em todos os pormenores, os desenhos e demais documentos integrantes dos projetos, e as normas de segurança. - Local de execução: ao lado da entrada do estacionamento do Restaurante Universitário (RU) - Previsão para início e previsão para Término dos serviços: até 15 de agosto - Em caso de dúvida/esclarecimento com telefone e email: Sr. Sidinei (44) 3011-5329 ou (44) 99128 4908 - email: sssilva@uem.br (R$ 10.756,10)"
79151312000156-1-000480/2025,79151312000156-1-000480-2025.md,UNIVERSIDADE ESTADUAL DE MARINGA,Ato que autoriza a Contratação Direta nº 724/2025,Pedreiro / Azulejista,editais%2FEdital_de_Credenciamento_03_2025_1.pdf,,https://pncp.gov.br/pncp-api/v1/orgaos/79151312000156/compras/2025/480/arquivos/1,Ativo,"Contratação de profissional especializado para o revestimento com piso cerâmico cinza claro antiderrapante (80 x 80 ou 90 x 90) de uma base em concreto (aproximadamente 94 m2 x 0,10 m) conforme projetos anexos - fase 2. - Os insumos/materiais a serem utilizados nesta obra deverão ser fornecidos pela contratada (prestador de serviço). - A execução dos serviços deverá obedecer, rigorosamente e em todos os pormenores, os desenhos e demais documentos integrantes dos projetos, e as normas de segurança. - Local de execução: ao lado da entrada do estacionamento do Restaurante Universitário (RU). - Previsão para início e previsão para Término dos serviços: até 15 de agosto - Em caso de dúvida/esclarecimento com telefone e email: Sr. Sidinei (44) 3011-5329 ou (44) 99128 4908 - email: sssilva@uem.br * Devido a problema no sistema CONTRATA+BRASIL, favor solicitar arte (imagem) do serviço através do email: sssilva@uem.br (R$ 10.500,00)"
79151312000156-1-000481/2025,79151312000156-1-000481-2025.md,UNIVERSIDADE ESTADUAL DE MARINGA,Ato que autoriza a Contratação Direta nº 727/2025,Pedreiro / Azulejista,editais%2FEdital_de_Credenciamento_03_2025_1.pdf,,https://pncp.gov.br/pncp-api/v1/orgaos/79151312000156/compras/2025/481/arquivos/1,Ativo,"Contratação de profissional especializado para o revestimento com piso cerâmico cinza claro antiderrapante (80 x 80 ou 90 x 90) de uma base em concreto (aproximadamente 94 m2 x 0,10 m) conforme projetos anexos - fase 2. - Os insumos/materiais a serem utilizados nesta obra deverão ser fornecidos pela contratada (prestador de serviço). - A execução dos serviços deverá obedecer, rigorosamente e em todos os pormenores, os desenhos e demais documentos integrantes dos projetos, e as normas de segurança. - Local de execução: ao lado da entrada do estacionamento do Restaurante Universitário (RU). - Previsão para início e previsão para Término dos serviços: até 15 de agosto - Em caso de dúvida/esclarecimento com telefone e email: Sr. Sidinei (44) 3011-5329 ou (44) 99128 4908 - email: sssilva@uem.br * Devido a problema no sistema CONTRATA+BRASIL, favor solicitar arte (imagem) do serviço através do email: sssilva@uem.br (R$ 10.500,00)"
79151312000156-1-000482/2025,79151312000156-1-000482-2025.md,UNIVERSIDADE ESTADUAL DE MARINGA,Ato que autoriza a Contratação Direta nº 725/2025,Pedreiro / Azulejista,editais%2FEdital_de_Credenciamento_03_2025_1.pdf,,https://pncp.gov.br/pncp-api/v1/orgaos/79151312000156/compras/2025/482/arquivos/1,Ativo,"Contratação de profissional especializado para o revestimento com piso cerâmico cinza claro antiderrapante (80 x 80 ou 90 x 90) de uma base em concreto (aproximadamente 94 m2 x 0,10 m) conforme projetos anexos - fase 2. - Os insumos/materiais a serem utilizados nesta obra deverão ser fornecidos pela contratada (prestador de serviço). - A execução dos serviços deverá obedecer, rigorosamente e em todos os pormenores, os desenhos e demais documentos integrantes dos projetos, e as normas de segurança. - Local de execução: ao lado da entrada do estacionamento do Restaurante Universitário (RU). - Previsão para início e previsão para Término dos serviços: até 15 de agosto - Em caso de dúvida/esclarecimento com telefone e email: Sr. Sidinei (44) 3011-5329 ou (44) 99128 4908 - email: sssilva@uem.br * Devido a problema no sistema CONTRATA+BRASIL, favor solicitar arte (imagem) do serviço através do email: sssilva@uem.br (R$ 10.500,00)"
79151312000156-1-000483/2025,79151312000156-1-000483-2025.md,UNIVERSIDADE ESTADUAL DE MARINGA,Ato que autoriza a Contratação Direta nº 728/2025,Pedreiro / Azulejista,editais%2FEdital_de_Credenciamento_03_2025_1.pdf,,https://pncp.gov.br/pncp-api/v1/orgaos/79151312000156/compras/2025/483/arquivos/1,Ativo,"Contratação de profissional especializado para o revestimento com piso cerâmico cinza claro antiderrapante (80 x 80 ou 90 x 90) de uma base em concreto (aproximadamente 94 m2 x 0,10 m) conforme projetos anexos - fase 2. - Os insumos/materiais a serem utilizados nesta obra deverão ser fornecidos pela contratada (prestador de serviço). - A execução dos serviços deverá obedecer, rigorosamente e em todos os pormenores, os desenhos e demais documentos integrantes dos projetos, e as normas de segurança. - Local de execução: ao lado da entrada do estacionamento do Restaurante Universitário (RU). - Previsão para início e previsão para Término dos serviços: até 15 de agosto - Em caso de dúvida/esclarecimento com telefone e email: Sr. Sidinei (44) 3011-5329 ou (44) 99128 4908 - email: sssilva@uem.br * Devido a problema no sistema CONTRATA+BRASIL, favor solicitar arte (imagem) do serviço através do email: sssilva@uem.br (R$ 10.500,00)"
79151312000156-1-000564/2024,79151312000156-1-000564-2024.md,UNIVERSIDADE ESTADUAL DE MARINGA,Edital nº 90088/2024,"Aquisição de material com fornecimento contínuo para higienização/limpeza de: bandejas e utensílios de cozinha; máquina de lavar industrial; fornos e utensílios carbonizados depois da cocção dos alimentos; e também, em paredes e pisos da cozinha e açougue do restaurante universitário",92676405900882024001.zip,EDITAL900882024EProtoc22.590.6831RETIFICADO.pdf; RelacaoItens92676405900882024000.pdf,https://pncp.gov.br/pncp-api/v1/orgaos/79151312000156/compras/2024/564/arquivos/2,Ativo,"Secante (R$ 64.892,00); Detergente (R$ 44.110,50)"
79151312000156-1-000585/2024,79151312000156-1-000585-2024.md,UNIVERSIDADE ESTADUAL DE MARINGA,Edital nº 1273/2024,"Aquisição de material com fornecimento contínuo para higienização/limpeza de bandejas e utensílios de cozinha, máquina de lavar industrial, fornos e utensílios carbonizados depois da cocção dos alimentos, e também, em paredes e pisos da cozinha e açougue do restaurante universitário.",EDITAL900882024EProtoc22.590.6831.pdf,,https://pncp.gov.br/pncp-api/v1/orgaos/79151312000156/compras/2024/585/arquivos/1,Ativo,"(L1) 7902.47996-Secante abrilhantador, USO: Para lavagem mecânica de louças, PRINCÍPIO ATIVO: Polímero de óxido de propileno e etileno, COMPOSIÇÃO: Ativo, atenuador de espuma, sequestrante, corante, veículo e conservante, EMBALAGEM: Frasco com 5 litros, UNID. DE MEDIDA: Unitário (R$ 64.892,00); (L2) 7902.91296-Detergente, TIPO: Alcalino Clorado, sem fragrância, USO: Cozinha industrial, para limpeza em áreas de manipulação de alimentos com ação bactericida, CARACTERÍSTICAS ADICIONAIS: Demais informações de acordo com Termo de Referência e/ou Descritivo Técnico do Processo, UNID. DE MEDIDA: Litro (R$ 44.110,50)"
79151312000156-1-000716/2024,79151312000156-1-000716-2024.md,UNIVERSIDADE ESTADUAL DE MARINGA,Ato que autoriza a Contratação Direta nº 40153/2024,Aquisição de canecas de polipropileno para atender a demanda do Restaurante Universitário de Maringá.,aviso.pdf,,https://pncp.gov.br/pncp-api/v1/orgaos/79151312000156/compras/2024/716/arquivos/1,Ativo,"7303.61443-Copo, Reutilizável, MATERIAL: Polipropileno, CARACTERÍSTICAS ADICIONAIS: Demais informações de acordo com Termo de Referência e/ou Descritivo Técnico do Processo, UNID. DE MEDIDA: Unitário (R$ 13.475,00)"
79151312000156-1-000734/2024,79151312000156-1-000734-2024.md,UNIVERSIDADE ESTADUAL DE MARINGA,Edital nº 1503/2024,Aquisição com fornecimento contínuo de hortifrutigranjeiro para atender a demanda do Restaurante Universitário e do Hospital Universitário,EDITAL901182024EProtoc22.776.8495.pdf,,https://pncp.gov.br/pncp-api/v1/orgaos/79151312000156/compras/2024/734/arquivos/1,Ativo,"(L1) 8905.2112-Abacate, TIPO: Comum, ASPECTO: In natura, fresco, APRESENTAÇÃO: Inteiro, com tamanho e coloração uniformes, CARACTERÍSTICAS ADICIONAIS: Isento de sujidades, enfermidades e quaisquer materiais estranhos que possam comprometer a sua qualidade, UNID. DE MEDIDA: Quilograma (R$ 67.568,00); (L2) 8905.22747-Abacaxi, TIPO: Havaí, ASPECTO: In natura, fresco, APRESENTAÇÃO: Com coroa, inteiro, de primeira qualidade, maduro, casca sem manchas escuras e partes amolecidas, com polpa firme e intacta, PESO MÉDIO: 1,5kg, CARACTERÍSTICAS ADICIONAIS: Isento de sujidades, batidas, rachaduras, mofo, enfermidades, fermentação e quaisquer materiais estranhos que comprometam a sua qualidade, UNID. DE MEDIDA: Unitário (R$ 11.044,80)"
79151312000156-1-000736/2024,79151312000156-1-000736-2024.md,UNIVERSIDADE ESTADUAL DE MARINGA,Edital nº 90118/2024,Aquisição com fornecimento contínuo de hortifrutigranjeiro para atender a demanda do Restaurante Universitário e do Hospital Universitário,92676405901182024000.zip,EDITAL901182024EProtoc22.776.8495.pdf; RelacaoItens92676405901182024000.pdf,https://pncp.gov.br/pncp-api/v1/orgaos/79151312000156/compras/2024/736/arquivos/1,Ativo,"Fruta (R$ 67.568,00); Fruta (R$ 11.044,80)"
79151312000156-1-000834/2024,79151312000156-1-000834-2024.md,UNIVERSIDADE ESTADUAL DE MARINGA,Edital nº 1724/2024,"Aquisição e Instalação de aparelhos de ar condicionado e cortinas de ar, com o fornecimento de materiais e acessórios para atender o Restaurante Universitário - RU, da Universidade Estadual de Maringá - UEM.",EDITAL901402024EProtoc22.852.8714.pdf,,https://pncp.gov.br/pncp-api/v1/orgaos/79151312000156/compras/2024/834/arquivos/1,Ativo,"(L1) 4102.73605-Ar Condicionado, TIPO: Cassete Inverter, POTÊNCIA: 30000 BTUs, VOLTAGEM: 220V, CARACTERÍSTICAS ADICIONAIS: Demais informações de acordo com Termo de Referência e/ou Descritivo Técnico do Processo, UNID. DE MEDIDA: Unitário (R$ 273.867,38); (L1) 4102.23956-Cortina de ar, VAZÃO DE AR MÍNIMA: 1750m³/h, COMPRIMENTO: 90cm a 180cm, POTÊNCIA MÍNIMA: 155W, VOLTAGEM: 220V, CARACTERÍSTICAS ADICIONAIS: Com controle remoto, UNID. DE MEDIDA: Unitário (R$ 13.628,00)"
79151312000156-1-000850/2024,79151312000156-1-000850-2024.md,UNIVERSIDADE ESTADUAL DE MARINGA,Edital nº 90140/2024,"Aquisição e Instalação de aparelhos de ar condicionado e cortinas de ar, com o fornecimento de materiais e acessórios para atender o Restaurante Universitário (RU) da Universidade Estadual de Maringá (UEM).",92676405901402024000.zip,EDITAL901402024EProtoc22.852.8714.pdf; RelacaoItens92676405901402024000.pdf,https://pncp.gov.br/pncp-api/v1/orgaos/79151312000156/compras/2024/850/arquivos/1,Ativo,"Aparelho Ar Condicionado (R$ 273.867,36); Cortina Ar (R$ 13.628,00)"
22675359000100-1-000108/2024,22675359000100-1-000108-2024.md,UNIVERSIDADE ESTADUAL DE MONTES CLAROS,Edital nº 101/2024,Aquisição de EQUIPAMENTOS para atendimento do Restaurante Universitário.,Edital2005638680409866729.pdf,,https://pncp.gov.br/pncp-api/v1/orgaos/22675359000100/compras/2024/108/arquivos/1,Ativo,"ESTANTE PARA COZINHA INDUSTRIAL - TIPO: 04 PLANOS GRADEADOS EM ACO INOX; ESTRUTURA: ACO INOX; DIMENSOES: 1500 X 500 X 1800MM; (R$ 6.049,62); MESA PARA REFEITORIO - TAMPO: EM MDF COM 30MM DE ESPESSURA; ESTRUTURA: DA MESA E CADEIRA TUBO DE ACO CARBONO; DIMENSOES: MESA: 1,20M(LARG) X 0,80M (PR (R$ 19.089,90)"
80257355000108-1-000313/2024,80257355000108-1-000313-2024.md,UNIVERSIDADE ESTADUAL DE PONTA GROSSA,Edital nº 1041/2024,"Selecionar a proposta apta a gerar o resultado mais vantajoso para contratação de serviços de copa hospitalar, auxiliar de cozinha e cozinheira para os restaurantes do complexo hospitalar da UEPG e Campus Uvaranas.",Edital+PE+074-2024+-+Terceirizacao+Cozinha.pdf,,https://pncp.gov.br/pncp-api/v1/orgaos/80257355000108/compras/2024/313/arquivos/1,Ativo,"(L1) 306.56474-Posto, Copeira, 12x36 horas, Diurno, Todos os dias do mês, INSALUBRIDADE: 40%, UNID. DE MEDIDA: Unitário (R$ 1.744.430,40); (L1) 306.12408-Posto, Auxiliar de Cozinha, 12x36 horas, Todos os dias do mês, Diurno, CARACTERÍSTICAS ADICIONAIS: Com uniforme e Equipamentos de Proteção Individual - EPI's, UNID. DE MEDIDA: Unitário (R$ 958.509,25)"
80257355000108-1-000431/2024,80257355000108-1-000431-2024.md,UNIVERSIDADE ESTADUAL DE PONTA GROSSA,Edital nº 90142/2024,"Contratação de Empresa especializada na prestação de serviços de fornecimento de refeição, sistema Self Service e à La Carte, ALMOÇO e JANTAR, na cidade de Ponta Grossa, de segunda-feira a domingo, para atender demandas da Universidade Estadual de Ponta Grossa (UEPG) e Hospital Universitário Regional dos Campos Gerais (HURCG).",45116405901422024000.zip,EDITAL - PE 142-2024 - Restaurantes.pdf; RelacaoItens45116405901422024000.pdf,https://pncp.gov.br/pncp-api/v1/orgaos/80257355000108/compras/2024/431/arquivos/1,Ativo,"Buffet (R$ 15.980,00); Refeição Sistema Convênio (Tíquete) (R$ 14.382,00)"
80257355000108-1-000563/2024,80257355000108-1-000563-2024.md,UNIVERSIDADE ESTADUAL DE PONTA GROSSA,Edital nº 2065/2024,Aquisição de Produtos Saneantes para os Restaurantes Universitários,Edital+90167-2024+-+Saneantes+para+Restaurantes.pdf,,https://pncp.gov.br/pncp-api/v1/orgaos/80257355000108/compras/2024/563/arquivos/1,Ativo,"(L1) 7902.8282-Desinfetante, TIPO: Pó sanitizante, USO: Geral, Para hortifrutícolas à base de hipoclorito de sódio com teor de 2% de cloro ativo estabilizado, destinado a desinfecção de frutas, legumes, e verduras, Características Físico Química: Dosagem: 10ml/L de água pH à 1% : mínimo 10, Densidade (25°C): 1,000  1,1000, Alcalinidade: máximo de 0,3N, Forma Física: Líquido, CARACTERÍSTICAS ADICIONAIS: Apresentar Laudo de Eficácia emitido por laboratório credenciado pela ANVISA, UNID. DE MEDIDA: Kg/Litro (R$ 12.000,00); (L1) 7902.47997-Secante abrilhantador, USO: Para lavagem mecânica de louças, PRINCÍPIO ATIVO: Polímero de óxido de propileno e etileno, COMPOSIÇÃO: Ativo, atenuador de espuma, sequestrante, corante, veículo e conservante, EMBALAGEM: Frasco de 20 litros, UNID. DE MEDIDA: Unitário (R$ 52.200,00)"
80257355000108-1-000567/2024,80257355000108-1-000567-2024.md,UNIVERSIDADE ESTADUAL DE PONTA GROSSA,Edital nº 90167/2024,Aquisição de Produtos Saneantes para os Restaurantes Universitários.,45116405901672024000.zip,Edital 90167-2024 - Saneantes para Restaurantes.pdf; RelacaoItens45116405901672024000.pdf,https://pncp.gov.br/pncp-api/v1/orgaos/80257355000108/compras/2024/567/arquivos/1,Ativo,"Detergente - Industrial (R$ 83.160,00); Secante (R$ 52.200,00)"
80257355000108-1-000584/2024,80257355000108-1-000584-2024.md,UNIVERSIDADE ESTADUAL DE PONTA GROSSA,Edital nº 2143/2024,Selecionar a proposta apta a gerar o resultado mais vantajoso para contratação de serviços de copa e cozinha para os restaurantes do complexo hospitalar e do campus de Uvaranas da UEPG,Edital+PE+181-2024+-+Terceirizacao+Cozinha.pdf,,https://pncp.gov.br/pncp-api/v1/orgaos/80257355000108/compras/2024/584/arquivos/1,Ativo,"(L1) 306.56474-Posto, Copeira, 12x36 horas, Diurno, Todos os dias do mês, INSALUBRIDADE: 40%, UNID. DE MEDIDA: Unitário (R$ 2.710.890,20); (L1) 306.12408-Posto, Auxiliar de Cozinha, 12x36 horas, Todos os dias do mês, Diurno, CARACTERÍSTICAS ADICIONAIS: Com uniforme e Equipamentos de Proteção Individual - EPI's, UNID. DE MEDIDA: Unitário (R$ 152.320,08)"
77902914000172-1-000943/2024,77902914000172-1-000943-2024.md,UNIVERSIDADE ESTADUAL DO CENTRO OESTE,Edital nº 90151/2024,"Contratação de empresa para realização de serviços, com fornecimento de material, de reforma do Restaurante Universitário do Câmpus Santa Cruz da UNICENTRO, com recursos próprios, conforme planilha orçamentária de referência constante no Anexo XIV.",92971503901512024000.zip,Edital CC 27-2024_completo_Assinado.pdf; RelacaoItens92971503901512024000.pdf,https://pncp.gov.br/pncp-api/v1/orgaos/77902914000172/compras/2024/943/arquivos/1,Ativo,"Manutenção / Reforma Predial (R$ 382.605,00)"
77902914000172-1-000960/2024,77902914000172-1-000960-2024.md,UNIVERSIDADE ESTADUAL DO CENTRO OESTE,Edital nº 151/2024,"CONTRATAÇÃO DE EMPRESA PARA REALIZAÇÃO DE SERVIÇOS, COM FORNECIMENTO DE MATERIAL, DE REFORMA DO RESTAURANTE UNIVERSITÁRIO DO CÂMPUS SANTA CRUZ DA UNICENTRO, COM RECURSOS PRÓPRIOS.",Edital+CC+27-2024completoAssinado.pdf,,https://pncp.gov.br/pncp-api/v1/orgaos/77902914000172/compras/2024/960/arquivos/1,Ativo,"(L1) 802.75178-Prestação de Serviços, TIPO: Reformas em Geral, CARACTERÍSTICAS ADICIONAIS: Demais informações de acordo com Termo de Referência e/ou Descritivo Técnico do Processo, UNID. DE MEDIDA: Metro quadrado (R$ 382.605,00)"
78680337000265-1-000011/2024,78680337000265-1-000011-2024.md,UNIVERSIDADE ESTADUAL DO OESTE DO PARANA,Edital nº 253/2024,"Contratação de empresa para prestação de serviço de Concessão de espaço publico para funcionamento do Restaurante Universitário da Unioeste Campus de Cascavel, para uso de pessoa jurídica especializada no preparo e fornecimento de refeições almoço e jantar, ambos com bebida e sobremesa, a serem disponibilizadas em balcões refrigerados e aquecidos, e serem servidas em bandejões, bem como realizar a gestão, administração, higienização e manutenção dos referidos espaços",minuta+servico+novo.pdf,,https://pncp.gov.br/pncp-api/v1/orgaos/78680337000265/compras/2024/11/arquivos/1,Ativo,"(L1) 321.59390-Prestação de Serviços, Concessão de Uso de Espaço, Demais informações de acordo com Termo de Referência e/ou Descritivo Técnico do Processo, UNID. DE MEDIDA: Unitário (R$ 2.229.291,80)"
78680337000508-1-000058/2023,78680337000508-1-000058-2023.md,UNIVERSIDADE ESTADUAL DO OESTE DO PARANA,Edital nº 160/2023,"Concessão de espaço público visando o funcionamento do Restaurante Universitário do Campus de Toledo, para uso de pessoa jurídica especializada no preparo e fornecimento de refeições junto à comunidade acadêmica da UNIOESTE, Campus de Toledo, PR",PREGAO ELETRONICO 160-2023 - EDITAL.pdf,,https://pncp.gov.br/pncp-api/v1/orgaos/78680337000508/compras/2023/58/arquivos/1,Ativo,"(L1) 102.30213-Serviço de Refeição, Contratação de empresa especializada em fornecimento de alimentação, CARACTERÍSTICAS ADICIONAIS: Demais informações de acordo com Termo de Referência e/ou Descritivo Técnico do Processo, UNID. DE MEDIDA: Unitário (R$ 1.936.368,00)"
78680337000699-1-000123/2025,78680337000699-1-000123-2025.md,UNIVERSIDADE ESTADUAL DO OESTE DO PARANA,Edital nº 90962/2025,Mobiliario para o Restaurante Universitário - Mesas e Cadeiras,92627605909622025000.zip,xx Edital PE 962-2025 Mobiliario RU.pdf; RelacaoItens92627605909622025000.pdf,https://pncp.gov.br/pncp-api/v1/orgaos/78680337000699/compras/2025/123/arquivos/1,Ativo,"Cadeira Refeitório (R$ 16.213,68); Mesa refeitório (R$ 14.014,00)"
05012896000142-1-000360/2024,05012896000142-1-000360-2024.md,UNIVERSIDADE ESTADUAL DO PARANA,Edital nº 90716/2024,"A presente licitação tem por objeto aquisição de mobiliário para o Restaurante Universitário, conforme especificações contidas no edital, para a Universidade Estadual do Paraná (UNESPAR) Campus de Apucarana.",92859105907162024001.zip,EDITAL 90716.2024 DEFINITIVO.pdf; RelacaoItens92859105907162024000.pdf,https://pncp.gov.br/pncp-api/v1/orgaos/05012896000142/compras/2024/360/arquivos/2,Ativo,"Mesa refeitório (R$ 50.879,88)"
05012896000142-1-000363/2024,05012896000142-1-000363-2024.md,UNIVERSIDADE ESTADUAL DO PARANA,Edital nº 716/2024,"Aquisição de mobiliário para o Restaurante Universitário, conforme especificações contidas no edital, para a Universidade Estadual do Paraná - UNESPAR, Campus Apucarana.",EDITAL+90716.2024+-+PROCESSO+21.970.499-2.pdf,,https://pncp.gov.br/pncp-api/v1/orgaos/05012896000142/compras/2024/363/arquivos/1,Ativo,"(L1) 7102.36555-Mesa, Retangular refeitório, 6 Lugares, TAMPO: Tampo em MDF, Mínimo 22 Centímetros de Espessura na cor Marfim Inteiriço, Revestido com Camada Melamínica, Bordas Arrendondadas acabamento em PVC, Ponteiras em Polipropileno, Alta Resistência conta desgastes, Protegendo o Piso contra Risco, ESTRUTURA: Base com Pé 4 Hastes Duplo em Aço Carbono com Pintura Epóxi/Eletrostática, Tratamento Antiferruginoso, COR: Preta, Solda Mig, MEDIDA: Dimensões Aproximadas: Comprimento: 180 Cm, Largura: 75 Cm, Altura: 75 Cm, UNID. DE MEDIDA: Unitário (R$ 50.879,88)"
05012896000142-1-000582/2024,05012896000142-1-000582-2024.md,UNIVERSIDADE ESTADUAL DO PARANA,Edital nº 91716/2024,"A presente Licitação tem por objeto aquisição de mobiliário para o Restaurante Universitário, conforme especificações contidas no edital, para a Universidade Estadual do Paraná - UNESPAR, Campus Apucarana.",92859105917162024000.zip,EDITAL 91716.2024.pdf; RelacaoItens92859105917162024000.pdf,https://pncp.gov.br/pncp-api/v1/orgaos/05012896000142/compras/2024/582/arquivos/1,Ativo,"Mesa refeitório (R$ 50.879,88)"
05012896000142-1-000733/2023,05012896000142-1-000733-2023.md,UNIVERSIDADE ESTADUAL DO PARANA,Edital nº 568/2023,A presente licitaçao tem como objeto a contrataçao de empresa especializada para fornecimento de refeições coletivas almoço e jantar em regime de empreitada global conforme condiçoes do Termo de Referencia a serem preparadas e servidas pela licitante nas dependências do Restaurante Universitário da UNESPAR Campus de Apucarana,ED568.2023RESTAURANTE+UNIV+Apucarana.pdf,,https://pncp.gov.br/pncp-api/v1/orgaos/05012896000142/compras/2023/733/arquivos/1,Ativo,"(L1) 102.56789-Serviços de alimentação, TIPO: Almoço e Jantar, CARACTERÍSTICAS ADICIONAIS: Demais informações de acordo com Termo de Referência e/ou Descritivo Técnico do Processo, UNID. DE MEDIDA: Unitário (R$ 817.600,00)"
48031918000124-1-000006/2024,48031918000124-1-000006-2024.md,UNIVERSIDADE ESTADUAL PAULISTA JULIO DE MESQUITA FILHO,Ato que autoriza a Contratação Direta nº 14/2024,Aquisição de gêneros alimentícios para o bom funcionamento do Restaurante Universitário.,12+Despacho+autorizacao+da+despesa+-+DL+Proc+93_2024-diretor.pdf,,https://pncp.gov.br/pncp-api/v1/orgaos/48031918000124/compras/2024/6/arquivos/1,Ativo,"Carne Bovina In Natura tipo corte: paleta (pá), apresentação: cortada em cubos, estado de conservação: congelado(a) (R$ 4.041,60); Carne Bovina In Natura tipo corte: patinho, apresentação: moida, estado de conservação: congelado(a) (R$ 1.883,00)"
48031918000124-1-000006/2024,48031918000124-1-000006-2024.md,UNIVERSIDADE ESTADUAL PAULISTA JULIO DE MESQUITA FILHO,Ato que autoriza a Contratação Direta nº 14/2024,Aquisição de gêneros alimentícios para o bom funcionamento do Restaurante Universitário.,27%2F2024.pdf,,https://pncp.gov.br/pncp-api/v1/orgaos/48031918000124/compras/2024/6/arquivos/2,Ativo,"Carne Bovina In Natura tipo corte: paleta (pá), apresentação: cortada em cubos, estado de conservação: congelado(a) (R$ 4.041,60); Carne Bovina In Natura tipo corte: patinho, apresentação: moida, estado de conservação: congelado(a) (R$ 1.883,00)"
48031918000124-1-000012/2024,48031918000124-1-000012-2024.md,UNIVERSIDADE ESTADUAL PAULISTA JULIO DE MESQUITA FILHO,Ato que autoriza a Contratação Direta nº 15/2024,Aquisição de gêneros alimentícios para o bom funcionamento do Restaurante Universitário.,13+Despacho+autorizacao+da+despesa+-+DL+95_2024-diretor.pdf,,https://pncp.gov.br/pncp-api/v1/orgaos/48031918000124/compras/2024/12/arquivos/1,Ativo,"Macarrão teor de umidade: massa seca, base da massa: de farinha de trigo, ingredientes adicionais: com ovos, apresentação: parafuso (R$ 396,00); Óleo Vegetal Comestível tipo: puro, espécie vegetal: soja, tipo qualidade: tipo 1 (R$ 1.072,00)"
48031918000124-1-000012/2024,48031918000124-1-000012-2024.md,UNIVERSIDADE ESTADUAL PAULISTA JULIO DE MESQUITA FILHO,Ato que autoriza a Contratação Direta nº 15/2024,Aquisição de gêneros alimentícios para o bom funcionamento do Restaurante Universitário.,23%2F2024.pdf,,https://pncp.gov.br/pncp-api/v1/orgaos/48031918000124/compras/2024/12/arquivos/2,Ativo,"Macarrão teor de umidade: massa seca, base da massa: de farinha de trigo, ingredientes adicionais: com ovos, apresentação: parafuso (R$ 396,00); Óleo Vegetal Comestível tipo: puro, espécie vegetal: soja, tipo qualidade: tipo 1 (R$ 1.072,00)"
48031918000124-1-000013/2024,48031918000124-1-000013-2024.md,UNIVERSIDADE ESTADUAL PAULISTA JULIO DE MESQUITA FILHO,Ato que autoriza a Contratação Direta nº 16/2024,Aquisição de gêneros alimentícios para o bom funcionamento do Restaurante Universitário.,13+Despacho+autorizacao+da+despesa+-+DL+Proc+96_2024-diretor.pdf,,https://pncp.gov.br/pncp-api/v1/orgaos/48031918000124/compras/2024/13/arquivos/1,Ativo,"Arroz Beneficiado tipo: agulhinha/branco, subgrupo: polido, classe: longo fino, qualidade: tipo 1 (R$ 3.912,80); Farofa Pronta tipo: tradicional, sabor: natural, prazo validade: 4, quantidade calorias: 210, características adicionais: com farinha de madioca temperada (R$ 303,60)"
48031918000124-1-000013/2024,48031918000124-1-000013-2024.md,UNIVERSIDADE ESTADUAL PAULISTA JULIO DE MESQUITA FILHO,Ato que autoriza a Contratação Direta nº 16/2024,Aquisição de gêneros alimentícios para o bom funcionamento do Restaurante Universitário.,23%2F2024.pdf,,https://pncp.gov.br/pncp-api/v1/orgaos/48031918000124/compras/2024/13/arquivos/2,Ativo,"Arroz Beneficiado tipo: agulhinha/branco, subgrupo: polido, classe: longo fino, qualidade: tipo 1 (R$ 3.912,80); Farofa Pronta tipo: tradicional, sabor: natural, prazo validade: 4, quantidade calorias: 210, características adicionais: com farinha de madioca temperada (R$ 303,60)"
48031918000124-1-000044/2024,48031918000124-1-000044-2024.md,UNIVERSIDADE ESTADUAL PAULISTA JULIO DE MESQUITA FILHO,Aviso de Contratação Direta nº 90002/2024,Contratação de serviço de teste de estanqueidade,DCD_02_+AVISO+DE+CONTRATACAO+-+TESTE+ESTANQUEIDADE.pdf,,https://pncp.gov.br/pncp-api/v1/orgaos/48031918000124/compras/2024/44/arquivos/1,Ativo,"Execução de Teste de Estanqueidade (R$ 700,00)"
48031918000124-1-000060/2024,48031918000124-1-000060-2024.md,UNIVERSIDADE ESTADUAL PAULISTA JULIO DE MESQUITA FILHO,Aviso de Contratação Direta nº 90003/2024,Pastilhas desengordurantes - Degreaser,DCD_03_AVISO+DE+CONTRATACAO_AQUIS+PASTILHAS.pdf,,https://pncp.gov.br/pncp-api/v1/orgaos/48031918000124/compras/2024/60/arquivos/1,Ativo,"Limpador Impurezas (R$ 3.960,00)"
48031918000124-1-000068/2024,48031918000124-1-000068-2024.md,UNIVERSIDADE ESTADUAL PAULISTA JULIO DE MESQUITA FILHO,Aviso de Contratação Direta nº 90004/2024,Serviço de teste de estanqueidade na rede de gás.,DCD_04+-+AVISO+DE+CONTRATACAO+-+TESTE+DE+ESTANQUEIDADE.pdf,,https://pncp.gov.br/pncp-api/v1/orgaos/48031918000124/compras/2024/68/arquivos/1,Ativo,"Execução de Teste de Estanqueidade (R$ 700,00)"
48031918000124-1-000075/2024,48031918000124-1-000075-2024.md,UNIVERSIDADE ESTADUAL PAULISTA JULIO DE MESQUITA FILHO,Aviso de Contratação Direta nº 90005/2024,"Contratação de serviço de conserto em câmara frigorífica de hortifrutis no restaurante universitário da FCT-Unesp, faculdade de ciências e tecnologia.",DCD_05+-+AVISO+DE+CONTRATACAO+-+SERVICO+CAMARA+FRIA.pdf,,https://pncp.gov.br/pncp-api/v1/orgaos/48031918000124/compras/2024/75/arquivos/1,Ativo,"Instalação / Manutenção - Câmara Fria (R$ 1.810,00)"
48031918000124-1-000086/2024,48031918000124-1-000086-2024.md,UNIVERSIDADE ESTADUAL PAULISTA JULIO DE MESQUITA FILHO,Aviso de Contratação Direta nº 90006/2024,"Contratação de serviço de conserto em câmara fria de lixo do restaurante universitário da FCT-Unesp, Faculdade de Ciências e Tecnologia.",DCD_06_+AVISO+DE+CONTRATACAO+-+SERVICO+CAMARA+DE+LIXO.pdf,,https://pncp.gov.br/pncp-api/v1/orgaos/48031918000124/compras/2024/86/arquivos/1,Ativo,"Instalação / Manutenção - Câmara Fria (R$ 1.595,00)"
48031918000124-1-000101/2024,48031918000124-1-000101-2024.md,UNIVERSIDADE ESTADUAL PAULISTA JULIO DE MESQUITA FILHO,Aviso de Contratação Direta nº 90007/2024,Contratação de serviços não contínuos de limpeza de caixa de gordura do restaurante universitário da FCT-Unesp,DCD+07+AVISO+DE+CONTRATACAO+DIRETA+-+LIMPEZA+DE+CAIXA+DE+GORDURA.pdf,,https://pncp.gov.br/pncp-api/v1/orgaos/48031918000124/compras/2024/101/arquivos/1,Ativo,"Desentupimento (R$ 1.020,00)"
48031918000124-1-000134/2024,48031918000124-1-000134-2024.md,UNIVERSIDADE ESTADUAL PAULISTA JULIO DE MESQUITA FILHO,Ato que autoriza a Contratação Direta nº 1/2024,"Contratação de serviço de conserto com fornecimento de peças em câmara frigorífica de hortifrutis no restaurante universitário da FCT-Unesp, Faculdade de Ciências e Tecnologia.",ATO+DE+AUTORIZACAO.pdf,,https://pncp.gov.br/pncp-api/v1/orgaos/48031918000124/compras/2024/134/arquivos/1,Ativo,"Instalação / Manutenção - Câmara Fria Instalação / Manutenção - Câmara Fria (R$ 1.800,00)"
48031918000124-1-000145/2025,48031918000124-1-000145-2025.md,UNIVERSIDADE ESTADUAL PAULISTA JULIO DE MESQUITA FILHO,Edital nº 90001/2025,"Contratação de empresa especializada na prestação de serviços de apoio operacional, na função de auxiliar de copa e cozinha, para realizar somente atividades de higienização e lavagem de louças e utensílios nas dependências do Restaurante Universitário (RU), a serem executados com regime de dedicação exclusiva de mão de obra.",10230705900012025000.zip,PE - 2025 -01- Terceirizados RU - Edital.pdf; RelacaoItens10230705900012025000.pdf,https://pncp.gov.br/pncp-api/v1/orgaos/48031918000124/compras/2025/145/arquivos/1,Ativo,"Prestação Serviço Copa / Cozinha (R$ 273.784,20)"
48031918000124-1-000160/2024,48031918000124-1-000160-2024.md,UNIVERSIDADE ESTADUAL PAULISTA JULIO DE MESQUITA FILHO,Aviso de Contratação Direta nº 90004/2024,Aquisição de gêneros alimentícios para o Restaurante Universitário.,Aviso+de+Contratacao+Direta+90004.2024-+assinado.pdf,,https://pncp.gov.br/pncp-api/v1/orgaos/48031918000124/compras/2024/160/arquivos/1,Ativo,"Fruta (R$ 92,05); Fruta (R$ 651,60)"
48031918000124-1-000165/2024,48031918000124-1-000165-2024.md,UNIVERSIDADE ESTADUAL PAULISTA JULIO DE MESQUITA FILHO,Ato que autoriza a Contratação Direta nº 2/2024,"CONTRATAÇÃO DE SERVIÇO DE CONSERTO EM CÂMARA FRIA DE LIXO DO RESTAURANTE UNIVERSITÁRIO DA FCT-UNESP, FACULDADE DE CIÊNCIAS E TECNOLOGIA.",ATO+DE+AUTORIZACAO.pdf,,https://pncp.gov.br/pncp-api/v1/orgaos/48031918000124/compras/2024/165/arquivos/1,Ativo,"Instalação / Manutenção - Câmara Fria Instalação / Manutenção - Câmara Fria (R$ 1.590,00)"
48031918000124-1-000223/2025,48031918000124-1-000223-2025.md,UNIVERSIDADE ESTADUAL PAULISTA JULIO DE MESQUITA FILHO,Ato que autoriza a Contratação Direta nº 80/2025,LIMPEZA E HIGIENIZAÇÃO DAS CAIXAS DE ÁGUA E BEBEDOUROS NO RESTAURANTE UNIVERSITARIO,CRISTIANO+FERNANDES+ALEGRE+21266636803.pdf,,https://pncp.gov.br/pncp-api/v1/orgaos/48031918000124/compras/2025/223/arquivos/1,Ativo,"Manutenção / Higienização de Reservatório de Água Potável Manutenção / Higienização de Reservatório de Água Potável (R$ 3.400,00)"
48031918000124-1-000271/2025,48031918000124-1-000271-2025.md,UNIVERSIDADE ESTADUAL PAULISTA JULIO DE MESQUITA FILHO,Edital nº 90002/2025,"Registro de Preços para aquisição de carnes bovinas, suínas, de frango e similares pelo prazo de 12 meses para o Restaurante Universitário.",10230705900022025000.zip,PE - 2025 - 02- Carnes - Edital.pdf; RelacaoItens10230705900022025000.pdf,https://pncp.gov.br/pncp-api/v1/orgaos/48031918000124/compras/2025/271/arquivos/1,Ativo,"Carne bovina in natura (R$ 3.451,00); Carne bovina in natura (R$ 37.188,00)"
48031918000124-1-000324/2024,48031918000124-1-000324-2024.md,UNIVERSIDADE ESTADUAL PAULISTA JULIO DE MESQUITA FILHO,Ato que autoriza a Contratação Direta nº 10/2024,"Aquisição de gêneros alimentícios necessária para fins de suprir a demanda do Restaurante Universitário, que se encontra com baixo estoque de gêneros alimentícios para a continuidade do fornecimentos de refeições da Unidade e atendimento das Políticas de Permanência Estudantil e SANS.",04+TR_2024.pdf,,https://pncp.gov.br/pncp-api/v1/orgaos/48031918000124/compras/2024/324/arquivos/1,Ativo,"Carne Processada variedade: almôndegas, tipo: bovino, sabor: temperado, estado de conservação: congelado(a) (R$ 472,60); Carne Processada variedade: hamburguer, tipo: bovino, sabor: temperado, estado de conservação: congelado(a) (R$ 1.134,00)"
48031918000124-1-000324/2024,48031918000124-1-000324-2024.md,UNIVERSIDADE ESTADUAL PAULISTA JULIO DE MESQUITA FILHO,Ato que autoriza a Contratação Direta nº 10/2024,"Aquisição de gêneros alimentícios necessária para fins de suprir a demanda do Restaurante Universitário, que se encontra com baixo estoque de gêneros alimentícios para a continuidade do fornecimentos de refeições da Unidade e atendimento das Políticas de Permanência Estudantil e SANS.",32+Autorizacao_Diretor_pdf.pdf,,https://pncp.gov.br/pncp-api/v1/orgaos/48031918000124/compras/2024/324/arquivos/2,Ativo,"Carne Processada variedade: almôndegas, tipo: bovino, sabor: temperado, estado de conservação: congelado(a) (R$ 472,60); Carne Processada variedade: hamburguer, tipo: bovino, sabor: temperado, estado de conservação: congelado(a) (R$ 1.134,00)"
48031918000124-1-000369/2024,48031918000124-1-000369-2024.md,UNIVERSIDADE ESTADUAL PAULISTA JULIO DE MESQUITA FILHO,Aviso de Contratação Direta nº 90010/2024,"Aquisição de material de consumo - produtos de limpeza, descartáveis e higiene para o Restaurante Universitário",DCD_10_AQUIS_MAT_LIMPEZA.zip,ANEXO I - TR.pdf; ANEXO II - Portaria.pdf; ANEXO III - MODELO DE PROPOSTA.docx; DCD_10_AVISO DE CONTRATAÇ╟O DIRETA POR DISPENSA COM DISPUTA LIMPEZA.pdf,https://pncp.gov.br/pncp-api/v1/orgaos/48031918000124/compras/2024/369/arquivos/1,Ativo,"Água Sanitária (R$ 114,00); Avental (R$ 1.400,00)"
48031918000124-1-000430/2024,48031918000124-1-000430-2024.md,UNIVERSIDADE ESTADUAL PAULISTA JULIO DE MESQUITA FILHO,Ato que autoriza a Contratação Direta nº 13/2024,"Aquisição de alimentos - frutas e legumes para o restaurante universitário do IB necessária para fins de suprir a demanda do restaurante, que se encontra com baixo estoque de gêneros alimentícios para continuidade do fornecimento de refeições da Unidade e atendimento das Políticas de Permanência Estudantil e SANS.",04b+TR_2024_Assinatura.pdf,,https://pncp.gov.br/pncp-api/v1/orgaos/48031918000124/compras/2024/430/arquivos/1,Ativo,"Fruta tipo: banana nanica / banana d'água, apresentação: natural (R$ 678,00); Fruta tipo: laranja pera, apresentação: natural (R$ 504,00)"
48031918000124-1-000430/2024,48031918000124-1-000430-2024.md,UNIVERSIDADE ESTADUAL PAULISTA JULIO DE MESQUITA FILHO,Ato que autoriza a Contratação Direta nº 13/2024,"Aquisição de alimentos - frutas e legumes para o restaurante universitário do IB necessária para fins de suprir a demanda do restaurante, que se encontra com baixo estoque de gêneros alimentícios para continuidade do fornecimento de refeições da Unidade e atendimento das Políticas de Permanência Estudantil e SANS.",32b+Autorizacao_Diretor.pdf,,https://pncp.gov.br/pncp-api/v1/orgaos/48031918000124/compras/2024/430/arquivos/2,Ativo,"Fruta tipo: banana nanica / banana d'água, apresentação: natural (R$ 678,00); Fruta tipo: laranja pera, apresentação: natural (R$ 504,00)"
48031918000124-1-000431/2025,48031918000124-1-000431-2025.md,UNIVERSIDADE ESTADUAL PAULISTA JULIO DE MESQUITA FILHO,Aviso de Contratação Direta nº 90003/2025,Aquisição de utensílios de cozinha industrial - cubas e tampas - para uso no Restaurante Universitário da FCT Unesp.,DCD_03_AVISO_AQUIS_UTENSILIOS_PARA_RU_%281%29_assinado.rar,,https://pncp.gov.br/pncp-api/v1/orgaos/48031918000124/compras/2025/431/arquivos/1,Ativo,"Recipiente Alimentos (R$ 5.242,75); Recipiente Alimentos (R$ 2.189,70)"
48031918000124-1-000459/2024,48031918000124-1-000459-2024.md,UNIVERSIDADE ESTADUAL PAULISTA JULIO DE MESQUITA FILHO,Ato que autoriza a Contratação Direta nº 14/2024,"Aquisição de gêneros alimentícios para o restaurante Universitário, não perecíveis.",AUTORIZACAO+DO+DIRETOR.pdf,,https://pncp.gov.br/pncp-api/v1/orgaos/48031918000124/compras/2024/459/arquivos/2,Ativo,"Arroz Beneficiado tipo: agulhinha/branco, subgrupo: polido, classe: longo fino, qualidade: tipo 1 (R$ 3.930,00); Fermento tipo: químico, apresentação: pó (R$ 35,94)"
48031918000124-1-000459/2024,48031918000124-1-000459-2024.md,UNIVERSIDADE ESTADUAL PAULISTA JULIO DE MESQUITA FILHO,Ato que autoriza a Contratação Direta nº 14/2024,"Aquisição de gêneros alimentícios para o restaurante Universitário, não perecíveis.",TR-PROCES.+398.2024.pdf,,https://pncp.gov.br/pncp-api/v1/orgaos/48031918000124/compras/2024/459/arquivos/1,Ativo,"Arroz Beneficiado tipo: agulhinha/branco, subgrupo: polido, classe: longo fino, qualidade: tipo 1 (R$ 3.930,00); Fermento tipo: químico, apresentação: pó (R$ 35,94)"
48031918000124-1-000470/2024,48031918000124-1-000470-2024.md,UNIVERSIDADE ESTADUAL PAULISTA JULIO DE MESQUITA FILHO,Ato que autoriza a Contratação Direta nº 7/2024,"Aquisição de Produtos Alimentícios à base de Carnes, como aves, suínos e bovinos para Restaurante Universítário",Publicacao+diario+oficial.pdf,,https://pncp.gov.br/pncp-api/v1/orgaos/48031918000124/compras/2024/470/arquivos/2,Ativo,"Carne De Ave In Natura tipo animal: frango, tipo corte: peito, apresentação: cortada em cubos, estado de conservação: congelado(a), processamento: sem pele, sem osso (R$ 12.398,10); Carne Bovina In Natura tipo corte: patinho, apresentação: moida, estado de conservação: resfriado(a) (R$ 6.022,50)"
48031918000124-1-000470/2024,48031918000124-1-000470-2024.md,UNIVERSIDADE ESTADUAL PAULISTA JULIO DE MESQUITA FILHO,Ato que autoriza a Contratação Direta nº 7/2024,"Aquisição de Produtos Alimentícios à base de Carnes, como aves, suínos e bovinos para Restaurante Universítário",TR14_2024+%283%29+%281%29.pdf,,https://pncp.gov.br/pncp-api/v1/orgaos/48031918000124/compras/2024/470/arquivos/1,Ativo,"Carne De Ave In Natura tipo animal: frango, tipo corte: peito, apresentação: cortada em cubos, estado de conservação: congelado(a), processamento: sem pele, sem osso (R$ 12.398,10); Carne Bovina In Natura tipo corte: patinho, apresentação: moida, estado de conservação: resfriado(a) (R$ 6.022,50)"
48031918000124-1-000525/2025,48031918000124-1-000525-2025.md,UNIVERSIDADE ESTADUAL PAULISTA JULIO DE MESQUITA FILHO,Aviso de Contratação Direta nº 90005/2025,Aquisição de utensílios de cozinha industrial - cubas e tampas - para uso no Restaurante Universitário da FCT Unesp.,DCD_05_AVISO_AQUIS_UTENSILIOS_PARA_RU_assinado.rar,,https://pncp.gov.br/pncp-api/v1/orgaos/48031918000124/compras/2025/525/arquivos/1,Ativo,"Recipiente Alimentos (R$ 12.843,85); Recipiente Alimentos (R$ 555,00)"
48031918000124-1-000627/2024,48031918000124-1-000627-2024.md,UNIVERSIDADE ESTADUAL PAULISTA JULIO DE MESQUITA FILHO,Ato que autoriza a Contratação Direta nº 9/2024,"Serviços de dedetização de diversos locais: CCI, Depto. Matemática, Biblioteca, Restaurante Universitário, DTI, Prédio Principal, Depto. Física, Depto. Ciências da Computação e Seção Técnica de Materiais.",DFDs.pdf,,https://pncp.gov.br/pncp-api/v1/orgaos/48031918000124/compras/2024/627/arquivos/2,Ativo,"Desinsetização / Desratização / Dedetização Desinsetização / Desratização / Dedetização (R$ 10.445,00)"
48031918000124-1-000627/2024,48031918000124-1-000627-2024.md,UNIVERSIDADE ESTADUAL PAULISTA JULIO DE MESQUITA FILHO,Ato que autoriza a Contratação Direta nº 9/2024,"Serviços de dedetização de diversos locais: CCI, Depto. Matemática, Biblioteca, Restaurante Universitário, DTI, Prédio Principal, Depto. Física, Depto. Ciências da Computação e Seção Técnica de Materiais.",TR.pdf,,https://pncp.gov.br/pncp-api/v1/orgaos/48031918000124/compras/2024/627/arquivos/1,Ativo,"Desinsetização / Desratização / Dedetização Desinsetização / Desratização / Dedetização (R$ 10.445,00)"
48031918000124-1-000816/2024,48031918000124-1-000816-2024.md,UNIVERSIDADE ESTADUAL PAULISTA JULIO DE MESQUITA FILHO,Edital nº 90008/2024,Registro de Preços Para Aquisição Eventual e Futura de CARNES BOVINAS E OUTROS para Atendimento do Restaurante Universitário e Centro de Convivência Infantil - CCI da FACULDADE DE CIÊNCIAS E TECNOLOGIA DA UNESP CAMPUS DE PRESIDENTE PRUDENTE,10232105900082024000.zip,PR ELETR_008_RP_AQUISICAO_CARNES.zip; PR ELETR_008_RP_AQUISICAO_CARNES.zip/ANEXO I TR63_2024 CARNES CORRIGIDO.pdf; PR ELETR_008_RP_AQUISICAO_CARNES.zip/ANEXO I.1 ETP25_2024 CARNES CORRIGIDO.pdf; PR ELETR_008_RP_AQUISICAO_CARNES.zip/ANEXO II Portaria UNESP 135 - 2023SançΣes em LicitaçΣes.docx (3) (1).pdf; PR ELETR_008_RP_AQUISICAO_CARNES.zip/ANEXO III MODELO DE PROPOSTA -editavel.docx; PR ELETR_008_RP_AQUISICAO_CARNES.zip/ANEXO III MODELO DE PROPOSTA.pdf; PR ELETR_008_RP_AQUISICAO_CARNES.zip/ANEXO IV MINUTA DA ATA DE REGISTRO DE PREÇOS.pdf; PR ELETR_008_RP_AQUISICAO_CARNES.zip/Edital_PR ELETR_90008_RP_AQUIS CARNES R U.pdf; RelacaoItens10232105900082024000.pdf,https://pncp.gov.br/pncp-api/v1/orgaos/48031918000124/compras/2024/816/arquivos/1,Ativo,"Carne bovina in natura (R$ 29.350,00); Carne processada (R$ 24.400,00)"
48031918000124-1-000826/2024,48031918000124-1-000826-2024.md,UNIVERSIDADE ESTADUAL PAULISTA JULIO DE MESQUITA FILHO,Ato que autoriza a Contratação Direta nº 16/2024,"Limpeza, desinfecção e higienização de caixas d'agua do Centro de Convivência Infantil, Restaurante Universitário e Diretoria Técnica de Informática da UNESP - Câmpus de S.J.Rio Preto",DOE+Limpeza+de+caixa+d%27agua.pdf,,https://pncp.gov.br/pncp-api/v1/orgaos/48031918000124/compras/2024/826/arquivos/2,Ativo,"Manutenção / higienização de reservatório de água potável Manutenção / higienização de reservatório de água potável (R$ 540,00); Manutenção / higienização de reservatório de água potável Manutenção / higienização de reservatório de água potável (R$ 480,00)"
48031918000124-1-000826/2024,48031918000124-1-000826-2024.md,UNIVERSIDADE ESTADUAL PAULISTA JULIO DE MESQUITA FILHO,Ato que autoriza a Contratação Direta nº 16/2024,"Limpeza, desinfecção e higienização de caixas d'agua do Centro de Convivência Infantil, Restaurante Universitário e Diretoria Técnica de Informática da UNESP - Câmpus de S.J.Rio Preto",Portaria+UNESP+07.pdf,,https://pncp.gov.br/pncp-api/v1/orgaos/48031918000124/compras/2024/826/arquivos/1,Ativo,"Manutenção / higienização de reservatório de água potável Manutenção / higienização de reservatório de água potável (R$ 540,00); Manutenção / higienização de reservatório de água potável Manutenção / higienização de reservatório de água potável (R$ 480,00)"
48031918000124-1-000869/2025,48031918000124-1-000869-2025.md,UNIVERSIDADE ESTADUAL PAULISTA JULIO DE MESQUITA FILHO,Ato que autoriza a Contratação Direta nº 59/2025,AQUISIÇÃO DE UTENSÍLIOS DE COZINHA INDUSTRIAL (CUBAS E TAMPAS) PARA USO NO RESTAURANTE UNIVERSITÁRIO DA FCT UNESP.,20%2F2025.pdf,,https://pncp.gov.br/pncp-api/v1/orgaos/48031918000124/compras/2025/869/arquivos/2,Ativo,"Recipiente Alimentos capacidade: 15,2, características adicionais: com alça, material: aço inoxidável aisi 304, referência: 1/1-100 (R$ 2.189,70); Recipiente Alimentos capacidade: 22,7, características adicionais: com alça, material: aço inoxidável aisi 304, referência: 1/1-150 (R$ 5.242,75)"
48031918000124-1-000869/2025,48031918000124-1-000869-2025.md,UNIVERSIDADE ESTADUAL PAULISTA JULIO DE MESQUITA FILHO,Ato que autoriza a Contratação Direta nº 59/2025,AQUISIÇÃO DE UTENSÍLIOS DE COZINHA INDUSTRIAL (CUBAS E TAMPAS) PARA USO NO RESTAURANTE UNIVERSITÁRIO DA FCT UNESP.,ATO+DE+AUTORIZACAO+ASSINADO.pdf,,https://pncp.gov.br/pncp-api/v1/orgaos/48031918000124/compras/2025/869/arquivos/1,Ativo,"Recipiente Alimentos capacidade: 15,2, características adicionais: com alça, material: aço inoxidável aisi 304, referência: 1/1-100 (R$ 2.189,70); Recipiente Alimentos capacidade: 22,7, características adicionais: com alça, material: aço inoxidável aisi 304, referência: 1/1-150 (R$ 5.242,75)"
48031918000124-1-000952/2025,48031918000124-1-000952-2025.md,UNIVERSIDADE ESTADUAL PAULISTA JULIO DE MESQUITA FILHO,Aviso de Contratação Direta nº 90027/2025,"Aquisição de bebedouro industrial em inox para uso no Restaurante Universitário da Universidade Estadual Paulista ""Júlio de Mesquita Filho"" - Faculdade de Ciências Humanas e Sociais - Campus de Franca",AC_102316-000027-2025.zip,ANEXO I - TR102316_000051_2025.pdf; ANEXO II - Portaria UNESP 135 - 2023 Sancoes em Licitacoes.pdf; ANEXO III - MODELO REFERENTE A PLANILHA DE PROPOSTA.pdf; ANEXO IV - MODELO DE DECLARACAO EXIGIDA PARA HABILITACAO.pdf; ANEXO V - MODELO DE DECLARACAO PARA OS OPTANTES DO SIMPLES NACIONAL.pdf; AC_102316-000027-2025.pdf,https://pncp.gov.br/pncp-api/v1/orgaos/48031918000124/compras/2025/952/arquivos/1,Ativo,"Bebedouro Água (R$ 3.324,00)"
48031918000124-1-000967/2024,48031918000124-1-000967-2024.md,UNIVERSIDADE ESTADUAL PAULISTA JULIO DE MESQUITA FILHO,Ato que autoriza a Contratação Direta nº 11/2024,AQUISIÇÃO DE MATERIAIS DE HIGIENE E LIMPEZA PELO PERÍODO DE 4 MESES PARA O ESTOQUE DO ALMOXARIFADO E RESTAURANTE UNIVERSITÁRIO,295+-+ATO+DE+AUTORIZACAO.pdf,,https://pncp.gov.br/pncp-api/v1/orgaos/48031918000124/compras/2024/967/arquivos/2,Ativo,"Fósforo material corpo: madeira, tipo: curto (R$ 49,35); Água Sanitária composição química: hipoclorito de sódio, hidróxido de sódio, cloreto, teor cloro ativo: varia de 2 a 2,50%, cor: incolor, aplicação: lavagem e alvejante de roupas, banheiras, pias, (R$ 799,20)"
48031918000124-1-000967/2024,48031918000124-1-000967-2024.md,UNIVERSIDADE ESTADUAL PAULISTA JULIO DE MESQUITA FILHO,Ato que autoriza a Contratação Direta nº 11/2024,AQUISIÇÃO DE MATERIAIS DE HIGIENE E LIMPEZA PELO PERÍODO DE 4 MESES PARA O ESTOQUE DO ALMOXARIFADO E RESTAURANTE UNIVERSITÁRIO,295+-+NOTA+DE+EMPENHO+VINI+HIGIENE.pdf,,https://pncp.gov.br/pncp-api/v1/orgaos/48031918000124/compras/2024/967/arquivos/1,Ativo,"Fósforo material corpo: madeira, tipo: curto (R$ 49,35); Água Sanitária composição química: hipoclorito de sódio, hidróxido de sódio, cloreto, teor cloro ativo: varia de 2 a 2,50%, cor: incolor, aplicação: lavagem e alvejante de roupas, banheiras, pias, (R$ 799,20)"
48031918000124-1-001006/2024,48031918000124-1-001006-2024.md,UNIVERSIDADE ESTADUAL PAULISTA JULIO DE MESQUITA FILHO,Ato que autoriza a Contratação Direta nº 28/2024,AQUISIÇÃO DE MATERIAIS DESCARTÁVEIS E EMBALAGENS PELO PERÍODO DE 4 MESES PARA O ESTOQUE DO ALMOXARIFADO E RESTAURANTE UNIVERSITÁRIO,333+-+ATO+DE+AUTORIZACAO.pdf,,https://pncp.gov.br/pncp-api/v1/orgaos/48031918000124/compras/2024/1006/arquivos/1,Ativo,"Copo Descartável material: polipropileno, capacidade: 180, aplicação: líquidos frios e quentes, características adicionais: atóxico e biodegradável (R$ 2.850,00); Copo Descartável material: plástico, capacidade: 100, aplicação: sobremesa, cor: branco (R$ 3.675,00)"
48031918000124-1-001006/2024,48031918000124-1-001006-2024.md,UNIVERSIDADE ESTADUAL PAULISTA JULIO DE MESQUITA FILHO,Ato que autoriza a Contratação Direta nº 28/2024,AQUISIÇÃO DE MATERIAIS DESCARTÁVEIS E EMBALAGENS PELO PERÍODO DE 4 MESES PARA O ESTOQUE DO ALMOXARIFADO E RESTAURANTE UNIVERSITÁRIO,333+-+NOTA+DE+EMPENHO+ELVIS.pdf,,https://pncp.gov.br/pncp-api/v1/orgaos/48031918000124/compras/2024/1006/arquivos/2,Ativo,"Copo Descartável material: polipropileno, capacidade: 180, aplicação: líquidos frios e quentes, características adicionais: atóxico e biodegradável (R$ 2.850,00); Copo Descartável material: plástico, capacidade: 100, aplicação: sobremesa, cor: branco (R$ 3.675,00)"
48031918000124-1-001006/2025,48031918000124-1-001006-2025.md,UNIVERSIDADE ESTADUAL PAULISTA JULIO DE MESQUITA FILHO,Edital nº 90013/2025,Constituição de SISTEMA DE REGISTRO DE PREÇOS PARA AQUISIÇÃO DE LEGUMES CONGELADOS PARA ATENDIMENTO AO RESTAURANTE UNIVERSITÁRIO E AO CENTRO DE CONVIVÊNCIA INFANTIL DA FACULDADE DE CIÊNCIAS E TECNOLOGIA DA UNESP – CAMPUS DE PRESIDENTE PRUDENTE,10232105900132025000.zip,COMPILADO DO EDITAL.zip; COMPILADO DO EDITAL.zip/ANEXO I - TERMO DE REFERÊNCIA.pdf; COMPILADO DO EDITAL.zip/ANEXO I.1 - ESTUDO TÉCNICO PRELIMINAR.pdf; COMPILADO DO EDITAL.zip/ANEXO II - PORTARIA UNESP 135-2023.pdf; COMPILADO DO EDITAL.zip/ANEXO III - MODELO DE PROPOSTA.docx; COMPILADO DO EDITAL.zip/ANEXO IV - MINUTA DA ATA DE REGISTRO DE PREÇOS.pdf; COMPILADO DO EDITAL.zip/EDITAL DE PR ELETR_013_RP LEGUMES CONGELADOS PARA RU E CCI (1).pdf; RelacaoItens10232105900132025000.pdf,https://pncp.gov.br/pncp-api/v1/orgaos/48031918000124/compras/2025/1006/arquivos/1,Ativo,"Legume processado (R$ 15.768,00); Legume processado (R$ 20.985,00)"
48031918000124-1-001025/2025,48031918000124-1-001025-2025.md,UNIVERSIDADE ESTADUAL PAULISTA JULIO DE MESQUITA FILHO,Edital nº 90014/2025,Registro de Preços para aquisições futuras de carnes para atendimento ao Restaurante Universitário e ao Centro de Convivência Infantil da Faculdade de Ciências e Tecnologia da Unesp - Campus de Presidente Prudente,10232105900142025000.zip,PR ELETR_014_RP AQUIS CARNES.zip; PR ELETR_014_RP AQUIS CARNES.zip/PR ELETR_014_RP AQUIS CARNES.pdf; PR ELETR_014_RP AQUIS CARNES.zip/ANEXO I TR_58_2025.pdf; PR ELETR_014_RP AQUIS CARNES.zip/ANEXO I.I ETP_31_2025.pdf; PR ELETR_014_RP AQUIS CARNES.zip/ANEXO II - PORTARIA UNESP 135-2023.pdf; PR ELETR_014_RP AQUIS CARNES.zip/ANEXO III - MODELO DE PROPOSTA.docx; PR ELETR_014_RP AQUIS CARNES.zip/ANEXO IV MINUTA DA ATA DE REGISTRO DE PREÇOS.pdf; RelacaoItens10232105900142025000.pdf,https://pncp.gov.br/pncp-api/v1/orgaos/48031918000124/compras/2025/1025/arquivos/1,Ativo,"Carne bovina in natura (R$ 76.200,00); Carne bovina in natura (R$ 58.755,00)"
48031918000124-1-001036/2025,48031918000124-1-001036-2025.md,UNIVERSIDADE ESTADUAL PAULISTA JULIO DE MESQUITA FILHO,Aviso de Contratação Direta nº 90007/2025,Aquisição de tintas e produtos para pintura predial do Restaurante Universitário da UNESP de São José do Rio Preto.,Documentos+para+publicacao.zip,10 - Aviso de Contrataç╞o Direta.pdf; 4 - TR.pdf,https://pncp.gov.br/pncp-api/v1/orgaos/48031918000124/compras/2025/1036/arquivos/1,Ativo,"Tinta Acrílica (R$ 5.814,52)"
48031918000124-1-001119/2025,48031918000124-1-001119-2025.md,UNIVERSIDADE ESTADUAL PAULISTA JULIO DE MESQUITA FILHO,Edital nº 90002/2025,Aquisição de Equipamentos para o Restaurante Universitário.,10230805900022025000.zip,EDITAIS E ANEXOS.zip; EDITAIS E ANEXOS.zip/EDITAIS E ANEXOS - LICITANTES/ANEXO I - TERMO DE REFER╥NCIA.pdf; EDITAIS E ANEXOS.zip/EDITAIS E ANEXOS - LICITANTES/ANEXO III - MODELO DE PROPOSTA.docx; EDITAIS E ANEXOS.zip/EDITAIS E ANEXOS - LICITANTES/EDITAL - AQUISIÇ╟O EQUIPAMENTOS PARA O RU.pdf; RelacaoItens10230805900022025000.pdf,https://pncp.gov.br/pncp-api/v1/orgaos/48031918000124/compras/2025/1119/arquivos/1,Ativo,"Balcão Térmico (R$ 50.678,00); Balcão Térmico (R$ 25.570,00)"
48031918000124-1-001127/2024,48031918000124-1-001127-2024.md,UNIVERSIDADE ESTADUAL PAULISTA JULIO DE MESQUITA FILHO,Aviso de Contratação Direta nº 90014/2024,Aquisição de Equipamentos e Utensílios para o Restaurante Universitário.,AC17_2024.pdf,,https://pncp.gov.br/pncp-api/v1/orgaos/48031918000124/compras/2024/1127/arquivos/1,Ativo,"Modelador Hamburguer (R$ 1.540,00); Picador Legumes (R$ 1.806,50)"
48031918000124-1-001178/2024,48031918000124-1-001178-2024.md,UNIVERSIDADE ESTADUAL PAULISTA JULIO DE MESQUITA FILHO,Ato que autoriza a Contratação Direta nº 8/2024,"Aquisição de produtos à base de cereais e leguminosas, além de produtos não perecíveis para comporem os cardápios elaborados e produzidos pelo Restaurante Universitário",Empenho-1.pdf,,https://pncp.gov.br/pncp-api/v1/orgaos/48031918000124/compras/2024/1178/arquivos/1,Ativo,"Arroz Beneficiado tipo: agulhinha/branco, subgrupo: polido, classe: longo fino, qualidade: tipo 1 (R$ 5.670,00); Leguminosa variedade: feijão carioca, tipo: tipo 1 (R$ 2.880,00)"
48031918000124-1-001178/2024,48031918000124-1-001178-2024.md,UNIVERSIDADE ESTADUAL PAULISTA JULIO DE MESQUITA FILHO,Ato que autoriza a Contratação Direta nº 8/2024,"Aquisição de produtos à base de cereais e leguminosas, além de produtos não perecíveis para comporem os cardápios elaborados e produzidos pelo Restaurante Universitário",Publicacao+Diario+Oficial.pdf,,https://pncp.gov.br/pncp-api/v1/orgaos/48031918000124/compras/2024/1178/arquivos/2,Ativo,"Arroz Beneficiado tipo: agulhinha/branco, subgrupo: polido, classe: longo fino, qualidade: tipo 1 (R$ 5.670,00); Leguminosa variedade: feijão carioca, tipo: tipo 1 (R$ 2.880,00)"
48031918000124-1-001227/2025,48031918000124-1-001227-2025.md,UNIVERSIDADE ESTADUAL PAULISTA JULIO DE MESQUITA FILHO,Edital nº 90014/2025,Contratação de serviço de reforma predial do Restaurante Universitário da UNESP – Câmpus de São José do Rio Preto.,10232405900142025000.zip,Documentos para publicacao.zip; Documentos para publicacao.zip/11 - Edital Preg╞o 90014-2025 Reforma do RU (editado e assinado).pdf; Documentos para publicacao.zip/3 - ETP.pdf; Documentos para publicacao.zip/4 - TR.pdf; RelacaoItens10232405900142025000.pdf,https://pncp.gov.br/pncp-api/v1/orgaos/48031918000124/compras/2025/1227/arquivos/1,Ativo,"Construção / Manutenção / Reforma - Telhado (R$ 214.267,00)"
48031918000124-1-001243/2025,48031918000124-1-001243-2025.md,UNIVERSIDADE ESTADUAL PAULISTA JULIO DE MESQUITA FILHO,Ato que autoriza a Contratação Direta nº 58/2025,SERVIÇO DE DESINSETIZAÇÃO PARA CONTROLE DE PRAGAS,245+-+DESPACHO+DA+AUTORIDADE.pdf,,https://pncp.gov.br/pncp-api/v1/orgaos/48031918000124/compras/2025/1243/arquivos/1,Ativo,"Desinsetização / desratização / dedetização Desinsetização / desratização / dedetização (R$ 1.850,00)"
48031918000124-1-001272/2025,48031918000124-1-001272-2025.md,UNIVERSIDADE ESTADUAL PAULISTA JULIO DE MESQUITA FILHO,Aviso de Contratação Direta nº 90011/2025,Contratação de serviço de limpeza de caixas d'água do Restaurante Universitário da FCT Unesp.,DCD_11_AVISO+SERV+DE+LIMPEZA+DE+CAIXA+D%27AGUA+RU.rar,,https://pncp.gov.br/pncp-api/v1/orgaos/48031918000124/compras/2025/1272/arquivos/1,Ativo,"Manutenção / Higienização de Reservatório de Água Potável (R$ 1.483,33)"
48031918000124-1-001276/2025,48031918000124-1-001276-2025.md,UNIVERSIDADE ESTADUAL PAULISTA JULIO DE MESQUITA FILHO,Aviso de Contratação Direta nº 90012/2025,Contratação de serviço de limpeza de caixa de gordura do restaurante universitário da FCT Unesp.,DCD_12_AVISO+SERV+DE+LIMPEZA+DE+CAIXA+DE+GORDURA+RU.rar,,https://pncp.gov.br/pncp-api/v1/orgaos/48031918000124/compras/2025/1276/arquivos/1,Ativo,"Limpeza de Fossa / Esgoto / Boca de Lobo (R$ 3.100,00)"
48031918000124-1-001296/2025,48031918000124-1-001296-2025.md,UNIVERSIDADE ESTADUAL PAULISTA JULIO DE MESQUITA FILHO,Edital nº 90019/2025,Registro de Preços para AQUISIÇÃO DE GÁS GLP A GRANEL COM COMODATO DE QUATRO VASILHAMES P-190 PARA ATENDIMENTO DO RESTAURANTE UNIVERSITÁRIO DA FACULDADE DE CIÊNCIAS E TECNOLOGIA DA UNESP – CAMPUS DE PRESIDENTE PRUDENTE,10232105900192025000.zip,COMPILADO DO EDITAL.zip; COMPILADO DO EDITAL.zip/ANEXO I - TERMO DE REFERENCIA.pdf; COMPILADO DO EDITAL.zip/ANEXO I.1 - ESTUDO TÉCNICO PRELIMINAR.pdf; COMPILADO DO EDITAL.zip/ANEXO II - PORTARIA UNESP 135-2023.pdf; COMPILADO DO EDITAL.zip/ANEXO III - MODELO DE PROPOSTA.docx; COMPILADO DO EDITAL.zip/ANEXO IV - MINUTA DA ATA DE REGISTRO DE PREÇOS.pdf; COMPILADO DO EDITAL.zip/EDITAL DE PR ELETR_019_RP AQUIS GÁS GLP A GRANEL.pdf; RelacaoItens10232105900192025000.pdf,https://pncp.gov.br/pncp-api/v1/orgaos/48031918000124/compras/2025/1296/arquivos/1,Ativo,"Gás refino de petróleo (R$ 38.220,00)"
48031918000124-1-001308/2024,48031918000124-1-001308-2024.md,UNIVERSIDADE ESTADUAL PAULISTA JULIO DE MESQUITA FILHO,Ato que autoriza a Contratação Direta nº 6/2024,Aquisição de material de consumo - Materiais descartáveis de de limpeza para uso no Restaurante Universitário.,ATO+DE+AUTORIZACAO.pdf,,https://pncp.gov.br/pncp-api/v1/orgaos/48031918000124/compras/2024/1308/arquivos/1,Ativo,"Avental material: pvc - cloreto de polivinila, cor: incolor, características adicionais: laminado transparente com gravuras, tamanho: pp (R$ 1.290,00); Saco material: plástico, capacidade: 10, aplicação: acondicionamento de alimentos, características adicionais: bobina picotada, altura: 60, largura: 40, espessura: 0,04 (R$ 96,40)"
48031918000124-1-001375/2025,48031918000124-1-001375-2025.md,UNIVERSIDADE ESTADUAL PAULISTA JULIO DE MESQUITA FILHO,Edital nº 90005/2025,Readequação e substituição de rede coletora de esgoto do Restaurante Universitário do Campus de Bauru/SP.,10230803900052025000.zip,"EDITAL E ANEXOS - PROCESSO N 115.2025.zip; EDITAL E ANEXOS - PROCESSO N 115.2025.zip/1. EDITAL - REDE COLETORA DE ESGOTO.pdf; EDITAL E ANEXOS - PROCESSO N 115.2025.zip/2. TERMO DE REFER╥NCIA - REDE COLETORA DE ESGOTO.pdf; EDITAL E ANEXOS - PROCESSO N 115.2025.zip/PLANILHAS, CROQUIS E DESENHOS/CA11 - CAIXA PASSAGEM.pdf; EDITAL E ANEXOS - PROCESSO N 115.2025.zip/PLANILHAS, CROQUIS E DESENHOS/CG01 - CAIXA DE GORDURA.pdf; EDITAL E ANEXOS - PROCESSO N 115.2025.zip/PLANILHAS, CROQUIS E DESENHOS/Croqui - ╡reas de reforma.pdf; EDITAL E ANEXOS - PROCESSO N 115.2025.zip/PLANILHAS, CROQUIS E DESENHOS/Croqui - Troca de pisos.pdf; EDITAL E ANEXOS - PROCESSO N 115.2025.zip/PLANILHAS, CROQUIS E DESENHOS/Detalhe - piso podotátil entrada.pdf; EDITAL E ANEXOS - PROCESSO N 115.2025.zip/PLANILHAS, CROQUIS E DESENHOS/Detalhe - piso podotátil saída.pdf; EDITAL E ANEXOS - PROCESSO N 115.2025.zip/PLANILHAS, CROQUIS E DESENHOS/Hidraulica original - sem escala.pdf; EDITAL E ANEXOS - PROCESSO N 115.2025.zip/PLANILHAS, CROQUIS E DESENHOS/Planilha orçamentária - Adequaç╞o Restaurante Universitário_Maio.25.xls; EDITAL E ANEXOS - PROCESSO N 115.2025.zip/PLANILHAS, CROQUIS E DESENHOS/Planilha orçamentária - Em branco.xls; EDITAL E ANEXOS - PROCESSO N 115.2025.zip/PLANILHAS, CROQUIS E DESENHOS/Projeto de Adequaç╞o Restaurante Universitário.dwg; RelacaoItens10230803900052025000.pdf",https://pncp.gov.br/pncp-api/v1/orgaos/48031918000124/compras/2025/1375/arquivos/1,Ativo,"Manutenção / Reforma Predial (R$ 151.328,78)"
48031918000124-1-001525/2025,48031918000124-1-001525-2025.md,UNIVERSIDADE ESTADUAL PAULISTA JULIO DE MESQUITA FILHO,Aviso de Contratação Direta nº 90014/2025,Aquisição de material de consumo – detergente e secante para lava-louças do Restaurante Universitário,DCD+014+AVISO+AQUIS+DE+DETERGENTE+E+SECANTE.zip,ANEXO I - TERMO DE REFERÊNCIA.pdf; ANEXO II - PORTARIA UNESP.pdf; ANEXO III - MODELO DE PROPOSTA.docx; DCD_014_AVISO AQUIS DETERGENTE E SECANTE.pdf,https://pncp.gov.br/pncp-api/v1/orgaos/48031918000124/compras/2025/1525/arquivos/1,Ativo,"Detergente (R$ 1.173,51); Secante (R$ 2.184,84)"
48031918000124-1-001795/2025,48031918000124-1-001795-2025.md,UNIVERSIDADE ESTADUAL PAULISTA JULIO DE MESQUITA FILHO,Ato que autoriza a Contratação Direta nº 179/2025,CONTRATAÇÃO DE SERVIÇO - SEGURANÇA PATRIMONIAL DA MORADA ESTUDANTIL E RESTAURANTE UNIVERSITÁRIO,justificativa+-+Fernanda+Almeida.pdf,,https://pncp.gov.br/pncp-api/v1/orgaos/48031918000124/compras/2025/1795/arquivos/1,Ativo,"Prestação de Serviço de Vigilância e Segurança - Orgânica -24 Horas Diuturnas Prestação de Serviço de Vigilância e Segurança - Orgânica -24 Horas Diuturnas (R$ 62.700,00)"
48031918000124-1-001819/2024,48031918000124-1-001819-2024.md,UNIVERSIDADE ESTADUAL PAULISTA JULIO DE MESQUITA FILHO,Ato que autoriza a Contratação Direta nº 36/2024,Aquisição de suprimentos para máquina de lavar louças do restaurante universitário,Despacho+DTAd+%282%29.pdf,,https://pncp.gov.br/pncp-api/v1/orgaos/48031918000124/compras/2024/1819/arquivos/1,Ativo,"Detergente composição: hidróxido sódio, hipipoclorito sódio, dispersante, componente ativo: alcalino clorado, aplicação: máquina lavar louça, características adicionais: solução de 0,2 a 0,6%, alto poder desengordurante, aspecto físico: líquido (R$ 1.064,00); Secante aspecto físico: líquido, composição: tensoativos aniônicos biodegradáveis, características adicionais: c/ agente dispersante e inibidor de espuma (R$ 2.536,00)"
48031918000124-1-001819/2024,48031918000124-1-001819-2024.md,UNIVERSIDADE ESTADUAL PAULISTA JULIO DE MESQUITA FILHO,Ato que autoriza a Contratação Direta nº 36/2024,Aquisição de suprimentos para máquina de lavar louças do restaurante universitário,NE+-+Noroeste.pdf,,https://pncp.gov.br/pncp-api/v1/orgaos/48031918000124/compras/2024/1819/arquivos/2,Ativo,"Detergente composição: hidróxido sódio, hipipoclorito sódio, dispersante, componente ativo: alcalino clorado, aplicação: máquina lavar louça, características adicionais: solução de 0,2 a 0,6%, alto poder desengordurante, aspecto físico: líquido (R$ 1.064,00); Secante aspecto físico: líquido, composição: tensoativos aniônicos biodegradáveis, características adicionais: c/ agente dispersante e inibidor de espuma (R$ 2.536,00)"
48031918000124-1-001825/2025,48031918000124-1-001825-2025.md,UNIVERSIDADE ESTADUAL PAULISTA JULIO DE MESQUITA FILHO,Ato que autoriza a Contratação Direta nº 335/2025,Aquisição de legumes congelados para atendimento ao Restaurante Universitário e ao Centro de Convivência Infantil da FCT Unesp.,ATO+DE+AUTORIZACAO+ASSINADO.pdf,,https://pncp.gov.br/pncp-api/v1/orgaos/48031918000124/compras/2025/1825/arquivos/1,Ativo,"Legume Processado tipo: brócolis, preparo: in natura, apresentação: congelado (R$ 5.865,60); Verdura Processada tipo: espinafre, preparo: in natura, apresentação: congelado (R$ 2.727,00)"
48031918000124-1-001914/2025,48031918000124-1-001914-2025.md,UNIVERSIDADE ESTADUAL PAULISTA JULIO DE MESQUITA FILHO,Ato que autoriza a Contratação Direta nº 318/2025,AQUISIÇÃO DE DETERGENTE E SECANTE PARA MÁQUINA LAVA-LOUÇAS DO RESTAURANTE UNIVERSITÁRIO,79%2F2025.pdf,,https://pncp.gov.br/pncp-api/v1/orgaos/48031918000124/compras/2025/1914/arquivos/2,Ativo,"DESINCROSTANTE ASPECTO FÍSICO: LÍQUIDO, COMPOSIÇÃO: HIDRÓXIDOS, SEQUESTRANTES E UMECTANTES, PRINCÍPIO ATIVO: HIDRÓXIDO DE SÓDIO, TEOR ACIDEZ: 12,5 A 13,5, TIPO: LIMPEZA PESADA (R$ 1.620,00); SECANTE ASPECTO FÍSICO: LÍQUIDO, CARACTERÍSTICAS ADICIONAIS: AGENTE DISPERSANTE, INIBIDOR DE ESPUMA, COMPOSIÇÃO: COPOLÍMERO ETOXILADO/PROPOXILADO, CONSERVANTE, COR: AZUL, DENSIDADE: 1,025+ -0,005GRS/ML, DILUIÇÃO: 0,04% A 0,07% (R$ 2.700,00)"
48031918000124-1-001914/2025,48031918000124-1-001914-2025.md,UNIVERSIDADE ESTADUAL PAULISTA JULIO DE MESQUITA FILHO,Ato que autoriza a Contratação Direta nº 318/2025,AQUISIÇÃO DE DETERGENTE E SECANTE PARA MÁQUINA LAVA-LOUÇAS DO RESTAURANTE UNIVERSITÁRIO,ATO+DE+AUTORIZACAO+ASSINADO.pdf,,https://pncp.gov.br/pncp-api/v1/orgaos/48031918000124/compras/2025/1914/arquivos/1,Ativo,"DESINCROSTANTE ASPECTO FÍSICO: LÍQUIDO, COMPOSIÇÃO: HIDRÓXIDOS, SEQUESTRANTES E UMECTANTES, PRINCÍPIO ATIVO: HIDRÓXIDO DE SÓDIO, TEOR ACIDEZ: 12,5 A 13,5, TIPO: LIMPEZA PESADA (R$ 1.620,00); SECANTE ASPECTO FÍSICO: LÍQUIDO, CARACTERÍSTICAS ADICIONAIS: AGENTE DISPERSANTE, INIBIDOR DE ESPUMA, COMPOSIÇÃO: COPOLÍMERO ETOXILADO/PROPOXILADO, CONSERVANTE, COR: AZUL, DENSIDADE: 1,025+ -0,005GRS/ML, DILUIÇÃO: 0,04% A 0,07% (R$ 2.700,00)"
48031918000124-1-001983/2024,48031918000124-1-001983-2024.md,UNIVERSIDADE ESTADUAL PAULISTA JULIO DE MESQUITA FILHO,Aviso de Contratação Direta nº 90043/2024,Aquisição de uniformes para os funcionários do Restaurante Universitário da FCT Unesp.,DCD_43_AVISO_AQUIS_UNIFORMES_PARA_RU.rar,,https://pncp.gov.br/pncp-api/v1/orgaos/48031918000124/compras/2024/1983/arquivos/1,Ativo,"Avental (R$ 478,30); Calça (R$ 720,00)"
48031918000124-1-002086/2025,48031918000124-1-002086-2025.md,UNIVERSIDADE ESTADUAL PAULISTA JULIO DE MESQUITA FILHO,Aviso de Contratação Direta nº 90013/2025,Aquisição de utensílios para o restaurante universitário,Aviso+de+Contratacao+Direta+-+90013.2025.pdf,,https://pncp.gov.br/pncp-api/v1/orgaos/48031918000124/compras/2025/2086/arquivos/1,Ativo,"Bandeja Metálica (R$ 25.908,00); Garfo Mesa (R$ 1.589,48)"
48031918000124-1-002103/2025,48031918000124-1-002103-2025.md,UNIVERSIDADE ESTADUAL PAULISTA JULIO DE MESQUITA FILHO,Aviso de Contratação Direta nº 90044/2025,Aquisição de Equipamentos Industriais para o Restaurante Universitário,AC_102316-000044-2025.zip,TR_102316-000063-2025.pdf; 2 - Anexo II - Portaria UNESP 135 - 2023 Sancoes em Licitacoes (3).pdf; 3 - Anexo III - Modelo Planilha de Proposta.pdf; 4 - Anexo IV - Modelo Declaracao Exigida para Habilitacao.pdf; 5 - Anexo V - Modelo Declaracao para os Optantes do Simples Nacional.pdf; AC_102316-000044-2025.pdf,https://pncp.gov.br/pncp-api/v1/orgaos/48031918000124/compras/2025/2103/arquivos/1,Ativo,"Amaciador Eletrico De Carne (R$ 4.397,60); Caldeirão (R$ 16.850,00)"
48031918000124-1-002165/2025,48031918000124-1-002165-2025.md,UNIVERSIDADE ESTADUAL PAULISTA JULIO DE MESQUITA FILHO,Aviso de Contratação Direta nº 91022/2025,Aquisição de Estante Industrial para o Restaurante Universitário,91022+-+Estante+Industrial+-+Aviso+%2B+TR.pdf,,https://pncp.gov.br/pncp-api/v1/orgaos/48031918000124/compras/2025/2165/arquivos/1,Ativo,"Prateleira (R$ 11.980,00)"
48031918000124-1-002224/2024,48031918000124-1-002224-2024.md,UNIVERSIDADE ESTADUAL PAULISTA JULIO DE MESQUITA FILHO,Aviso de Contratação Direta nº 90046/2024,Aquisição de material de consumo - Equipamentos de proteção individual para utilização pelos funcionários do Restaurante Universitário da Faculdade de Ciências e Tecnologia - UNESP,DCD_46_AVISO+AQUIS+EPIs+PARA+RESTAURANTE+UNIVERSITARIO.rar,,https://pncp.gov.br/pncp-api/v1/orgaos/48031918000124/compras/2024/2224/arquivos/1,Ativo,"Avental (R$ 866,40); Avental (R$ 573,20)"
48031918000124-1-002244/2025,48031918000124-1-002244-2025.md,UNIVERSIDADE ESTADUAL PAULISTA JULIO DE MESQUITA FILHO,Edital nº 90038/2025,Contratação de serviços de fabricação e instalação de uma coifa com sistema de exaustão para o Restaurante Universitário da UNESP CSJRP.,10232405900382025000.zip,Documentos para publicacao.zip; Documentos para publicacao.zip/11 - Edital Preg╞o 90038-2025 - Fabricaç╞o de coifa (assinado).pdf; Documentos para publicacao.zip/3 - ETP 164.pdf; Documentos para publicacao.zip/4 - TR 171 (vers╞o final).pdf; RelacaoItens10232405900382025000.pdf,https://pncp.gov.br/pncp-api/v1/orgaos/48031918000124/compras/2025/2244/arquivos/1,Ativo,"Instalação e Montagem de Cozinhas Industriais (R$ 27.200,00)"
48031918000124-1-002308/2025,48031918000124-1-002308-2025.md,UNIVERSIDADE ESTADUAL PAULISTA JULIO DE MESQUITA FILHO,Ato que autoriza a Contratação Direta nº 126/2025,Aquisição de estante para o Restaurante Universitário,Empenho+-+Estante.pdf,,https://pncp.gov.br/pncp-api/v1/orgaos/48031918000124/compras/2025/2308/arquivos/1,Ativo,"Estante Metálica material: aço inoxidável aisi 304 18.8, altura: 180, largura: 110, profundidade: 50, tipo prateleiras: chapa gradeada, quantidade prateleiras: 5, tratamento superficial: escovado, características adicionais: pés tubulares com sapatas niveladoras rosqueadas (R$ 6.750,00)"
48031918000124-1-002311/2025,48031918000124-1-002311-2025.md,UNIVERSIDADE ESTADUAL PAULISTA JULIO DE MESQUITA FILHO,Ato que autoriza a Contratação Direta nº 127/2025,Aquisição de cadeira de descanso e mesa inox para o restaurante universitário.,Empenho+-+Cadeira+e+Mesa.pdf,,https://pncp.gov.br/pncp-api/v1/orgaos/48031918000124/compras/2025/2311/arquivos/1,Ativo,"Cadeira material: metal, tipo espaldar: alto, acabamento superficial: pintado (R$ 1.979,70); Mesa Copa/Cozinha material mesa: aço inox, comprimento mesa: 1,0, largura mesa: 0,75, altura mesa: 0,90 (R$ 527,98)"
48031918000124-1-002330/2025,48031918000124-1-002330-2025.md,UNIVERSIDADE ESTADUAL PAULISTA JULIO DE MESQUITA FILHO,Ato que autoriza a Contratação Direta nº 216/2025,Manutenção em câmara fria do restaurante universitário,15+Autorizacao+DL+e+Despesa.pdf,,https://pncp.gov.br/pncp-api/v1/orgaos/48031918000124/compras/2025/2330/arquivos/1,Ativo,"Manutenção de Equipamentos de Cozinha Industrial Manutenção de Equipamentos de Cozinha Industrial (R$ 1.416,67)"
48031918000124-1-002330/2025,48031918000124-1-002330-2025.md,UNIVERSIDADE ESTADUAL PAULISTA JULIO DE MESQUITA FILHO,Ato que autoriza a Contratação Direta nº 216/2025,Manutenção em câmara fria do restaurante universitário,Orcamento+LAVILATEC+Camara+fria.pdf,,https://pncp.gov.br/pncp-api/v1/orgaos/48031918000124/compras/2025/2330/arquivos/2,Ativo,"Manutenção de Equipamentos de Cozinha Industrial Manutenção de Equipamentos de Cozinha Industrial (R$ 1.416,67)"
48031918000124-1-002346/2025,48031918000124-1-002346-2025.md,UNIVERSIDADE ESTADUAL PAULISTA JULIO DE MESQUITA FILHO,Aviso de Contratação Direta nº 91008/2025,Aquisição de utensílios de cozinha para o Restaurante Universitário,SIASGNET+-+aviso+%2B+TR+-+utensilios+de+cozinha.pdf,,https://pncp.gov.br/pncp-api/v1/orgaos/48031918000124/compras/2025/2346/arquivos/1,Ativo,"Assadeira (R$ 900,00); Bandeja (R$ 3.145,00)"
48031918000124-1-002351/2024,48031918000124-1-002351-2024.md,UNIVERSIDADE ESTADUAL PAULISTA JULIO DE MESQUITA FILHO,Aviso de Contratação Direta nº 99008/2024,"Contratação de empresa para prestação de serviços de atualização de projeto técnico de combate a incêndio (AVCB) do Campus de Marília referentes aos prédios do Restaurante Universitário e da Biblioteca, inserindo também demais edificações não contempladas anteriormente para atualização dos layouts existentes, e emissão de ART necessárias para elaboração do projeto e inspeção das edificações, com taxas de ART inclusas.",PNCP.zip,0 - AVISO DE CONTRATACAO DIRETA.pdf; ANEXO I - TERMO DE REFERENCIA.pdf; ANEXO II - MODELO DE NOTA DE EMPENHO.pdf; Anexo III - Portaria de SançΣes - Portaria Unesp 135-2023.pdf; ANEXO IV - MODELO DA PLANILHA DE PROPOSTA.docx; ANEXO V - MODELO DE DECLARAÇ╟O.docx; ANEXO VI - PORTARIA 6-2024 - AGENTES DE CONTRATAÇ╟O.pdf; ANEXO VII - PORTARIA UNESP 7-2024.pdf,https://pncp.gov.br/pncp-api/v1/orgaos/48031918000124/compras/2024/2351/arquivos/1,Ativo,"Estudos e Projetos de Sistemas de Proteção Contra Incêncio (R$ 35.775,72)"
48031918000124-1-002369/2025,48031918000124-1-002369-2025.md,UNIVERSIDADE ESTADUAL PAULISTA JULIO DE MESQUITA FILHO,Aviso de Contratação Direta nº 90016/2025,Aquisição de utensílios para o restaurante universitário.,14.08aviso_de_contratacao_direta_lei_14-133-ESP_11_06_25.pdf,,https://pncp.gov.br/pncp-api/v1/orgaos/48031918000124/compras/2025/2369/arquivos/2,Ativo,"Recipiente Alimentos (R$ 3.201,40)"
48031918000124-1-002397/2024,48031918000124-1-002397-2024.md,UNIVERSIDADE ESTADUAL PAULISTA JULIO DE MESQUITA FILHO,Aviso de Contratação Direta nº 90048/2024,Aquisição de utensílios para cozinha do Restaurante Universitário da Faculdade de Ciências e Tecnologia - Unesp,DCD+48+Aquisicao+de+utensilios+para+cozinha+do+RU.zip,ANEXO II - Portaria UNESP 135-2023.pdf; ANEXO III - MODELO DE PROPOSTA.docx; DCD_48_AVISO AQUISIÇ╟O DE UTENS╓LIOS PARA COZINHA DO R U.pdf; TR124_2024 (4).pdf,https://pncp.gov.br/pncp-api/v1/orgaos/48031918000124/compras/2024/2397/arquivos/1,Ativo,"Faca Mesa (R$ 34,68); Acendedor Fogão (R$ 260,10)"
48031918000124-1-002440/2025,48031918000124-1-002440-2025.md,UNIVERSIDADE ESTADUAL PAULISTA JULIO DE MESQUITA FILHO,Ato que autoriza a Contratação Direta nº 293/2025,"Contratação de empresa especializada para execução de serviços de adaptação e instalação de porta de saída de emergência com barra antipânico, no Restaurante Universitário da UNESP – Câmpus de Marília, em conformidade com as exigências do Corpo de Bombeiros, visando à obtenção ou renovação do Auto de Vistoria do Corpo de Bombeiros (AVCB).",Ato+de+autorizacao+DG.pdf,,https://pncp.gov.br/pncp-api/v1/orgaos/48031918000124/compras/2025/2440/arquivos/2,Ativo,"Instalação / Remoção de Divisória / Painel / Persiana / janela / porta / esquadria em geral Instalação / Remoção de Divisória / Painel / Persiana / janela / porta / esquadria em geral (R$ 11.510,00)"
48031918000124-1-002440/2025,48031918000124-1-002440-2025.md,UNIVERSIDADE ESTADUAL PAULISTA JULIO DE MESQUITA FILHO,Ato que autoriza a Contratação Direta nº 293/2025,"Contratação de empresa especializada para execução de serviços de adaptação e instalação de porta de saída de emergência com barra antipânico, no Restaurante Universitário da UNESP – Câmpus de Marília, em conformidade com as exigências do Corpo de Bombeiros, visando à obtenção ou renovação do Auto de Vistoria do Corpo de Bombeiros (AVCB).",TR+assinado.pdf,,https://pncp.gov.br/pncp-api/v1/orgaos/48031918000124/compras/2025/2440/arquivos/1,Ativo,"Instalação / Remoção de Divisória / Painel / Persiana / janela / porta / esquadria em geral Instalação / Remoção de Divisória / Painel / Persiana / janela / porta / esquadria em geral (R$ 11.510,00)"
48031918000124-1-002448/2025,48031918000124-1-002448-2025.md,UNIVERSIDADE ESTADUAL PAULISTA JULIO DE MESQUITA FILHO,Aviso de Contratação Direta nº 90024/2025,Aquisição de utensílios para o Restaurante Universitário da FCT Unesp.,DCD_024_AVISO_AQUIS_UTENSILIOS_RU_1.rar,,https://pncp.gov.br/pncp-api/v1/orgaos/48031918000124/compras/2025/2448/arquivos/1,Ativo,"Acendedor Fogão (R$ 307,70); Acendedor Fogão (R$ 240,30)"
48031918000124-1-002449/2025,48031918000124-1-002449-2025.md,UNIVERSIDADE ESTADUAL PAULISTA JULIO DE MESQUITA FILHO,Aviso de Contratação Direta nº 90025/2025,Aquisição de utensílios para o Restaurante Universitário da FCT Unesp.,DCD_025_AVISO_AQUIS_UTENSILIOS_RU_2.rar,,https://pncp.gov.br/pncp-api/v1/orgaos/48031918000124/compras/2025/2449/arquivos/1,Ativo,"Forma (R$ 460,64); Forma (R$ 406,04)"
48031918000124-1-002455/2025,48031918000124-1-002455-2025.md,UNIVERSIDADE ESTADUAL PAULISTA JULIO DE MESQUITA FILHO,Aviso de Contratação Direta nº 90026/2025,Aquisição de utensílios para o Restaurante Universitário da FCT Unesp.,DCD_026_AVISO_AQUIS_UTENSILIOS_RU_3.rar,,https://pncp.gov.br/pncp-api/v1/orgaos/48031918000124/compras/2025/2455/arquivos/1,Ativo,"Caixa Plástica (R$ 580,20); Caixa Plástica (R$ 459,00)"
48031918000124-1-002628/2024,48031918000124-1-002628-2024.md,UNIVERSIDADE ESTADUAL PAULISTA JULIO DE MESQUITA FILHO,Aviso de Contratação Direta nº 90054/2024,"Contratação de serviços de confecção, instalação e conserto de equipamentos de inox do Restaurante Universitário da FCT Unesp.",DCD_54_AVISO+SERV+CONFECCAO+E+CONSERTO+DE+EQUIPAMENTOS+DE+INOX.rar,,https://pncp.gov.br/pncp-api/v1/orgaos/48031918000124/compras/2024/2628/arquivos/1,Ativo,"Manutenção em Equipamento de Fundição em Aço Inox (R$ 10.992,14); Manutenção em Equipamento de Fundição em Aço Inox (R$ 975,00)"
48031918000124-1-002669/2025,48031918000124-1-002669-2025.md,UNIVERSIDADE ESTADUAL PAULISTA JULIO DE MESQUITA FILHO,Edital nº 90039/2025,Constituição de Sistema de REGISTRO DE PREÇOS PARA AQUISIÇÃO DE PRODUTOS HORTIFRUTIGRANJEIROS PARA ATENDIMENTO AO RESTAURANTE UNIVERSITÁRIO E AO CENTRO DE CONVIVÊNCIA INFANTIL DA FACULDADE DE CIÊNCIAS E TECNOLOGIA DA UNESP – CAMPUS DE PRESIDENTE PRUDENTE,10232105900392025000.zip,COMPILADO DO EDITAL.zip; COMPILADO DO EDITAL.zip/ANEXO I - TERMO DE REFERÊNCIA.pdf; COMPILADO DO EDITAL.zip/ANEXO I.1 - ESTUDO TÉCNICO PRELIMINAR.pdf; COMPILADO DO EDITAL.zip/ANEXO II - PORTARIA UNESP 135-2023.pdf; COMPILADO DO EDITAL.zip/ANEXO III MODELO DE PROPOSTA.docx; COMPILADO DO EDITAL.zip/ANEXO IV - MINUTA DA ATA DE REGISTRO DE PREÇOS.pdf; COMPILADO DO EDITAL.zip/EDITAL PR ELETR_039_RP AQUIS DE HORTIFRUTIS PARA O R U.pdf; RelacaoItens10232105900392025000.pdf,https://pncp.gov.br/pncp-api/v1/orgaos/48031918000124/compras/2025/2669/arquivos/1,Ativo,"Fruta (R$ 2.000,00); Legume in natura (R$ 6.396,00)"
48031918000124-1-002745/2025,48031918000124-1-002745-2025.md,UNIVERSIDADE ESTADUAL PAULISTA JULIO DE MESQUITA FILHO,Aviso de Contratação Direta nº 90062/2025,Aquisição de uniformes e EPI'S para o restaurante universitário,AC_102316-000062-2025+%281%29.zip,TR102316_000090_2025.pdf; 2 - Anexo II - Portaria UNESP 135 - 2023 Sancoes em Licitacoes (3).pdf; 3 - Anexo III - Modelo Planilha de Proposta.pdf; 4 - Anexo IV - Modelo Declaracao Exigida para Habilitacao.pdf; 5 - Anexo V - Modelo Declaracao para os Optantes do Simples Nacional.pdf; AC_102316-000062-2025.pdf,https://pncp.gov.br/pncp-api/v1/orgaos/48031918000124/compras/2025/2745/arquivos/1,Ativo,"Camiseta (R$ 3.720,00); Camiseta (R$ 1.029,00)"
48031918000124-1-002780/2025,48031918000124-1-002780-2025.md,UNIVERSIDADE ESTADUAL PAULISTA JULIO DE MESQUITA FILHO,Aviso de Contratação Direta nº 90017/2025,Aquisição de Equipamentos para o Restaurante Universitário,AVISO+DE+CONTRATACAO+DIRETA+N+900017.2025.zip,AVISO DE CONTRATAÇ╟O DIRETA Nº 900017.2025.pdf; TERMO DE REFER╥NCIA.pdf,https://pncp.gov.br/pncp-api/v1/orgaos/48031918000124/compras/2025/2780/arquivos/1,Ativo,"Ventilador / Exaustor Axial - Peça / Acessório (R$ 2.160,00); Enceradeira (R$ 2.407,00)"
48031918000124-1-002799/2024,48031918000124-1-002799-2024.md,UNIVERSIDADE ESTADUAL PAULISTA JULIO DE MESQUITA FILHO,Edital nº 90026/2024,Aquisição de mobiliário para a sala de descanso de funcionário do Restaurante Universitário da FCT Unesp.,10232105900262024000.zip,PR ELETR_026_AQUIS MOBILIARIOS PARA O R U.rar; RelacaoItens10232105900262024000.pdf,https://pncp.gov.br/pncp-api/v1/orgaos/48031918000124/compras/2024/2799/arquivos/1,Ativo,"Cadeira Com Braço (R$ 6.030,52); Cadeira Com Braço (R$ 863,30)"
48031918000124-1-002817/2025,48031918000124-1-002817-2025.md,UNIVERSIDADE ESTADUAL PAULISTA JULIO DE MESQUITA FILHO,Aviso de Contratação Direta nº 90064/2025,Aquisição de equipamento industrial para o restaurante universitário,AC_102316-000064-2025.zip,TR102316_000136_2025.pdf; 2 - Anexo II - Portaria UNESP 135 - 2023 Sancoes em Licitacoes (3).pdf; 3 - Anexo III - Modelo Planilha de Proposta.pdf; 4 - Anexo IV - Modelo Declaracao Exigida para Habilitacao.pdf; 5 - Anexo V - Modelo Declaracao para os Optantes do Simples Nacional.pdf; AC_102316-000064-2025.pdf,https://pncp.gov.br/pncp-api/v1/orgaos/48031918000124/compras/2025/2817/arquivos/1,Ativo,"Máquinas E Equipamentos Para Produtos Alimentícios (R$ 18.452,30)"
48031918000124-1-002895/2025,48031918000124-1-002895-2025.md,UNIVERSIDADE ESTADUAL PAULISTA JULIO DE MESQUITA FILHO,Edital nº 90050/2025,"Prestação de Serviços de Controle, Operação e Fiscalização de Portarias e Edifícios da Moradia Estudantil E Restaurante Universitário 24 horas de segunda-feira à domingo",10231805900502025000.zip,90050-25.zip; 90050-25.zip/RelacaoItens10231805900502025000.pdf; 90050-25.zip/edital 90050-25.pdf; RelacaoItens10231805900502025000.pdf,https://pncp.gov.br/pncp-api/v1/orgaos/48031918000124/compras/2025/2895/arquivos/1,Ativo,"Prestação de Serviços de Portaria / Recepção (R$ 281.820,15)"
48031918000124-1-002987/2025,48031918000124-1-002987-2025.md,UNIVERSIDADE ESTADUAL PAULISTA JULIO DE MESQUITA FILHO,Ato que autoriza a Contratação Direta nº 206/2025,Serviços de adequação elétrica para instalação de equipamentos de ar-condicionado e cortinas de ar no Restaurante Universitário desta Faculdade.,19+-+TR+assinado.pdf,,https://pncp.gov.br/pncp-api/v1/orgaos/48031918000124/compras/2025/2987/arquivos/1,Ativo,"INSTALAÇÃO / MANUTENÇÃO ELÉTRICA - PREDIAL, INDUSTRIAL INSTALAÇÃO / MANUTENÇÃO ELÉTRICA - PREDIAL, INDUSTRIAL (R$ 22.000,00)"
48031918000124-1-002987/2025,48031918000124-1-002987-2025.md,UNIVERSIDADE ESTADUAL PAULISTA JULIO DE MESQUITA FILHO,Ato que autoriza a Contratação Direta nº 206/2025,Serviços de adequação elétrica para instalação de equipamentos de ar-condicionado e cortinas de ar no Restaurante Universitário desta Faculdade.,Ato+de+autorizacao.pdf,,https://pncp.gov.br/pncp-api/v1/orgaos/48031918000124/compras/2025/2987/arquivos/2,Ativo,"INSTALAÇÃO / MANUTENÇÃO ELÉTRICA - PREDIAL, INDUSTRIAL INSTALAÇÃO / MANUTENÇÃO ELÉTRICA - PREDIAL, INDUSTRIAL (R$ 22.000,00)"
48031918000124-1-002988/2025,48031918000124-1-002988-2025.md,UNIVERSIDADE ESTADUAL PAULISTA JULIO DE MESQUITA FILHO,Ato que autoriza a Contratação Direta nº 210/2025,Serviços de Instalação de equipamentos de ar condicionado no Restaurante Universitário desta Faculdade.,19+-+TR+assinado.pdf,,https://pncp.gov.br/pncp-api/v1/orgaos/48031918000124/compras/2025/2988/arquivos/2,Ativo,"AR CONDICIONADO - INSTALAÇÃO/MONTAGEM/DESMONTAGEM/REMOÇÃO - (PAREDE / SISTEMAS) AR CONDICIONADO - INSTALAÇÃO/MONTAGEM/DESMONTAGEM/REMOÇÃO - (PAREDE / SISTEMAS) (R$ 17.000,00)"
48031918000124-1-002988/2025,48031918000124-1-002988-2025.md,UNIVERSIDADE ESTADUAL PAULISTA JULIO DE MESQUITA FILHO,Ato que autoriza a Contratação Direta nº 210/2025,Serviços de Instalação de equipamentos de ar condicionado no Restaurante Universitário desta Faculdade.,Ato+de+autorizacao.pdf,,https://pncp.gov.br/pncp-api/v1/orgaos/48031918000124/compras/2025/2988/arquivos/1,Ativo,"AR CONDICIONADO - INSTALAÇÃO/MONTAGEM/DESMONTAGEM/REMOÇÃO - (PAREDE / SISTEMAS) AR CONDICIONADO - INSTALAÇÃO/MONTAGEM/DESMONTAGEM/REMOÇÃO - (PAREDE / SISTEMAS) (R$ 17.000,00)"
48031918000124-1-003229/2025,48031918000124-1-003229-2025.md,UNIVERSIDADE ESTADUAL PAULISTA JULIO DE MESQUITA FILHO,Aviso de Contratação Direta nº 127/2025,"Contratação de serviços de limpeza especializada em dutos, coifas, caixas de gordura esgoto do Restaurante Universitário",134%2F2025.pdf,,https://pncp.gov.br/pncp-api/v1/orgaos/48031918000124/compras/2025/3229/arquivos/2,Ativo,"Limpeza Mecânica de Equipamentos e Tubulações Limpeza Mecânica de Equipamentos e Tubulações (R$ 4.777,50); Limpeza de Equipamentos e Tubulações por Hidrojateamento Limpeza de Equipamentos e Tubulações por Hidrojateamento (R$ 5.212,50)"
48031918000124-1-003229/2025,48031918000124-1-003229-2025.md,UNIVERSIDADE ESTADUAL PAULISTA JULIO DE MESQUITA FILHO,Aviso de Contratação Direta nº 127/2025,"Contratação de serviços de limpeza especializada em dutos, coifas, caixas de gordura esgoto do Restaurante Universitário",Anexos.zip,Anexos/; Anexos/Anexo II - Portaria UNESP 135 - 2023 Sancoes em Licitacoes (3) - Copia.pdf; Anexos/Anexo III - Modelo Planilha de Proposta.pdf; Anexos/Anexo IV - Modelo Declaração Exigida para Habilitação.pdf; Anexos/Anexo V - Modelo Declaração para os Optantes do Simples Nacional.pdf,https://pncp.gov.br/pncp-api/v1/orgaos/48031918000124/compras/2025/3229/arquivos/1,Ativo,"Limpeza Mecânica de Equipamentos e Tubulações Limpeza Mecânica de Equipamentos e Tubulações (R$ 4.777,50); Limpeza de Equipamentos e Tubulações por Hidrojateamento Limpeza de Equipamentos e Tubulações por Hidrojateamento (R$ 5.212,50)"
48031918000124-1-003346/2025,48031918000124-1-003346-2025.md,UNIVERSIDADE ESTADUAL PAULISTA JULIO DE MESQUITA FILHO,Aviso de Contratação Direta nº 220/2025,Manutenção das condições higiênico-sanitária das coifas do Restaurante Universitário.,ANEXO+00+-+Aviso+de+contratacao+direta.pdf,,https://pncp.gov.br/pncp-api/v1/orgaos/48031918000124/compras/2025/3346/arquivos/2,Ativo,"Manutenção de Sistemas de Ventilação e Exaustor Manutenção de Sistemas de Ventilação e Exaustor (R$ 5.173,36)"
48031918000124-1-003346/2025,48031918000124-1-003346-2025.md,UNIVERSIDADE ESTADUAL PAULISTA JULIO DE MESQUITA FILHO,Aviso de Contratação Direta nº 220/2025,Manutenção das condições higiênico-sanitária das coifas do Restaurante Universitário.,AVISO+DE+CONTRATACAO+DIRETA.zip,ANEXO 00 - Aviso de contrataç╞o direta.pdf; ANEXO I - TR102322_000029_2025.pdf; ANEXO II Minuta de Nota de Empenho.pdf; ANEXO III - Portaria Unesp nº 135_2023 - SançΣes Administrativas.pdf; ANEXO IV - Modelo Planilha Proposta.xlsx; ANEXO V - Modelo Declaraç╞o.docx; ANEXO VI - Modelo Visita Prévia.docx; ANEXO VII - Planilha orçamentária.pdf,https://pncp.gov.br/pncp-api/v1/orgaos/48031918000124/compras/2025/3346/arquivos/1,Ativo,"Manutenção de Sistemas de Ventilação e Exaustor Manutenção de Sistemas de Ventilação e Exaustor (R$ 5.173,36)"
48031918000124-1-003416/2024,48031918000124-1-003416-2024.md,UNIVERSIDADE ESTADUAL PAULISTA JULIO DE MESQUITA FILHO,Aviso de Contratação Direta nº 90064/2024,Aquisição de utensílios de cozinha para o Restaurante Universitário (RU) e para o Centro de Convivência Infantil (CCI) da FCT Unesp.,DCD_64_AVISO+AQUIS+UTENSILIOS+DE+COZINHA+PARA+RU+E+CCI.rar,,https://pncp.gov.br/pncp-api/v1/orgaos/48031918000124/compras/2024/3416/arquivos/1,Ativo,"Faca Mesa (R$ 34,68); Acendedor Fogão (R$ 260,10)"
48031918000124-1-003524/2025,48031918000124-1-003524-2025.md,UNIVERSIDADE ESTADUAL PAULISTA JULIO DE MESQUITA FILHO,Edital nº 90013/2025,"Contratação de empresa especializada para o fornecimento, instalação e adequação de sistema de exaustão e ventilação destinado à cozinha e higienização do Restaurante Universitário do Câmpus de Araraquara",10230405900132025001.zip,PE n 90013-2025 - Exaustao do Restaurante Universitario.zip; PE n 90013-2025 - Exaustao do Restaurante Universitario.zip/ANEXO 00 - Edital PE 90013-2025-EXAUSTAO-completo Assinado.pdf; PE n 90013-2025 - Exaustao do Restaurante Universitario.zip/ANEXO IV - Modelo de Planilha de Proposta em Branco.xlsx; PE n 90013-2025 - Exaustao do Restaurante Universitario.zip/ANEXO IV.1 - Sugestões de Uso do Modelo de Planilha em Branco.pdf; RelacaoItens10230405900132025000.pdf,https://pncp.gov.br/pncp-api/v1/orgaos/48031918000124/compras/2025/3524/arquivos/2,Ativo,"Instalação e Montagem - Sistemas Ventilação e Exaustão Mecâ-nica (R$ 370.620,90)"
48031918000124-1-003582/2024,48031918000124-1-003582-2024.md,UNIVERSIDADE ESTADUAL PAULISTA JULIO DE MESQUITA FILHO,Edital nº 90013/2024,Aquisição de Equipamentos Elétricos para Cozinha e Restaurante Universitário,10231605900132024000.zip,Edital e anexos.zip; Edital e anexos.zip/Edital e anexos/Anexo I - TR155_2024 .pdf; Edital e anexos.zip/Edital e anexos/Anexo I-1- ETP50_2024.pdf; Edital e anexos.zip/Edital e anexos/ANEXO II - Portaria UNESP 135 - 2023 SançΣes em LicitaçΣes .pdf; Edital e anexos.zip/Edital e anexos/ANEXO III - MODELO REFERENTE A PLANILHA DE PROPOSTA .pdf; Edital e anexos.zip/Edital e anexos/ANEXO IV - Modelo de declaraç╞o para os optantes do Simples Nacional .pdf; Edital e anexos.zip/Edital e anexos/Edital 13-2024.pdf; RelacaoItens10231605900132024000.pdf,https://pncp.gov.br/pncp-api/v1/orgaos/48031918000124/compras/2024/3582/arquivos/1,Ativo,"Caldeirão (R$ 26.897,76); Caldeirão (R$ 26.897,76)"
48031918000124-1-003605/2025,48031918000124-1-003605-2025.md,UNIVERSIDADE ESTADUAL PAULISTA JULIO DE MESQUITA FILHO,Edital nº 90006/2025,Serviço de Adequação interna do Restaurante Universitário do Campus de Bauru/SP,10230805900062025000.zip,PREGAO 90006.2025 - AG.rar; RelacaoItens10230805900062025000.pdf,https://pncp.gov.br/pncp-api/v1/orgaos/48031918000124/compras/2025/3605/arquivos/1,Ativo,"Manutenção / Reforma Predial (R$ 87.434,40)"
48031918000124-1-003622/2024,48031918000124-1-003622-2024.md,UNIVERSIDADE ESTADUAL PAULISTA JULIO DE MESQUITA FILHO,Edital nº 90036/2024,Aquisição de equipamentos de cozinha para o Restaurante Universitário da UNESP - Câmpus de São José do Rio Preto.,10232405900362024000.zip,Documentos para publicacao.zip; Documentos para publicacao.zip/Edital - Preg╞o 90036 (assinado-final).pdf; Documentos para publicacao.zip/ETP Sigiloso.pdf; Documentos para publicacao.zip/TERMO DE REFER╥NCIA - Atualizado.pdf; RelacaoItens10232405900362024000.pdf,https://pncp.gov.br/pncp-api/v1/orgaos/48031918000124/compras/2024/3622/arquivos/1,Ativo,"Balcão Térmico (R$ 181.030,71)"
48031918000124-1-003659/2024,48031918000124-1-003659-2024.md,UNIVERSIDADE ESTADUAL PAULISTA JULIO DE MESQUITA FILHO,Edital nº 90038/2024,Contratação de serviço de manutenção corretiva da câmara fria do Restaurante Universitário da UNESP – Câmpus de São José do Rio Preto.,10232405900382024000.zip,Documentos para publicacao.zip; Documentos para publicacao.zip/Edital - Preg╞o 90038 - Reforma câmara fria RU (assinado).pdf; Documentos para publicacao.zip/ETP.pdf; Documentos para publicacao.zip/TERMO DE REFER╥NCIA - Reforma câmara fria.pdf; RelacaoItens10232405900382024000.pdf,https://pncp.gov.br/pncp-api/v1/orgaos/48031918000124/compras/2024/3659/arquivos/1,Ativo,"Instalação / Manutenção - Câmara Fria (R$ 11.619,00)"
48031918000124-1-003702/2024,48031918000124-1-003702-2024.md,UNIVERSIDADE ESTADUAL PAULISTA JULIO DE MESQUITA FILHO,Aviso de Contratação Direta nº 90069/2024,Aquisição de detergente e secante para máquina lava-louças do restaurante universitário da FCT Unesp.,DCD_69_AVISO+AQUIS+PRODUTOS+DE+LIMPEZA+PARA+LAVA-LOUCAS.rar,,https://pncp.gov.br/pncp-api/v1/orgaos/48031918000124/compras/2024/3702/arquivos/1,Ativo,"Detergente (R$ 856,32); Secante (R$ 1.557,60)"
48031918000124-1-003721/2025,48031918000124-1-003721-2025.md,UNIVERSIDADE ESTADUAL PAULISTA JULIO DE MESQUITA FILHO,Aviso de Contratação Direta nº 182/2025,Aquisição de Equipamentos de Cozinha para o Restaurante Universitário,91038+-+Aquisicao+de+Equipamentos+de+Cozinha+para+o+RU+-+Aviso+de+Contratacao+Direta.pdf,,https://pncp.gov.br/pncp-api/v1/orgaos/48031918000124/compras/2025/3721/arquivos/2,Ativo,"Cortador Elétrico Frios aplicação: indústria alimentícia, capacidade corte: 50, características adicionais: automático, diâmetro disco: 260, material: aço inoxidável, potência motor: 0,25, tensão: 220, profundidade corte: 155, largura corte: 125, altura: 820, largura: 310, profundidade: 540 (R$ 35.000,00); Fogão Industrial acabamento superficial: escovado, altura: 800, características adicionais: grelhas em ferro fundido 40 cm x 40 cm, 04 queimad, comprimento: 1300, funcionamento: gás, largura: 1100, material: aço inoxidável, quantidade bocas: 4, tipo acendimento: manual (R$ 13.147,00)"
48031918000124-1-003721/2025,48031918000124-1-003721-2025.md,UNIVERSIDADE ESTADUAL PAULISTA JULIO DE MESQUITA FILHO,Aviso de Contratação Direta nº 182/2025,Aquisição de Equipamentos de Cozinha para o Restaurante Universitário,91038+-+Aquisicao+de+Equipamentos+de+Cozinha+para+o+RU+-+TR.pdf,,https://pncp.gov.br/pncp-api/v1/orgaos/48031918000124/compras/2025/3721/arquivos/1,Ativo,"Cortador Elétrico Frios aplicação: indústria alimentícia, capacidade corte: 50, características adicionais: automático, diâmetro disco: 260, material: aço inoxidável, potência motor: 0,25, tensão: 220, profundidade corte: 155, largura corte: 125, altura: 820, largura: 310, profundidade: 540 (R$ 35.000,00); Fogão Industrial acabamento superficial: escovado, altura: 800, características adicionais: grelhas em ferro fundido 40 cm x 40 cm, 04 queimad, comprimento: 1300, funcionamento: gás, largura: 1100, material: aço inoxidável, quantidade bocas: 4, tipo acendimento: manual (R$ 13.147,00)"
48031918000124-1-003727/2024,48031918000124-1-003727-2024.md,UNIVERSIDADE ESTADUAL PAULISTA JULIO DE MESQUITA FILHO,Edital nº 90015/2024,Contratação de Empresa Especializada para Reforma no Restaurante Universitário e Centro de Convivência Infantil,10231605900152024001.zip,Abertura Sessao.zip; Abertura Sessao.zip/Abertura Sess╞o/15-2024 - Edital 2024 - Documentos Google.pdf; Abertura Sessao.zip/Abertura Sess╞o/Anexo I - Minuta Contrato 20224.docx - Documentos Google.pdf; Abertura Sessao.zip/Abertura Sess╞o/Anexo II-1 ETP60_2024.pdf; Abertura Sessao.zip/Abertura Sess╞o/ANEXO III - Portaria UNESP 135 - 2023 SançΣes em LicitaçΣes (1) (1).pdf; Abertura Sessao.zip/Abertura Sess╞o/Anexo II-TR210_2024.pdf; Abertura Sessao.zip/Abertura Sess╞o/ANEXO IV-MODELO DE PLANILHA-CRONOGRAMA EM BRANCO - BENFEITORIAS RU E CCI.xlsx; Abertura Sessao.zip/Abertura Sess╞o/Anexo IX-Planilha Orçamentária RU e CCI vs. final.pdf; Abertura Sessao.zip/Abertura Sess╞o/Anexo V- Modelo de declaraç╞o para os optantes do Simples Nacional (1).pdf; Abertura Sessao.zip/Abertura Sess╞o/Anexo VIII-Projeto Benfeitorias Restaurante Universitario.pdf; Abertura Sessao.zip/Abertura Sess╞o/Anexo VII-Projeto Benfeitorias Centro de Convivencia Infantil.pdf; Abertura Sessao.zip/Abertura Sess╞o/Anexo VI-Memorial Descritivo Benfeitorias RU e CCI vs. 4.pdf; Abertura Sessao.zip/Abertura Sess╞o/Anexo X-Cronograma Físico Financeiro - Benfeitorias Ru e CCI vs. final.pdf; Abertura Sessao.zip/Abertura Sess╞o/ANEXO XII-Modelo referente cálculo BDI.docx; Abertura Sessao.zip/Abertura Sess╞o/ANEXO XI-Modelo Encargos Sociais.pdf; RelacaoItens10231605900152024000.pdf,https://pncp.gov.br/pncp-api/v1/orgaos/48031918000124/compras/2024/3727/arquivos/2,Ativo,"Serviço Engenharia (R$ 156.325,29)"
48031918000124-1-003774/2024,48031918000124-1-003774-2024.md,UNIVERSIDADE ESTADUAL PAULISTA JULIO DE MESQUITA FILHO,Edital nº 90045/2024,Aquisição de equipamentos para o Restaurante Universitário da FCT Unesp.,10232105900452024000.zip,PR ELETR_045_AQUISI DE EQUIPAMENTOS PARA O RESTAURANTE UNIVERSI.rar; RelacaoItens10232105900452024000.pdf,https://pncp.gov.br/pncp-api/v1/orgaos/48031918000124/compras/2024/3774/arquivos/1,Ativo,"Esguicho (R$ 5.007,33); Liquidificador Industrial (R$ 1.265,67)"
48031918000124-1-003847/2024,48031918000124-1-003847-2024.md,UNIVERSIDADE ESTADUAL PAULISTA JULIO DE MESQUITA FILHO,Ato que autoriza a Contratação Direta nº 25/2024,AQUISIÇÃO DE EPI's PARA USO DOS FUNCIONÁRIOS DO RESTAURANTE UNIVERSITÁRIO DA UNESP/FCT-PP,Original+EPI+-+Proposta+N+80632+-+UNESP.pdf,,https://pncp.gov.br/pncp-api/v1/orgaos/48031918000124/compras/2024/3847/arquivos/1,Ativo,"Avental material: 100% algodão metalizado, características adicionais: térmico, impermeável, tiras e alças de ajuste, aplicação: cozinha industrial, tamanho: g (R$ 316,00); Avental material: 100% algodão metalizado, características adicionais: térmico, impermeável, tiras e alças de ajuste, aplicação: cozinha industrial, tamanho: g (R$ 138,00)"
48031918000124-1-003847/2024,48031918000124-1-003847-2024.md,UNIVERSIDADE ESTADUAL PAULISTA JULIO DE MESQUITA FILHO,Ato que autoriza a Contratação Direta nº 25/2024,AQUISIÇÃO DE EPI's PARA USO DOS FUNCIONÁRIOS DO RESTAURANTE UNIVERSITÁRIO DA UNESP/FCT-PP,Unesp+Presidente+Prudente+08112024.pdf,,https://pncp.gov.br/pncp-api/v1/orgaos/48031918000124/compras/2024/3847/arquivos/2,Ativo,"Avental material: 100% algodão metalizado, características adicionais: térmico, impermeável, tiras e alças de ajuste, aplicação: cozinha industrial, tamanho: g (R$ 316,00); Avental material: 100% algodão metalizado, características adicionais: térmico, impermeável, tiras e alças de ajuste, aplicação: cozinha industrial, tamanho: g (R$ 138,00)"
48031918000124-1-003869/2024,48031918000124-1-003869-2024.md,UNIVERSIDADE ESTADUAL PAULISTA JULIO DE MESQUITA FILHO,Aviso de Contratação Direta nº 90073/2024,"Contratação de SERVIÇOS DE LIMPEZA, HIGIENIZAÇÃO E DESINFECÇÃO DAS CAIXAS D’ÁGUA DO RESTAURANTE UNIVERSITÁRIO",COMPILADO+DO+AVISO.zip,ANEXO I - TERMO DE REFERÊNCIA.pdf; ANEXO II - PORTARIA UNESP.pdf; ANEXO III - MODELO DE PROPOSTA.docx; DCD_73_AVISO_SERVICO_LIMPEZA DE CAIXA D'ÁGUA.pdf,https://pncp.gov.br/pncp-api/v1/orgaos/48031918000124/compras/2024/3869/arquivos/1,Ativo,"Manutenção / Higienização de Reservatório de Água Potável (R$ 1.625,00)"
48031918000124-1-004153/2024,48031918000124-1-004153-2024.md,UNIVERSIDADE ESTADUAL PAULISTA JULIO DE MESQUITA FILHO,Ato que autoriza a Contratação Direta nº 25/2024,Aquisição de secante para utilização e limpeza nos equipamentos usados diariamente no restaurante universitário,06+TR+56_2024.pdf,,https://pncp.gov.br/pncp-api/v1/orgaos/48031918000124/compras/2024/4153/arquivos/1,Ativo,"Secante aspecto físico: líquido, composição: álcool graxo etoxilado/propoxilado, ácido cítrico, diluição: 0,6 a 0,9 ml/l, características adicionais: ph (puro) 6,0 a 7,0, densidade: 25ºc - 1,00 a 1,02 (R$ 2.306,92)"
48031918000124-1-004153/2024,48031918000124-1-004153-2024.md,UNIVERSIDADE ESTADUAL PAULISTA JULIO DE MESQUITA FILHO,Ato que autoriza a Contratação Direta nº 25/2024,Aquisição de secante para utilização e limpeza nos equipamentos usados diariamente no restaurante universitário,Despacho+do+diretor+assinado.pdf,,https://pncp.gov.br/pncp-api/v1/orgaos/48031918000124/compras/2024/4153/arquivos/2,Ativo,"Secante aspecto físico: líquido, composição: álcool graxo etoxilado/propoxilado, ácido cítrico, diluição: 0,6 a 0,9 ml/l, características adicionais: ph (puro) 6,0 a 7,0, densidade: 25ºc - 1,00 a 1,02 (R$ 2.306,92)"
48031918000124-1-004460/2024,48031918000124-1-004460-2024.md,UNIVERSIDADE ESTADUAL PAULISTA JULIO DE MESQUITA FILHO,Ato que autoriza a Contratação Direta nº 31/2024,AQUISIÇÃO DE DETERGENTE E SECANTE PARA MÁQUINA LAVA-LOUÇAS DO RESTAURANTE UNIVERSITÁRIO DA FCT UNESP.,233%2F2024.pdf,,https://pncp.gov.br/pncp-api/v1/orgaos/48031918000124/compras/2024/4460/arquivos/2,Ativo,"Detergente composição: dodecilbenzeno sulfonato de sódio, aplicação: lavagem de louças, aroma: inodoro, características adicionais: ph 6,5 a 7,5, aspecto físico: líquido incolor (R$ 563,40); Secante aspecto físico: líquido, composição: tensoativos não iônicos, dispersantes, solubilizan, características adicionais: ph concentrado de 6,5 a 7,5; densidade 1000; dosa- (R$ 1.079,40)"
48031918000124-1-004460/2024,48031918000124-1-004460-2024.md,UNIVERSIDADE ESTADUAL PAULISTA JULIO DE MESQUITA FILHO,Ato que autoriza a Contratação Direta nº 31/2024,AQUISIÇÃO DE DETERGENTE E SECANTE PARA MÁQUINA LAVA-LOUÇAS DO RESTAURANTE UNIVERSITÁRIO DA FCT UNESP.,ATO+DE+AUTORIZACAO+ASSINADO.pdf,,https://pncp.gov.br/pncp-api/v1/orgaos/48031918000124/compras/2024/4460/arquivos/1,Ativo,"Detergente composição: dodecilbenzeno sulfonato de sódio, aplicação: lavagem de louças, aroma: inodoro, características adicionais: ph 6,5 a 7,5, aspecto físico: líquido incolor (R$ 563,40); Secante aspecto físico: líquido, composição: tensoativos não iônicos, dispersantes, solubilizan, características adicionais: ph concentrado de 6,5 a 7,5; densidade 1000; dosa- (R$ 1.079,40)"
48031918000124-1-004548/2024,48031918000124-1-004548-2024.md,UNIVERSIDADE ESTADUAL PAULISTA JULIO DE MESQUITA FILHO,Edital nº 90050/2024,Registro de Preços para AQUISIÇÃO DE MATERIAL DE CONSUMO - GÊNEROS ALIMENTÍCIOS PERECÍVEIS – CARNES - PARA ATENDIMENTO DO RESTAURANTE UNIVERSITÁRIO E CENTRO DE CONVIVÊNCIA INFANTIL DA FCT UNESP,10232105900502024000.zip,COMPILADO DO EDITAL.zip; COMPILADO DO EDITAL.zip/ANEXO I - TERMO DE REFERÊNCIA.pdf; COMPILADO DO EDITAL.zip/ANEXO I.1 - ETP.pdf; COMPILADO DO EDITAL.zip/ANEXO II - PORTARIA UNESP 135-2023.pdf; COMPILADO DO EDITAL.zip/ANEXO III - MODELO DE PROPOSTA.docx; COMPILADO DO EDITAL.zip/ANEXO IV - MINUTA DA ATA DE REGISTRO DE PREÇOS.pdf; COMPILADO DO EDITAL.zip/EDITAL PR ELETR_050_RP_AQUIS PERECÍVEIS CARNES _ RU.pdf; RelacaoItens10232105900502024000.pdf,https://pncp.gov.br/pncp-api/v1/orgaos/48031918000124/compras/2024/4548/arquivos/1,Ativo,"Carne de ave in natura (R$ 42.168,00); Carne bovina in natura (R$ 39.900,00)"
48031918000124-1-004576/2024,48031918000124-1-004576-2024.md,UNIVERSIDADE ESTADUAL PAULISTA JULIO DE MESQUITA FILHO,Edital nº 90051/2024,Constituição de sistema de registro de preços para aquisição de material de consumo - gêneros não perecíveis para atendimento do restaurante universitário e centro de convivência infantil da FCT Unesp.,10232105900512024000.zip,PR ELETR_051_RP_AQUIS NAO PERECIVEIS RU.rar; RelacaoItens10232105900512024000.pdf,https://pncp.gov.br/pncp-api/v1/orgaos/48031918000124/compras/2024/4576/arquivos/1,Ativo,"Açúcar (R$ 494,00); Fruta (R$ 3.915,00)"
48031918000124-1-004698/2024,48031918000124-1-004698-2024.md,UNIVERSIDADE ESTADUAL PAULISTA JULIO DE MESQUITA FILHO,Ato que autoriza a Contratação Direta nº 63/2024,AQUISIÇÃO DE EQUIPAMENTOS DE CONDICIONAMENTO DE AR PARA O RESTAURANTE UNIVERSITÁRIO E PARA AS SALAS DO PRÉDIO MULTI USO DESTA FACULDADE,AUTORIZACAO+DG.pdf,,https://pncp.gov.br/pncp-api/v1/orgaos/48031918000124/compras/2024/4698/arquivos/2,Ativo,"Aparelho Ar Condicionado tipo: split, modelo: teto/piso, capacidade refrigeração: 60.000, tensão: 220, freqüência: 60, características adicionais 1: controle remoto sem fio / ciclo só frio / inverter, garantia: 1 (R$ 43.576,56); Aparelho Ar Condicionado tipo: split, modelo: parede, capacidade refrigeração: 12.000, vazão ar: 550, tensão: 220, freqüência: 60, nível ruído interno: 36, características adicionais 1: ciclo frio, velocidade 03 (R$ 11.114,72)"
48031918000124-1-004698/2024,48031918000124-1-004698-2024.md,UNIVERSIDADE ESTADUAL PAULISTA JULIO DE MESQUITA FILHO,Ato que autoriza a Contratação Direta nº 63/2024,AQUISIÇÃO DE EQUIPAMENTOS DE CONDICIONAMENTO DE AR PARA O RESTAURANTE UNIVERSITÁRIO E PARA AS SALAS DO PRÉDIO MULTI USO DESTA FACULDADE,TR+-+AR-CONDICIONADO.pdf,,https://pncp.gov.br/pncp-api/v1/orgaos/48031918000124/compras/2024/4698/arquivos/1,Ativo,"Aparelho Ar Condicionado tipo: split, modelo: teto/piso, capacidade refrigeração: 60.000, tensão: 220, freqüência: 60, características adicionais 1: controle remoto sem fio / ciclo só frio / inverter, garantia: 1 (R$ 43.576,56); Aparelho Ar Condicionado tipo: split, modelo: parede, capacidade refrigeração: 12.000, vazão ar: 550, tensão: 220, freqüência: 60, nível ruído interno: 36, características adicionais 1: ciclo frio, velocidade 03 (R$ 11.114,72)"
48031918000124-1-004781/2024,48031918000124-1-004781-2024.md,UNIVERSIDADE ESTADUAL PAULISTA JULIO DE MESQUITA FILHO,Ato que autoriza a Contratação Direta nº 106/2024,HIGIENIZAÇÃO DO SISTEMA DE EXAUSTÃO DA COIFA DO RESTAURANTE UNIVERSITÁRIO,744+-+HIGIENIZACAO+DISTEMA+DE+EXAUSTAO+DA+COIFA.pdf,,https://pncp.gov.br/pncp-api/v1/orgaos/48031918000124/compras/2024/4781/arquivos/1,Ativo,"Higienização de Equipamentos Higienização de Equipamentos (R$ 5.500,00)"
48031918000124-1-004789/2024,48031918000124-1-004789-2024.md,UNIVERSIDADE ESTADUAL PAULISTA JULIO DE MESQUITA FILHO,Ato que autoriza a Contratação Direta nº 114/2024,SERVIÇO DE TESTE DE ESTANQUEIDADE DA REDE DE GÁS DO RESTAURANTE UNIVERSITÁRIO E DO PRÉDIO DE CIÊNCIAS BIOLÓGICAS,752+-+SERVICO+TESTE+DE+ESTANQUEIDADE.pdf,,https://pncp.gov.br/pncp-api/v1/orgaos/48031918000124/compras/2024/4789/arquivos/1,Ativo,"Execução de Teste de Estanqueidade Execução de Teste de Estanqueidade (R$ 6.690,00)"
48031918001872-1-000002/2024,48031918001872-1-000002-2024.md,UNIVERSIDADE ESTADUAL PAULISTA JULIO DE MESQUITA FILHO,Ato que autoriza a Contratação Direta nº 4/2024,Aquisição de gêneros alimentícios para o bom funcionamento do Restaurante Universitário.,12+Despacho+autorizacao+da+despesa+-+DL+Proc+94_2024-diretor.pdf,,https://pncp.gov.br/pncp-api/v1/orgaos/48031918001872/compras/2024/2/arquivos/1,Ativo,"Carne Processada variedade: almôndegas, tipo: bovino, sabor: temperado, estado de conservação: congelado(a) (R$ 559,80); Carne Processada variedade: nugget, tipo: frango, sabor: temperado, tipo preparação: pré cozido, empanado, estado de conservação: congelado(a) (R$ 534,45)"
48031918001872-1-000002/2024,48031918001872-1-000002-2024.md,UNIVERSIDADE ESTADUAL PAULISTA JULIO DE MESQUITA FILHO,Ato que autoriza a Contratação Direta nº 4/2024,Aquisição de gêneros alimentícios para o bom funcionamento do Restaurante Universitário.,27%2F2024.pdf,,https://pncp.gov.br/pncp-api/v1/orgaos/48031918001872/compras/2024/2/arquivos/2,Ativo,"Carne Processada variedade: almôndegas, tipo: bovino, sabor: temperado, estado de conservação: congelado(a) (R$ 559,80); Carne Processada variedade: nugget, tipo: frango, sabor: temperado, tipo preparação: pré cozido, empanado, estado de conservação: congelado(a) (R$ 534,45)"
11234780000150-1-000003/2025,11234780000150-1-000003-2025.md,UNIVERSIDADE FEDERAL DA FRONTEIRA SUL - UFFS,Edital nº 90002/2025,"Concessão não onerosa da área física e dos equipamentos do Restaurante Universitário - RU do Campus Cerro Largo /RS, para exploração econômica, por Pessoa Jurídica especializada no serviço de alimentação, para produção e distribuição de refeições (almoço e jantar), incluindo o fornecimento de todos os insumos, materiais e mão de obra necessários a realização destas atividades, conforme condições, quantidades e exigências estabelecidas no Edital",15851705900022025000.zip,PE 90002-2025.rar; RelacaoItens15851705900022025000.pdf,https://pncp.gov.br/pncp-api/v1/orgaos/11234780000150/compras/2025/3/arquivos/1,Ativo,"Cantina / Bar / Lanchonete / Refeição Rápida / Restaurante (R$ 1.263.000,00)"
11234780000150-1-000019/2025,11234780000150-1-000019-2025.md,UNIVERSIDADE FEDERAL DA FRONTEIRA SUL - UFFS,Edital nº 90010/2025,"Concessão não onerosa da área física e dos equipamentos do Restaurante Universitário - RU do Campus Laranjeiras do Sul/PR, para exploração econômica, por Pessoa Jurídica especializada no serviço de alimentação, para produção e distribuição de refeições (almoço e jantar), incluindo o fornecimento de todos os insumos, materiais e mão de obra necessários a realização destas atividades conforme condições, quantidades e exigências estabelecidas no Edital e seus anexos.",15851705900102025000.zip,Edital e anexos do PE 90010.2025.zip; Edital e anexos do PE 90010.2025.zip/EDITAL 13_2025.pdf; Edital e anexos do PE 90010.2025.zip/CONTRATO-28_2025.pdf; Edital e anexos do PE 90010.2025.zip/MODELO DE DECLARAÇÃO COMPLEMENTAR SERVIÇO - LICITAÇÃO.docx.pdf; Edital e anexos do PE 90010.2025.zip/TR_e_Encartes.pdf; RelacaoItens15851705900102025000.pdf,https://pncp.gov.br/pncp-api/v1/orgaos/11234780000150/compras/2025/19/arquivos/1,Ativo,"Cantina / Bar / Lanchonete / Refeição Rápida / Restaurante (R$ 1.533.400,00)"
11234780000150-1-000025/2023,11234780000150-1-000025-2023.md,UNIVERSIDADE FEDERAL DA FRONTEIRA SUL - UFFS,Edital nº 00028/2023,"Concessão não onerosa da área física e dos equipamentos do Restaurante Universitário - RU do Campus Laranjeiras do Sul/PR, para exploração econômica, por Pessoa Jurídica especializada no serviço de alimentação, para produção e distribuição de refeições (almoço e jantar), incluindo o fornecimento de todos os insumos, materiais e mão de obra necessários a realização destas atividades.",15851705000282023000.zip,Edital e anexos PE n 28-2023.zip; Edital e anexos PE n 28-2023.zip/1- Edital de Preg╞o Eletrônico nº 28-2023.pdf; Edital e anexos PE n 28-2023.zip/2- Contrato da PE 28-2023.pdf; Edital e anexos PE n 28-2023.zip/Termo de Referênca Digital nº 102-2023- Ajustado.pdf; RelacaoItens15851705000282023000.pdf,https://pncp.gov.br/pncp-api/v1/orgaos/11234780000150/compras/2023/25/arquivos/1,Ativo,"Cantina / Bar / Lanchonete / Refeição Rápida / Restaurante (R$ 1.598.000,00)"
11234780000150-1-000041/2024,11234780000150-1-000041-2024.md,UNIVERSIDADE FEDERAL DA FRONTEIRA SUL - UFFS,Edital nº 90015/2024,Aquisição de móveis e equipamentos para os Restaurantes Universitários,15851705900152024000.zip,PE 90015_2024.rar; RelacaoItens15851705900152024000.pdf,https://pncp.gov.br/pncp-api/v1/orgaos/11234780000150/compras/2024/41/arquivos/1,Ativo,"Coletor de objetos (R$ 17.998,33); Recipiente Alimentos (R$ 47.381,60)"
11234780000150-1-000046/2025,11234780000150-1-000046-2025.md,UNIVERSIDADE FEDERAL DA FRONTEIRA SUL - UFFS,Edital nº 90004/2025,"Republicação licitação Concorrência no 90007/2024 para a Contratação de Pessoa(s) Jurídica(s) especializada (s) na execução dos serviços destinados as obras da ""Segunda etapa do Restaurante Universitário e Centro de Convivência campus Passo Fundo”,no Estado do Rio Grande do Sul, da Universidade Federal da Fronteira Sul;",15851703900042025000.zip,AVISO-1.pdf; RelacaoItens15851703900042025000.pdf,https://pncp.gov.br/pncp-api/v1/orgaos/11234780000150/compras/2025/46/arquivos/1,Ativo,"Obras Civis Públicas ( Construção ) (R$ 3.778.411,03)"
11234780000150-1-000057/2023,11234780000150-1-000057-2023.md,UNIVERSIDADE FEDERAL DA FRONTEIRA SUL - UFFS,Edital nº 00046/2023,"Concessão não onerosa da área física e dos equipamentos do Restaurante Universitário - RU do Campus Chapecó/SC, para exploração econômica, por Pessoa Jurídica especializada no serviço de alimentação, para produção e distribuição de refeições (almoço e jantar), incluindo o fornecimento de todos os insumos, materiais e mão de obra necessários a realização destas atividades.",15851705000462023001.zip,Edital e Anexos - PE 46-2023 - republicacao.zip; Edital e Anexos - PE 46-2023 - republicacao.zip/1 - Edital PE Nº 46-2023.pdf; Edital e Anexos - PE 46-2023 - republicacao.zip/2 - Termo de Referência PE 46-2023.pdf; Edital e Anexos - PE 46-2023 - republicacao.zip/3 - Termo de Contrato PE Nº 46-2023.pdf; RelacaoItens15851705000462023000.pdf,https://pncp.gov.br/pncp-api/v1/orgaos/11234780000150/compras/2023/57/arquivos/2,Ativo,"Cantina / Bar / Lanchonete / Refeição Rápida / Restaurante (R$ 3.186.800,00)"
11234780000150-1-000057/2025,11234780000150-1-000057-2025.md,UNIVERSIDADE FEDERAL DA FRONTEIRA SUL - UFFS,Edital nº 90024/2025,Registro de preços visando a aquisição de materiais e equipamentos para o restaurante universitário,15851705900242025000.zip,Edital e anexos do PE 90024.2025.zip; Edital e anexos do PE 90024.2025.zip/Anexo IV - Modelo_de_Proposta_de_Precos_.pdf; Edital e anexos do PE 90024.2025.zip/Anexo I - TR_com_anexos_corrigido_-_verso_final_03.10 (2).pdf; Edital e anexos do PE 90024.2025.zip/EDITAL158517_000031_2025_7_1_2.pdf; Edital e anexos do PE 90024.2025.zip/Anexo II - Minuta ARP.pdf; Edital e anexos do PE 90024.2025.zip/Anexo III - MODELO_DE_DECLARAO_COMPLEMENTAR_-_MATERIAL_.pdf; RelacaoItens15851705900242025000.pdf,https://pncp.gov.br/pncp-api/v1/orgaos/11234780000150/compras/2025/57/arquivos/1,Ativo,"Armário panificação (R$ 8.130,00); Armário (R$ 7.767,83)"
11234780000150-1-000058/2023,11234780000150-1-000058-2023.md,UNIVERSIDADE FEDERAL DA FRONTEIRA SUL - UFFS,Edital nº 00047/2023,"Concessão não onerosa da área física e dos equipamentos do Restaurante Universitário - RU do Campus Realeza/PR, para exploração econômica, por Pessoa Jurídica especializada no serviço de alimentação, para produção e distribuição de refeições (almoço e jantar), incluindo o fornecimento de todos os insumos, materiais e mão de obra necessários a realização destas atividades.",15851705000472023001.zip,Edital e Anexos PE - 47-2023 - republicacao.zip; Edital e Anexos PE - 47-2023 - republicacao.zip/1 - Edital PE Nº 47-2023.pdf; Edital e Anexos PE - 47-2023 - republicacao.zip/2 - Termo de Referência PE Nº 47-2023.pdf; Edital e Anexos PE - 47-2023 - republicacao.zip/3 - Termo de Contrato PE Nº 47-2023.pdf; RelacaoItens15851705000472023000.pdf,https://pncp.gov.br/pncp-api/v1/orgaos/11234780000150/compras/2023/58/arquivos/2,Ativo,"Cantina / Bar / Lanchonete / Refeição Rápida / Restaurante (R$ 1.131.000,00)"
11234780000150-1-000104/2024,11234780000150-1-000104-2024.md,UNIVERSIDADE FEDERAL DA FRONTEIRA SUL - UFFS,Edital nº 90007/2024,"Contratação de Pessoa(s) Jurídica(s) especializada(s) na execução dos serviços destinados as obras da Segunda etapa do Restaurante Universitário e Centro de Convivência campus Passo Fundo”, no Estado do Rio Grande do Sul, da Universidade Federal da Fronteira Sul;conforme condições, quantidades e exigências estabelecidas neste Edital e seus anexos.",15851703900072024000.zip,AVISO.pdf; RelacaoItens15851703900072024000.pdf,https://pncp.gov.br/pncp-api/v1/orgaos/11234780000150/compras/2024/104/arquivos/1,Ativo,"Obras Civis Públicas ( Construção ) (R$ 3.779.659,94)"
24098477000110-1-000015/2025,24098477000110-1-000015-2025.md,UNIVERSIDADE FEDERAL DA PARAIBA,Ato que autoriza a Contratação Direta nº 125/2025,Contratação Emergêncial do restaurante Universitário para os Campi II e IV.,Termo+ratificacao+da+dispensa+assinado.pdf,,https://pncp.gov.br/pncp-api/v1/orgaos/24098477000110/compras/2025/15/arquivos/1,Ativo,"REFEIÇÕES INDUSTRIAIS - PREPARO / DISTRIBUIÇÃO REFEIÇÕES INDUSTRIAIS - PREPARO / DISTRIBUIÇÃO - Fornecimento de refeições – DESJEJUM (SUBSÍDIO INTEGRAL) – Restaurante Universitário da UFPB - Campus II (Areia) (R$ 154.972,00); REFEIÇÕES INDUSTRIAIS - PREPARO / DISTRIBUIÇÃO REFEIÇÕES INDUSTRIAIS - PREPARO / DISTRIBUIÇÃO - Fornecimento de refeições – ALMOÇO (SUBSÍDIO INTEGRAL) – Restaurante Universitário da UFPB – Campus II (Areia) (R$ 1.688.806,00)"
24098477000110-1-000015/2025,24098477000110-1-000015-2025.md,UNIVERSIDADE FEDERAL DA PARAIBA,Ato que autoriza a Contratação Direta nº 125/2025,Contratação Emergêncial do restaurante Universitário para os Campi II e IV.,Termo_Homologacao_Adjudicacao_Dispensa_29_assinado.pdf,,https://pncp.gov.br/pncp-api/v1/orgaos/24098477000110/compras/2025/15/arquivos/2,Ativo,"REFEIÇÕES INDUSTRIAIS - PREPARO / DISTRIBUIÇÃO REFEIÇÕES INDUSTRIAIS - PREPARO / DISTRIBUIÇÃO - Fornecimento de refeições – DESJEJUM (SUBSÍDIO INTEGRAL) – Restaurante Universitário da UFPB - Campus II (Areia) (R$ 154.972,00); REFEIÇÕES INDUSTRIAIS - PREPARO / DISTRIBUIÇÃO REFEIÇÕES INDUSTRIAIS - PREPARO / DISTRIBUIÇÃO - Fornecimento de refeições – ALMOÇO (SUBSÍDIO INTEGRAL) – Restaurante Universitário da UFPB – Campus II (Areia) (R$ 1.688.806,00)"
24098477000110-1-000020/2025,24098477000110-1-000020-2025.md,UNIVERSIDADE FEDERAL DA PARAIBA,Edital nº 90001/2025,"Contratação de serviços contínuos de preparo e distribuição de refeições, sob demanda, por meio da operacionalização e o desenvolvimento de todas as atividades envolvidas no fornecimento de refeições, visando atender os Restaurantes Universitários da Universidade Federal da Paraíba – UFPB, incluindo a concessão onerosa de uso de espaço público, a serem executados com sem regime de dedicação exclusiva de mão de obra, nos termos [A3]",15306505900012025006.zip,EDITAL ANEXOS APOS PJ CORRECOES ANEXOS E SANCOES 12-05-2025.pdf; RelacaoItens15306505900012025006.pdf,https://pncp.gov.br/pncp-api/v1/orgaos/24098477000110/compras/2025/20/arquivos/7,Ativo,"Refeições Industriais - Preparo / Distribuição (R$ 333.270,00); Refeições Industriais - Preparo / Distribuição (R$ 11.555.224,80)"
24098477000110-1-000085/2024,24098477000110-1-000085-2024.md,UNIVERSIDADE FEDERAL DA PARAIBA,Edital nº 90003/2024,"Contratação de serviços de preparo e distribuição de refeições visando atender os Restaurantes Universitários da Universidade Federal da Paraíba – UFPB, incluindo a concessão onerosa de uso de espaço público, conforme condições e exigências estabelecidas no Termo de Referência e seus anexos.",15306505900032024000.zip,Edital e anexos PR03-24 (para DOU).pdf; RelacaoItens15306505900032024000.pdf,https://pncp.gov.br/pncp-api/v1/orgaos/24098477000110/compras/2024/85/arquivos/1,Ativo,"Refeições Industriais - Preparo / Distribuição (R$ 364.216,00); Refeições Industriais - Preparo / Distribuição (R$ 3.453.156,00)"
24464109000148-1-000021/2023,24464109000148-1-000021-2023.md,UNIVERSIDADE FEDERAL DE ALAGOAS,Edital nº 00009/2023,Aquisição de Gêneros Alimentícios para os Restaurantes Universitários da Universidade Federal de Alagoas,15303705000092023000.zip,Pregao 9-2023.zip; Pregao 9-2023.zip/Pregão 9-2023/; Pregao 9-2023.zip/Pregão 9-2023/ANEXO I – Termo de Referência.pdf; Pregao 9-2023.zip/Pregão 9-2023/ANEXO II – Minuta de Ata de Registro de Preços.pdf; Pregao 9-2023.zip/Pregão 9-2023/Apêndice do Anexo I - Estudo Técnico Preliminar.pdf; Pregao 9-2023.zip/Pregão 9-2023/Edital 9-2023.pdf; RelacaoItens15303705000092023000.pdf,https://pncp.gov.br/pncp-api/v1/orgaos/24464109000148/compras/2023/21/arquivos/1,Ativo,"Carne bovina in natura (R$ 74.820,00); Carne bovina in natura (R$ 30.085,00)"
24464109000148-1-000036/2025,24464109000148-1-000036-2025.md,UNIVERSIDADE FEDERAL DE ALAGOAS,Edital nº 90006/2025,Aquisição de Gêneros Alimentícios para o Restaurante Universitário do Campus A. C. Simões da Universidade Federal de Alagoas,15303705900062025000.zip,EDITAL_UFAL RU-90006-2025.zip; EDITAL_UFAL RU-90006-2025.zip/EDITAL_153037-000006-2025.pdf; EDITAL_UFAL RU-90006-2025.zip/Anexo II - Minuta de contrato.pdf; EDITAL_UFAL RU-90006-2025.zip/Anexo III - Minuta da ata de registro de preços.pdf; EDITAL_UFAL RU-90006-2025.zip/Anexo I - Termo de Referência.pdf; RelacaoItens15303705900062025000.pdf,https://pncp.gov.br/pncp-api/v1/orgaos/24464109000148/compras/2025/36/arquivos/1,Ativo,"Legume in natura (R$ 0,00); Chocolate (R$ 0,00)"
24464109000148-1-000038/2025,24464109000148-1-000038-2025.md,UNIVERSIDADE FEDERAL DE ALAGOAS,Edital nº 90010/2025,Aquisição de Gêneros Alimentícios para o Restaurante Universitário da Universidade Federal de Alagoas - Campus do Sertão - Sede Delmiro Gouveia,15303705900102025000.zip,EDITAL E ANEXOS PR90010.2025 UASG - 153037 - UFAL.zip; EDITAL E ANEXOS PR90010.2025 UASG - 153037 - UFAL.zip/ANEXO II - MINUTA DA ATA DE REGISTRO DE PREÇOS.pdf; EDITAL E ANEXOS PR90010.2025 UASG - 153037 - UFAL.zip/ANEXO III - MINUTA DO TERMO DE CONTRATO.pdf; EDITAL E ANEXOS PR90010.2025 UASG - 153037 - UFAL.zip/EDITAL PR 102025.pdf; EDITAL E ANEXOS PR90010.2025 UASG - 153037 - UFAL.zip/ANEXO I - TERMO DE REFERÊNCIA.pdf; RelacaoItens15303705900102025000.pdf,https://pncp.gov.br/pncp-api/v1/orgaos/24464109000148/compras/2025/38/arquivos/1,Ativo,"Legume in natura (R$ 914,00); Açúcar (R$ 4.350,00)"
24464109000148-1-000044/2025,24464109000148-1-000044-2025.md,UNIVERSIDADE FEDERAL DE ALAGOAS,Edital nº 90008/2025,Aquisição de Gêneros Alimentícios para o Restaurante Universitário da Universidade Federal de Alagoas - Campus Arapiraca.,15303705900082025000.zip,EDITAL_153037-PR8-2025.zip; EDITAL_153037-PR8-2025.zip/EDITAL_153037-PR8-2025.pdf; EDITAL_153037-PR8-2025.zip/Anexo III – Minuta do Termo de Contrato.pdf; EDITAL_153037-PR8-2025.zip/Anexo III – Minuta do Termo de Contrato.docx; RelacaoItens15303705900082025000.pdf,https://pncp.gov.br/pncp-api/v1/orgaos/24464109000148/compras/2025/44/arquivos/1,Ativo,"Farinha arroz (R$ 9.640,00); Fermento (R$ 154,00)"
24464109000148-1-000069/2023,24464109000148-1-000069-2023.md,UNIVERSIDADE FEDERAL DE ALAGOAS,Ato que autoriza a Contratação Direta nº 00020/2023,Aquisição de gás GLP para os restaurantes universitários da UFAL.,tr_compras_contratacao_direta_lei_14-133_v-ago_23.pdf,,https://pncp.gov.br/pncp-api/v1/orgaos/24464109000148/compras/2023/69/arquivos/1,Ativo,"Gás refino de petróleo (R$ 112.995,00)"
24464109000148-1-000075/2024,24464109000148-1-000075-2024.md,UNIVERSIDADE FEDERAL DE ALAGOAS,Edital nº 90014/2024,Aquisição de gêneros alimentícios para os restaurantes universitários da Universidade Federal de Alagoas,15303705900142024000.zip,PREGAO 90014.2024 - ALIMENTOS UFAL.zip; PREGAO 90014.2024 - ALIMENTOS UFAL.zip/ANEXO I - TERMO DE REFERÊNCIA.pdf; PREGAO 90014.2024 - ALIMENTOS UFAL.zip/ANEXO II - MINUTA DE TERMO DE CONTRATO.pdf; PREGAO 90014.2024 - ALIMENTOS UFAL.zip/ANEXO III - MINUTA DE ATA DE REGISTRO DE PREÇOS.pdf; PREGAO 90014.2024 - ALIMENTOS UFAL.zip/EDITAL ALIMENTOS RU UFAL - PREGÃO 90014.2024.pdf; RelacaoItens15303705900142024000.pdf,https://pncp.gov.br/pncp-api/v1/orgaos/24464109000148/compras/2024/75/arquivos/1,Ativo,"Verdura in natura (R$ 30.650,00); Legume in natura (R$ 35.840,00)"
24464109000148-1-000084/2024,24464109000148-1-000084-2024.md,UNIVERSIDADE FEDERAL DE ALAGOAS,Aviso de Contratação Direta nº 90010/2024,Aquisição Emergencial de Alimentos para o Restaurante Universitário da UFAL,AC3_2024.pdf,,https://pncp.gov.br/pncp-api/v1/orgaos/24464109000148/compras/2024/84/arquivos/1,Ativo,"Verdura In Natura (R$ 16.992,00); Verdura In Natura (R$ 5.104,00)"
24464109000148-1-000099/2023,24464109000148-1-000099-2023.md,UNIVERSIDADE FEDERAL DE ALAGOAS,Edital nº 00025/2023,Contratação de empresa especializada na prestação de serviços de mão de obra continuada para produção de refeições nos restaurantes universitários,15303705000252023000.zip,MINUTAS PREGAO RU SESSAO 17 01 2024.zip; MINUTAS PREGAO RU SESSAO 17 01 2024.zip/ANEXO I - TERMO DE REFERÊNCIA.pdf; MINUTAS PREGAO RU SESSAO 17 01 2024.zip/ANEXO II - Minuta de contrato.pdf; MINUTAS PREGAO RU SESSAO 17 01 2024.zip/ANEXO III - Instrumento de medição do resultado.pdf; MINUTAS PREGAO RU SESSAO 17 01 2024.zip/ANEXO IV - Modelo de Declaração de Contratos Firmados com a Iniciativa Privada e a Adminis.pdf; MINUTAS PREGAO RU SESSAO 17 01 2024.zip/ANEXO V - PLANILHA PADRÃO IN 05.2017 - PREGÃO RU.xls; MINUTAS PREGAO RU SESSAO 17 01 2024.zip/APÊNDICE DO ANEXO I - Estudo Técnico Preliminar.pdf; MINUTAS PREGAO RU SESSAO 17 01 2024.zip/EDITAL SESSÃO 17 01 2024.pdf; RelacaoItens15303705000252023000.pdf,https://pncp.gov.br/pncp-api/v1/orgaos/24464109000148/compras/2023/99/arquivos/1,Ativo,"Prestação Serviço Copa / Cozinha (R$ 4.614.739,06)"
17879859000115-1-000008/2025,17879859000115-1-000008-2025.md,UNIVERSIDADE FEDERAL DE ALFENAS - UNIFAL-MG,Edital nº 90005/2025,"Contratação de serviços de empresa especializada no ramo de serviços de alimentação de coletividades sadias para prestação de Serviços de Alimentação e Nutrição por meio da operacionalização e do desenvolvimento de todas as etapas de produção e distribuição de café da manhã e refeições de almoço e jantar com a concessão de espaço para funcionamento do Restaurante Universitário (RU), conforme descrição contida no Edital.",15302805900052025000.zip,Pregao n 005-2025 - Tradicional - Servicos de empresa especializada no ramo de servicos de alimentacao de coletividades sadias - Sede e Santa Clara.pdf; RelacaoItens15302805900052025000.pdf,https://pncp.gov.br/pncp-api/v1/orgaos/17879859000115/compras/2025/8/arquivos/1,Ativo,"Cantina / Bar / Lanchonete / Refeição Rápida / Restaurante (R$ 163.680,00); Cantina / Bar / Lanchonete / Refeição Rápida / Restaurante (R$ 2.431.800,00)"
17879859000115-1-000014/2024,17879859000115-1-000014-2024.md,UNIVERSIDADE FEDERAL DE ALFENAS - UNIFAL-MG,Edital nº 90004/2024,"Contratação de serviços de empresa especializada no ramo de serviços de alimentação de coletividades sadias para prestação de Serviços de Alimentação e Nutrição por meio da operacionalização e do desenvolvimento de todas as etapas de produção e distribuição de café da manhã e refeições de almoço e jantar com a concessão de espaço para funcionamento do Restaurante Universitário (RU), conforme descrição contida no Edital e seus anexos.",15302805900042024000.zip,Pregao n 004-2024 - Tradicional - Servicos de empresa especializada no ramo de servicos de alimentacao de coletividades - lei 14.133-21.pdf; RelacaoItens15302805900042024000.pdf,https://pncp.gov.br/pncp-api/v1/orgaos/17879859000115/compras/2024/14/arquivos/1,Ativo,"Cantina / Bar / Lanchonete / Refeição Rápida / Restaurante (R$ 18.000,00); Cantina / Bar / Lanchonete / Refeição Rápida / Restaurante (R$ 347.182,00)"
17879859000115-1-000212/2024,17879859000115-1-000212-2024.md,UNIVERSIDADE FEDERAL DE ALFENAS - UNIFAL-MG,Edital nº 90045/2024,"Contratação de serviços de empresa especializada no ramo de serviços de alimentação de coletividades sadias para prestação de Serviços de Alimentação e Nutrição por meio da operacionalização e do desenvolvimento de todas as etapas de produção e distribuição de café da manhã e refeições de almoço e jantar com a concessão de espaço para funcionamento do Restaurante Universitário (RU), conforme descrição contida no Edital.",15302805900452024000.zip,Pregao n 045-2024 - Tradicional - Servicos de empresa especializada no ramo de servicos de alimentacao de coletividades sadias - Sede e Santa Clara.pdf; RelacaoItens15302805900452024000.pdf,https://pncp.gov.br/pncp-api/v1/orgaos/17879859000115/compras/2024/212/arquivos/1,Ativo,"Cantina / Bar / Lanchonete / Refeição Rápida / Restaurante (R$ 0,00); Cantina / Bar / Lanchonete / Refeição Rápida / Restaurante (R$ 0,00)"
05055128000176-1-000001/2022,05055128000176-1-000001-2022.md,UNIVERSIDADE FEDERAL DE CAMPINA GRANDE,Ato que autoriza a Contratação Direta nº 00008/2022,Aquisição de gêneros alimentícios ofertados por agricultores familiares e demais beneficiários para atender ao Restaurante Universitário e Residências do Centro de Formação de Professores da Universidade Federal de Campina Grande.,CP_01_2022___Ata_Complementar.pdf,,https://pncp.gov.br/pncp-api/v1/orgaos/05055128000176/compras/2022/1/arquivos/1,Ativo,"Legume In Natura (R$ 316,80); Legume In Natura (R$ 330,30)"
05055128000176-1-000004/2023,05055128000176-1-000004-2023.md,UNIVERSIDADE FEDERAL DE CAMPINA GRANDE,Ato que autoriza a Contratação Direta nº 00002/2023,Aquisição de gêneros alimentícios destinados à Residência e Restaurante Universitário do CES/UFCG por meio do Programa Alimenta Brasil (PAB).,RESULTADO_PROVISORIO___CHAMADA_PUBLICA_N__01_2023.pdf,,https://pncp.gov.br/pncp-api/v1/orgaos/05055128000176/compras/2023/4/arquivos/1,Ativo,"Verdura In Natura (R$ 8.241,80); Legume In Natura (R$ 3.920,22)"
05055128000176-1-000005/2023,05055128000176-1-000005-2023.md,UNIVERSIDADE FEDERAL DE CAMPINA GRANDE,Ato que autoriza a Contratação Direta nº 00003/2023,Aquisição de gêneros alimentícios destinados à Residência e Restaurante Universitário do CES/UFCG por meio do Programa Alimenta Brasil (PAB).,RESULTADO_FINAL___CHAMADA_PUBLICA_N__012023.pdf,,https://pncp.gov.br/pncp-api/v1/orgaos/05055128000176/compras/2023/5/arquivos/1,Ativo,"Verdura In Natura (R$ 8.241,80); Legume In Natura (R$ 3.920,22)"
05055128000176-1-000054/2025,05055128000176-1-000054-2025.md,UNIVERSIDADE FEDERAL DE CAMPINA GRANDE,Edital nº 90010/2025,"Contratação de serviços contínuos de preparo e fornecimento de refeições (lanche, almoço e jantar) para o público discente beneficiado de programas de assistência estudantil, cumulada com a concessão administrativa onerosa de uso do espaço físico dos Restaurantes Universitários (RU's) da Universidade Federal de Campina Grande (UFCG), dos Campi: CCTA (Pombal), CCJS (Sousa),CFP (Cajazeiras) e CES (Cuité), com exploração de serviço de venda de refeições para os demais.",15819505900102025000.zip,EDITAL PREGAO900102025158195_000001_2025 (6).zip; EDITAL PREGAO900102025158195_000001_2025 (6).zip/_28UFCG_2025_Cajazeiras_LaudoAvaliacaoMercadologico_assinado.pdf; EDITAL PREGAO900102025158195_000001_2025 (6).zip/_28UFCG_2025_Pombal._Laudo_de_avaliacao_Concessao_RU_assinado.pdf; EDITAL PREGAO900102025158195_000001_2025 (6).zip/_28UFCG_LaudoAvaliacao_Outorgas_SOUSA_RU_assinado.pdf; EDITAL PREGAO900102025158195_000001_2025 (6).zip/_UFCG_2025__LaudoAvaliacaoImovel_Cuite_CES_RU.pdf; EDITAL PREGAO900102025158195_000001_2025 (6).zip/6._Anexo_VI_Declaracao_de_Vistoria.pdf; EDITAL PREGAO900102025158195_000001_2025 (6).zip/ANEXO_v_Termo_de_Guarda_e__Responsabilidade.pdf; EDITAL PREGAO900102025158195_000001_2025 (6).zip/DESCRICAO_DE_GENEROS_ALIMENTICIOS.pdf; EDITAL PREGAO900102025158195_000001_2025 (6).zip/EDITAL PREG╟O900102025158195_000001_2025 (6).pdf; EDITAL PREGAO900102025158195_000001_2025 (6).zip/Estudo tecnico preliminar_158_2024_RU.pdf; EDITAL PREGAO900102025158195_000001_2025 (6).zip/IMR_RU_UFCG.pdf; EDITAL PREGAO900102025158195_000001_2025 (6).zip/IVENTARIO_RUS.pdf; EDITAL PREGAO900102025158195_000001_2025 (6).zip/MAPA DE RISCO_107.2024.COMPRASNET_Servicos_de_Alimentacao_e_Nutricao_para_os_Restaurantes_Universitarios_da_UFCG..pdf; EDITAL PREGAO900102025158195_000001_2025 (6).zip/Mapa_de_PRECOS.pdf; EDITAL PREGAO900102025158195_000001_2025 (6).zip/MEMORIAL_DESCRITIVO_RUS.pdf; EDITAL PREGAO900102025158195_000001_2025 (6).zip/Minuta do termo de contrato-licitacao-servico-sem-mao-de-obra-exclusiva-lei-no-14-133-nov-24.pdf; EDITAL PREGAO900102025158195_000001_2025 (6).zip/NOVO Mapa_de_PRECOS.pdf; EDITAL PREGAO900102025158195_000001_2025 (6).zip/Novo_Mapa_de_PRECOS_RU_26.06.2025 (7).xlsx; EDITAL PREGAO900102025158195_000001_2025 (6).zip/ParecerTecnico_PropostaPrecoAlternativo.pdf; EDITAL PREGAO900102025158195_000001_2025 (6).zip/PESQUISA_DE_PRECOS_.pdf; EDITAL PREGAO900102025158195_000001_2025 (6).zip/PLANILHA_MEDICAO_ENERGIA.pdf; EDITAL PREGAO900102025158195_000001_2025 (6).zip/PROJETO_ARQUITETONICO_RUS.pdf; EDITAL PREGAO900102025158195_000001_2025 (6).zip/QUADRO_PLANEJAMENTO_DE_CARNES___LICITACAO_RU.pdf; EDITAL PREGAO900102025158195_000001_2025 (6).zip/RelacaoItens15819505900102025000.pdf; EDITAL PREGAO900102025158195_000001_2025 (6).zip/Termo de referencia 158195_000004_2025_RU.pdf; RelacaoItens15819505900102025000.pdf,https://pncp.gov.br/pncp-api/v1/orgaos/05055128000176/compras/2025/54/arquivos/1,Ativo,"Refeições Industriais - Preparo / Distribuição (R$ 51.500,00); Refeições Industriais - Preparo / Distribuição (R$ 605.010,00)"
05055128000176-1-000074/2025,05055128000176-1-000074-2025.md,UNIVERSIDADE FEDERAL DE CAMPINA GRANDE,Edital nº 90011/2025,"Contratação de serviços contínuos de preparo e fornecimento de refeições (lanche, almoço e jantar) para o público discente beneficiado de programas de assistência estudantil, cumulada com a concessão administrativa onerosa de uso do espaço físico dos Restaurantes Universitários (RU's) da Universidade Federal de Campina Grande (UFCG),dos Campi:CCTA (Pombal),CCJS (Sousa),CFP (Cajazeiras)e CES (Cuité),com exploração de serviço de venda de refeições para os demais atores.",15819505900112025000.zip,EDITAL158195_000014_2025 (2).zip; EDITAL158195_000014_2025 (2).zip/Declaracao_de_Vistoria_.pdf; EDITAL158195_000014_2025 (2).zip/DESCRICAO_DE_GENEROS_ALIMENTICIOS_.pdf; EDITAL158195_000014_2025 (2).zip/EDITAL158195_000014_2025 (2).pdf; EDITAL158195_000014_2025 (2).zip/ETP_RU_final.pdf; EDITAL158195_000014_2025 (2).zip/IMR_RU_UFCG_.pdf; EDITAL158195_000014_2025 (2).zip/INVENTARIO_RUS_.pdf; EDITAL158195_000014_2025 (2).zip/Laudos_avaliacao_RUS.pdf; EDITAL158195_000014_2025 (2).zip/Mapa_de_PRECOS_RU_editavel.xlsx; EDITAL158195_000014_2025 (2).zip/Mapa_de_Precos_RU_novo.pdf; EDITAL158195_000014_2025 (2).zip/MEMORIAL_DESCRITIVO_RUS_.pdf; EDITAL158195_000014_2025 (2).zip/modelo-de-termo-de-contrato-servico-sem-mao-de-obra-exclusiva-lei-no-14-133-abr-25 (1).pdf; EDITAL158195_000014_2025 (2).zip/MR_107.2024.COMPRASNET_Servicos_de_Alimentacao_e_Nutricao_para_os_Restaurantes_Universitarios_da_UFCG..pdf; EDITAL158195_000014_2025 (2).zip/PCA_2025_RU_.pdf; EDITAL158195_000014_2025 (2).zip/Pesquisa_de_Precos_RU_nova.pdf; EDITAL158195_000014_2025 (2).zip/PLANILHA_MEDICAO_ENERGIA__.pdf; EDITAL158195_000014_2025 (2).zip/PROJETO_ARQUITETONICO_RUS_.pdf; EDITAL158195_000014_2025 (2).zip/QUADRO_PLANEJAMENTO_DE_CARNES___LICITACAO_RU_.pdf; EDITAL158195_000014_2025 (2).zip/SEI_UFCG - 5688408 - Nota.pdf; EDITAL158195_000014_2025 (2).zip/Termo_de_Guarda_e__Responsabilidade_.pdf; EDITAL158195_000014_2025 (2).zip/TR_158195_000112_2025_RU_07_08_25.pdf; RelacaoItens15819505900112025000.pdf,https://pncp.gov.br/pncp-api/v1/orgaos/05055128000176/compras/2025/74/arquivos/1,Ativo,"Refeições Industriais - Preparo / Distribuição (R$ 51.000,00); Refeições Industriais - Preparo / Distribuição (R$ 607.020,00)"
35834377000120-1-000065/2025,35834377000120-1-000065-2025.md,UNIVERSIDADE FEDERAL DE CATALAO,Ato que autoriza a Contratação Direta nº 50/2025,"Contratação emergencial de empresa especializada para a prestação de serviços de alimentação e nutrição, durante 12 meses, por meio da operacionalização e desenvolvimento de todas as atividades envolvidas na produção e distribuição de refeições para o Restaurante Universitário (RU) da Universidade Federal de Catalão (UFCAT).",SEI_0221928_Documento_de_Oficializacao_da_Demanda__DOD_.pdf,,https://pncp.gov.br/pncp-api/v1/orgaos/35834377000120/compras/2025/65/arquivos/1,Ativo,"Fornecimento de Refeições / Lanches / Salgados / Doces Contratação emergencial de empresa especializada para a prestação de serviços de alimentação e nutrição, durante 12 meses, por meio da operacionalização e desenvolvimento de todas as atividades envolvidas na produção e distribuição de refeições para o Restaurante Universitário (RU) da Universidade Federal de Catalão (UFCAT), visando o fornecimento de aproximadamente 201.600 (duzentos e um mil e seiscentos) grandes refeições/ano (almoço e jantar) a serem servidas no RU para atender à comunidade universitária, terceirizados, estagiários e visitantes da UFCAT, com a cessão onerosa de uso do espaço físico destinado à execução desses serviços e de parte dos móveis e equipamentos necessários. (R$ 4.005.792,00)"
01567601000143-1-000021/2024,01567601000143-1-000021-2024.md,UNIVERSIDADE FEDERAL DE GOIAS,Edital nº 90002/2024,"Contratação de serviços comuns de engenharia, para realizar a reforma e adaptação para atender a norma de acessibilidade do Restaurante Universitário - RU da Universidade Federal de Goiás, localizado no Campus Samambaia, Goiânia/GO.",15305205900022024000.zip,PE 90002-2024-UFG Acessibilidade RU Samambaia.zip; PE 90002-2024-UFG Acessibilidade RU Samambaia.zip/1 Edital PE 9002-2024-UFG.pdf; PE 90002-2024-UFG Acessibilidade RU Samambaia.zip/2 ANEXO I - Termo de Referência.pdf; PE 90002-2024-UFG Acessibilidade RU Samambaia.zip/3 ANEXO II – Minuta de Termo de Contrato.pdf; PE 90002-2024-UFG Acessibilidade RU Samambaia.zip/4 ANEXO VI - Termo de ciência e concordância sistema SEI.pdf; PE 90002-2024-UFG Acessibilidade RU Samambaia.zip/5 RelacaoItens15305205900022024000.pdf; RelacaoItens15305205900022024000.pdf,https://pncp.gov.br/pncp-api/v1/orgaos/01567601000143/compras/2024/21/arquivos/1,Ativo,"Manutenção / Reforma Predial (R$ 221.831,63)"
01567601000143-1-000050/2024,01567601000143-1-000050-2024.md,UNIVERSIDADE FEDERAL DE GOIAS,Edital nº 90031/2024,"Contratação de empresa para prestação de serviços de alimentação e nutrição por meio da operacionalização e desenvolvimento de todas as atividades envolvidas na produção e distribuição de refeições para a Unidade de Alimentação e Nutrição (UAN), doravante denominada Restaurante Universitário (RU) da Universidade Federal de Goiás (UFG), no Campus da Cidade de Goiás, visando atender à comunidade universitária, terceirizados, estagiários e comunidade externa d UFG",15305205900312024000.zip,Edital PE 90.031-2024-UFG - RU Goias.zip; Edital PE 90.031-2024-UFG - RU Goias.zip/1 Edital PE 90.031-2024-UFG.pdf; Edital PE 90.031-2024-UFG - RU Goias.zip/2 ANEXO I - Termo de Referência.pdf; Edital PE 90.031-2024-UFG - RU Goias.zip/3 ANEXO II - Minuta de Termo de Contrato.pdf; Edital PE 90.031-2024-UFG - RU Goias.zip/4 ANEXO VI - Termo de Ciência e Concordância Sistema SEI.pdf; Edital PE 90.031-2024-UFG - RU Goias.zip/5 ANEXO VII - Modelo de Planilha de Formaç╞o de Custos.pdf; Edital PE 90.031-2024-UFG - RU Goias.zip/6 RelacaoItens15305205900312024000.pdf; RelacaoItens15305205900312024000.pdf,https://pncp.gov.br/pncp-api/v1/orgaos/01567601000143/compras/2024/50/arquivos/1,Ativo,"Cantina / Bar / Lanchonete / Refeição Rápida / Restaurante (R$ 1.506.240,00); Cantina / Bar / Lanchonete / Refeição Rápida / Restaurante (R$ 1.422.560,00)"
01567601000143-1-000116/2024,01567601000143-1-000116-2024.md,UNIVERSIDADE FEDERAL DE GOIAS,Edital nº 90001/2024,"Contratação de empresa de engenharia especializada, para elaboração do projeto básico, projeto executivo, implementação e execução da obra de construção do Restaurante Universitário da Faculdade de Ciência e Tecnologia da Universidade Federal de Goiás - FCT/UFG, no Câmpus Aparecida de Goiânia, sob o regime de contratação integrada.",15305203900012024003.zip,"CO 90.001-2024-UFG RUFCT UFG (vs3).zip; CO 90.001-2024-UFG RUFCT UFG (vs3).zip/2.4 Apêndice IV do Anexo I – Termo de Responsabilidade Técnica - TRT.pdf; CO 90.001-2024-UFG RUFCT UFG (vs3).zip/2.5 Apêndice V do Anexo I – Relatório de Sondagem.pdf; CO 90.001-2024-UFG RUFCT UFG (vs3).zip/2.6 Apêndice VI do Anexo I –Memorial Descritivo de Arquitetura.pdf; CO 90.001-2024-UFG RUFCT UFG (vs3).zip/2.7 Apêndice IV do Anexo I – Caderno de Especificações Técnicas de Engenharia.pdf; CO 90.001-2024-UFG RUFCT UFG (vs3).zip/3 ANEXO II – Termo de Referência.pdf; CO 90.001-2024-UFG RUFCT UFG (vs3).zip/4 ANEXO III – Minuta de Termo de Contrato.pdf; CO 90.001-2024-UFG RUFCT UFG (vs3).zip/5 ANEXO IV – Matriz de Riscos do Contrato.pdf; CO 90.001-2024-UFG RUFCT UFG (vs3).zip/6 ANEXO V - Termo de Cessão de Direitos Autorais Patrimoniais.pdf; CO 90.001-2024-UFG RUFCT UFG (vs3).zip/7 ANEXO V – Declaração de Futura Contratação.pdf; CO 90.001-2024-UFG RUFCT UFG (vs3).zip/8 ANEXO VI - Termo de Declaração de Ciência e Concordância sistema SEI.pdf; CO 90.001-2024-UFG RUFCT UFG (vs3).zip/9 ANEXO VII - Modelo de Declaração de Disponibilização de Equipamentos, Instalações e Pessoal Técnico.pdf; CO 90.001-2024-UFG RUFCT UFG (vs3).zip/10 ANEXO VIII - Modelo de Atestado de Visita ao Local de Prestação de Serviço.pdf; CO 90.001-2024-UFG RUFCT UFG (vs3).zip/11 ANEXO IX - Modelo de Declaração de Conhecimento das Condições e Peculiaridades Inerentes a Natureza do Trabalho.pdf; CO 90.001-2024-UFG RUFCT UFG (vs3).zip/12 Aviso de Retificação CO 90.001-2024-UFG.pdf; CO 90.001-2024-UFG RUFCT UFG (vs3).zip/14 RelacaoItens15305203900012024000.pdf; CO 90.001-2024-UFG RUFCT UFG (vs3).zip/13 Segundo Aviso de Retificação CO 90.001-2024-UFG.pdf; CO 90.001-2024-UFG RUFCT UFG (vs3).zip/1 Edital CE 90001-2024-UFG - SEI_UFG - 4778000.pdf; CO 90.001-2024-UFG RUFCT UFG (vs3).zip/2 ANEXO I - Anteprojeto.pdf; CO 90.001-2024-UFG RUFCT UFG (vs3).zip/2.1 Apêndice I do Anexo I – Projeto Arquitetônico Básico (dwg).zip; CO 90.001-2024-UFG RUFCT UFG (vs3).zip/2.1 Apêndice I do Anexo I – Projeto Arquitetônico Básico (dwg).zip/ARQ-APG-RU-F7-R11-30.07.24.dwg; CO 90.001-2024-UFG RUFCT UFG (vs3).zip/2.1 Apêndice I do Anexo I – Projeto Arquitetônico Básico (pdf).pdf; CO 90.001-2024-UFG RUFCT UFG (vs3).zip/2.2 Apêndice II do Anexo I – Registro de Responsabilidade Técnica - TTR.pdf; CO 90.001-2024-UFG RUFCT UFG (vs3).zip/2.3 Apêndice III do Anexo I – Laudo de Levantamento Topográfico.pdf; RelacaoItens15305203900012024003.pdf",https://pncp.gov.br/pncp-api/v1/orgaos/01567601000143/compras/2024/116/arquivos/4,Ativo,"Obras Civis Públicas ( Construção ) (R$ 8.014.458,13)"
01567601000143-1-000370/2024,01567601000143-1-000370-2024.md,UNIVERSIDADE FEDERAL DE GOIAS,Edital nº 90108/2024,"Contratação de empresa especializada para a prestação de serviços de alimentação e nutrição por meio da operacionalização e desenvolvimento de todas as atividades envolvidas na produção e distribuição de refeições para a Unidade de Alimentação e Nutrição (UAN), doravante denominada Restaurante Universitário (RU) da Universidade Federal de Goiás (UFG), no Campus da Cidade de Goiás, visando atender aos estudantes da UFG, com a concessão onerosa de uso.",15305205901082024000.zip,EDITAL E ANEXOS - PE 90108.2024 (1).pdf; RelacaoItens15305205901082024000.pdf,https://pncp.gov.br/pncp-api/v1/orgaos/01567601000143/compras/2024/370/arquivos/1,Ativo,"Cantina / Bar / Lanchonete / Refeição Rápida / Restaurante (R$ 1.879.200,00); Cantina / Bar / Lanchonete / Refeição Rápida / Restaurante (R$ 1.774.800,00)"
21040001000130-1-000180/2025,21040001000130-1-000180-2025.md,UNIVERSIDADE FEDERAL DE ITAJUBA,Aviso de Contratação Direta nº 417/2025,Aquisição de catracas para o restaurante universitário de Itajubá e Itabira.,Ato+que+autoriza.pdf,,https://pncp.gov.br/pncp-api/v1/orgaos/21040001000130/compras/2025/180/arquivos/1,Ativo,"Conjunto Controle Acesso Área Restrita componentes: catraca bidirecional com leitor de cartão, cofre c, aplicação: sistema de segurança e controle de acesso, características adicionais: sistema eletro-magnético, material: aço inox, tipo catraca: rotativa, quantidade braços: 3 Descrição detalhada do item descrita no Termo de Referência, anexo desta contratação. (R$ 62.700,00)"
21040001000130-1-000180/2025,21040001000130-1-000180-2025.md,UNIVERSIDADE FEDERAL DE ITAJUBA,Aviso de Contratação Direta nº 417/2025,Aquisição de catracas para o restaurante universitário de Itajubá e Itabira.,Aviso+de+Contratacao+Direta.pdf,,https://pncp.gov.br/pncp-api/v1/orgaos/21040001000130/compras/2025/180/arquivos/2,Ativo,"Conjunto Controle Acesso Área Restrita componentes: catraca bidirecional com leitor de cartão, cofre c, aplicação: sistema de segurança e controle de acesso, características adicionais: sistema eletro-magnético, material: aço inox, tipo catraca: rotativa, quantidade braços: 3 Descrição detalhada do item descrita no Termo de Referência, anexo desta contratação. (R$ 62.700,00)"
35840659000130-1-000006/2024,35840659000130-1-000006-2024.md,UNIVERSIDADE FEDERAL DE JATAI,Edital nº 90002/2024,"O objeto da presente licitação é a Contratação de serviços de empresa especializada em serviços de alimentação coletiva, por meio da operacionalização e do desenvolvimento de todas as atividades envolvidas na produção e distribuição local de refeições, visando atender as demandas do Restaurante Universitário da Universidade Federal de Jataí - UFJ conforme condições, quantidades e exigências estabelecidas neste Edital e seus anexos.",15667805900022024000.zip,Edital PE022024.pdf; RelacaoItens15667805900022024000.pdf,https://pncp.gov.br/pncp-api/v1/orgaos/35840659000130/compras/2024/6/arquivos/1,Ativo,"Refeições Industriais - Preparo / Distribuição (R$ 4.238.000,00); Refeições Industriais - Preparo / Distribuição (R$ 590.085,00)"
35840659000130-1-000010/2021,35840659000130-1-000010-2021.md,UNIVERSIDADE FEDERAL DE JATAI,Aviso de Contratação Direta nº 00025/2021,"Fornecimento e instalação de 2 portas automáticas no Restaurante Universitário da Universidade Federal de Jataí: Item 01 - Porta Automática (P9) de 2 Fl Móvel para Vidros com o Perfil 3,30mt C/Radar, Fotocélula Emissor, Botoeira e Guia de Piso para Folha Móvel na Cor: Fosco. Item 02 - Porta Automática (P10) 1 Fl Móvel para Vidro Perfil 2,20mt C/ Radar, Fotocélula Emissor, Botoeira e Guia de Piso para Folhas Móveis na Cor: Fosco. Item 03 - 12 metros Vidro Temperado 8 mm Incolor.",DFD_ETP.pdf,,https://pncp.gov.br/pncp-api/v1/orgaos/35840659000130/compras/2021/10/arquivos/1,Ativo,"Instalação , manutenção - porta , cancela , portão (R$ 32.664,32)"
35840659000130-1-000010/2024,35840659000130-1-000010-2024.md,UNIVERSIDADE FEDERAL DE JATAI,Ato que autoriza a Contratação Direta nº 90150/2024,"Registra o valor das despesas com aquisição de refeições preparadas, inclusive lanches e similares.",26%2F2024.pdf,,https://pncp.gov.br/pncp-api/v1/orgaos/35840659000130/compras/2024/10/arquivos/2,Ativo,"CANTINA / BAR / LANCHONETE / REFEIÇÃO RÁPIDA / RESTAURANTE CANTINA / BAR / LANCHONETE / REFEIÇÃO RÁPIDA / RESTAURANTE (R$ 1.820.000,00)"
35840659000130-1-000010/2024,35840659000130-1-000010-2024.md,UNIVERSIDADE FEDERAL DE JATAI,Ato que autoriza a Contratação Direta nº 90150/2024,"Registra o valor das despesas com aquisição de refeições preparadas, inclusive lanches e similares.",Proposta_de_Precos___UFJ_Emergencial.pdf,,https://pncp.gov.br/pncp-api/v1/orgaos/35840659000130/compras/2024/10/arquivos/1,Ativo,"CANTINA / BAR / LANCHONETE / REFEIÇÃO RÁPIDA / RESTAURANTE CANTINA / BAR / LANCHONETE / REFEIÇÃO RÁPIDA / RESTAURANTE (R$ 1.820.000,00)"
35840659000130-1-000015/2023,35840659000130-1-000015-2023.md,UNIVERSIDADE FEDERAL DE JATAI,Aviso de Contratação Direta nº 00012/2023,"Prestação de serviços técnicos de engenharia consultiva, no que refere-se à elaboração de projetos executivos, planilhas orçamentárias e especificações técnicas para o projeto elétrico de alimentação das subestações dos setores zootécnicos, restaurante universitário com as especificações do seus respectivos transformadores da Universidade Federal de Jataí (UFJ).",SEI_0116024_Termo_de_Referencia.pdf,,https://pncp.gov.br/pncp-api/v1/orgaos/35840659000130/compras/2023/15/arquivos/1,Ativo,"Elaboração / Análise Projeto - Engenharia (R$ 13.326,67)"
35840659000130-1-000021/2021,35840659000130-1-000021-2021.md,UNIVERSIDADE FEDERAL DE JATAI,Aviso de Contratação Direta nº 00043/2021,"Fornecimento e instalação de 2 portas automáticas no Restaurante Universitário da Universidade Federal de Jataí: Item 01 - Porta Automática (P9) de 2 Fl Móvel para Vidros com o Perfil 3,30mt C/Radar, Fotocélula Emissor, Botoeira e Guia de Piso para Folha Móvel na Cor: Fosco. Item 02 - Porta Automática (P10) 1 Fl Móvel para Vidro Perfil 2,20mt C/ Radar, Fotocélula Emissor, Botoeira e Guia de Piso para Folhas Móveis na Cor: Fosco. Item 03 - 12 metros Vidro Temperado 8 mm.",DFD_ETP.pdf,,https://pncp.gov.br/pncp-api/v1/orgaos/35840659000130/compras/2021/21/arquivos/1,Ativo,"Portas (R$ 32.664,32)"
35840659000130-1-000028/2025,35840659000130-1-000028-2025.md,UNIVERSIDADE FEDERAL DE JATAI,Aviso de Contratação Direta nº 218/2025,"Trata-se do planejamento do serviço de fornecimento de comida, café da manhã para contrato do Restaurante Universitário (R.U) da UFJ. A presente contratação irá substituir a contratação 213/2025 por erro de unidade de fornecimento do DFD antigo (80/2025).",Estudo+Tecnico+Preliminar+45_2025.pdf,,https://pncp.gov.br/pncp-api/v1/orgaos/35840659000130/compras/2025/28/arquivos/1,Ativo,"CANTINA / BAR / LANCHONETE / REFEIÇÃO RÁPIDA / RESTAURANTE CANTINA / BAR / LANCHONETE / REFEIÇÃO RÁPIDA / RESTAURANTE (R$ 3.745.500,00); CANTINA / BAR / LANCHONETE / REFEIÇÃO RÁPIDA / RESTAURANTE CANTINA / BAR / LANCHONETE / REFEIÇÃO RÁPIDA / RESTAURANTE (R$ 1.082.700,00)"
35840659000130-1-000028/2025,35840659000130-1-000028-2025.md,UNIVERSIDADE FEDERAL DE JATAI,Aviso de Contratação Direta nº 218/2025,"Trata-se do planejamento do serviço de fornecimento de comida, café da manhã para contrato do Restaurante Universitário (R.U) da UFJ. A presente contratação irá substituir a contratação 213/2025 por erro de unidade de fornecimento do DFD antigo (80/2025).",TR_com_Anexos.pdf,,https://pncp.gov.br/pncp-api/v1/orgaos/35840659000130/compras/2025/28/arquivos/2,Ativo,"CANTINA / BAR / LANCHONETE / REFEIÇÃO RÁPIDA / RESTAURANTE CANTINA / BAR / LANCHONETE / REFEIÇÃO RÁPIDA / RESTAURANTE (R$ 3.745.500,00); CANTINA / BAR / LANCHONETE / REFEIÇÃO RÁPIDA / RESTAURANTE CANTINA / BAR / LANCHONETE / REFEIÇÃO RÁPIDA / RESTAURANTE (R$ 1.082.700,00)"
35840659000130-1-000029/2025,35840659000130-1-000029-2025.md,UNIVERSIDADE FEDERAL DE JATAI,Aviso de Contratação Direta nº 219/2025,"Contratação Emergencial do Restaurante Universitário. Tendo em vista a rescisão do contrato 118/2024 e 119/2024 - Processo eletrônico SEI nº 23854.005654/2023-89, faz-se necessário realizar uma contratação emergencial pela essencialidade e continuidade para segurança alimentar do funcionamento do objeto às atividades da Universidade. Trata-se de contratação emergencial de empresa especializada na prestação de Serviços de Alimentação Coletiva por um período de 6 até 12 meses.",aviso+de+contratacao+direta.pdf,,https://pncp.gov.br/pncp-api/v1/orgaos/35840659000130/compras/2025/29/arquivos/2,Ativo,"CANTINA / BAR / LANCHONETE / REFEIÇÃO RÁPIDA / RESTAURANTE CANTINA / BAR / LANCHONETE / REFEIÇÃO RÁPIDA / RESTAURANTE (R$ 3.745.500,00); CANTINA / BAR / LANCHONETE / REFEIÇÃO RÁPIDA / RESTAURANTE CANTINA / BAR / LANCHONETE / REFEIÇÃO RÁPIDA / RESTAURANTE (R$ 1.082.700,00)"
35840659000130-1-000029/2025,35840659000130-1-000029-2025.md,UNIVERSIDADE FEDERAL DE JATAI,Aviso de Contratação Direta nº 219/2025,"Contratação Emergencial do Restaurante Universitário. Tendo em vista a rescisão do contrato 118/2024 e 119/2024 - Processo eletrônico SEI nº 23854.005654/2023-89, faz-se necessário realizar uma contratação emergencial pela essencialidade e continuidade para segurança alimentar do funcionamento do objeto às atividades da Universidade. Trata-se de contratação emergencial de empresa especializada na prestação de Serviços de Alimentação Coletiva por um período de 6 até 12 meses.",Estudo+Tecnico+Preliminar+45_2025.pdf,,https://pncp.gov.br/pncp-api/v1/orgaos/35840659000130/compras/2025/29/arquivos/1,Ativo,"CANTINA / BAR / LANCHONETE / REFEIÇÃO RÁPIDA / RESTAURANTE CANTINA / BAR / LANCHONETE / REFEIÇÃO RÁPIDA / RESTAURANTE (R$ 3.745.500,00); CANTINA / BAR / LANCHONETE / REFEIÇÃO RÁPIDA / RESTAURANTE CANTINA / BAR / LANCHONETE / REFEIÇÃO RÁPIDA / RESTAURANTE (R$ 1.082.700,00)"
21195755000169-1-000007/2023,21195755000169-1-000007-2023.md,UNIVERSIDADE FEDERAL DE JUIZ DE FORA UFJF,Aviso de Contratação Direta nº 00013/2023,Aquisição de impressora de CARTÃO/CRACHÁ e seus COMPONENTES para atender a demanda do Restaurante Universitário da UFJF.,AvisodeDispensaEletrnica.pdf,,https://pncp.gov.br/pncp-api/v1/orgaos/21195755000169/compras/2023/7/arquivos/1,Ativo,"Impressora - Cartão / Crachá (R$ 14.992,66); Ribbon (R$ 15.049,50)"
21195755000169-1-000025/2023,21195755000169-1-000025-2023.md,UNIVERSIDADE FEDERAL DE JUIZ DE FORA UFJF,Aviso de Contratação Direta nº 00023/2023,Aquisição de ribbon e kit de limpeza para impressora.,Edital-Aviso de Dispensa Eletronica 23-2023.pdf,,https://pncp.gov.br/pncp-api/v1/orgaos/21195755000169/compras/2023/25/arquivos/1,Ativo,"Ribbon (R$ 26.417,00); Conjunto Limpeza Impressora / Copiadora (R$ 4.673,60)"
22078679000174-1-000034/2024,22078679000174-1-000034-2024.md,UNIVERSIDADE FEDERAL DE LAVRAS,Edital nº 90028/2024,"Aquisição de gás refino de petróleo A GRANEL, tipo: Gás Liquefeito de Petróleo - GLP, uso: industrial P190, para o Restaurante Universitário da Universidade Federal de Lavras, conforme condições, quantidades e exigências estabelecidas neste Edital e seus anexos.",15303205900282024000.zip,Edital PE 90028 2024.zip; Edital PE 90028 2024.zip/1. Edital PE 90028 2024.pdf; Edital PE 90028 2024.zip/0. Capa Edital PE SRP 90028 2024.pdf; RelacaoItens15303205900282024000.pdf,https://pncp.gov.br/pncp-api/v1/orgaos/22078679000174/compras/2024/34/arquivos/1,Ativo,"Gás Refino De Petróleo (R$ 108.810,00)"
22078679000174-1-000082/2024,22078679000174-1-000082-2024.md,UNIVERSIDADE FEDERAL DE LAVRAS,Edital nº 90072/2024,"Aquisição de Gêneros Alimentícios para o Restaurante Universitário, conforme condições, quantidades e exigências estabelecidas no Edital e seus anexos",15303205900722024000.zip,Edital PE SRP 90072 2024.zip; Edital PE SRP 90072 2024.zip/0. Capa Edital PE SRP 90072 2024.pdf; Edital PE SRP 90072 2024.zip/1. Edital PE SRP 90072 2024.pdf; RelacaoItens15303205900722024000.pdf,https://pncp.gov.br/pncp-api/v1/orgaos/22078679000174/compras/2024/82/arquivos/1,Ativo,"Arroz Beneficiado (R$ 81.835,11); Arroz beneficiado (R$ 245.633,85)"
92242080000100-1-000018/2025,92242080000100-1-000018-2025.md,UNIVERSIDADE FEDERAL DE PELOTAS,Edital de Chamamento Público nº 278/2025,"O objeto do presente Edital é o cadastramento de Agricultores(as) Familiares, suas organizações e do Empreendedor Familiar Rural, para o banco de fornecedores aptos a comercializar com as empresas responsáveis pelo serviço de alimentação dos Restaurantes Universitários (RU’s) da UFPel, conforme condições, quantidades e exigências estabelecidas neste Edital e seus anexos.",Anexo_II.pdf,,https://pncp.gov.br/pncp-api/v1/orgaos/92242080000100/compras/2025/18/arquivos/2,Ativo,"Verdura In Natura adicional: cortada, higienizada, apresentação: natural, tipo: salsinha EDITAL PÚBLICO PARA CREDENCIAMENTO DE AGRICULTORES FAMILIARES E SUAS ORGANIZAÇÕES APTAS A FORNECEREM INSUMOS ALIMENTARES PARA AS EMPRESAS DE ALIMENTAÇÃO COLETIVA CONTRATADAS PELA UFPEL PARA O ATENDIMENTO AOS RESTAURANTES UNIVERSITÁRIOS. (R$ 0,00)"
92242080000100-1-000018/2025,92242080000100-1-000018-2025.md,UNIVERSIDADE FEDERAL DE PELOTAS,Edital de Chamamento Público nº 278/2025,"O objeto do presente Edital é o cadastramento de Agricultores(as) Familiares, suas organizações e do Empreendedor Familiar Rural, para o banco de fornecedores aptos a comercializar com as empresas responsáveis pelo serviço de alimentação dos Restaurantes Universitários (RU’s) da UFPel, conforme condições, quantidades e exigências estabelecidas neste Edital e seus anexos.",SEI_2966950_Edital_01.pdf,,https://pncp.gov.br/pncp-api/v1/orgaos/92242080000100/compras/2025/18/arquivos/1,Ativo,"Verdura In Natura adicional: cortada, higienizada, apresentação: natural, tipo: salsinha EDITAL PÚBLICO PARA CREDENCIAMENTO DE AGRICULTORES FAMILIARES E SUAS ORGANIZAÇÕES APTAS A FORNECEREM INSUMOS ALIMENTARES PARA AS EMPRESAS DE ALIMENTAÇÃO COLETIVA CONTRATADAS PELA UFPEL PARA O ATENDIMENTO AOS RESTAURANTES UNIVERSITÁRIOS. (R$ 0,00)"
92242080000100-1-000137/2024,92242080000100-1-000137-2024.md,UNIVERSIDADE FEDERAL DE PELOTAS,Edital nº 90040/2024,"CONTRATAÇÃO DE EMPRESA ESPECIALIZADA NOS SERVIÇOS DE ALIMENTAÇÃO COLETIVA, com concessão onerosa de área para uso das instalações e equipamentos do Restaurante Universitário (RU) do Campus Anglo e do Restaurante Universitário do Campus Capão do Leão",15404705900402024000.zip,SEI_23110.021698_2024_31.zip; SEI_23110.021698_2024_31.zip/SEI_23110.021698_2024_31/Anexo I _ Termo de Referência _ Parte_2_Conforme_NLL14133.pdf; SEI_23110.021698_2024_31.zip/SEI_23110.021698_2024_31/ANEXO IX_ Minuta de Contrato; .pdf; SEI_23110.021698_2024_31.zip/SEI_23110.021698_2024_31/Anexos I a VII.pdf; SEI_23110.021698_2024_31.zip/SEI_23110.021698_2024_31/AP╥NDICE DO ANEXO I_ Estudo Técnico Preliminar.pdf; SEI_23110.021698_2024_31.zip/SEI_23110.021698_2024_31/SEI_23110.021698_2024_31_ Edital.pdf; RelacaoItens15404705900402024000.pdf,https://pncp.gov.br/pncp-api/v1/orgaos/92242080000100/compras/2024/137/arquivos/1,Ativo,"Fornecimento de refeições / lanches / salgados / doces (R$ 20.472.300,00); Fornecimento de refeições / lanches / salgados / doces (R$ 532.200,00)"
24134488000108-1-000092/2022,24134488000108-1-000092-2022.md,UNIVERSIDADE FEDERAL DE PERNAMBUCO,Ato que autoriza a Contratação Direta nº 00046/2022,"CONTRATAÇÃO EM CARÁTER EMERGENCIAL de empresa especializada na prestação de serviços de produção e distribuição de refeições para coletividade sadia no Restaurante Universitário da Universidade Federal de Pernambuco, Centro Acadêmico do Agreste, Caruaru, PE, compreendendo as refeições do almoço e jantar, produzidas sob cessão onerosa de área física equipada e mobiliada.",TERMO_DE_DISPENSA_E_ANEXOS.pdf,,https://pncp.gov.br/pncp-api/v1/orgaos/24134488000108/compras/2022/92/arquivos/1,Ativo,"Refeições Industriais - Preparo / Distribuição (R$ 3.314.520,00)"
24134488000108-1-000107/2023,24134488000108-1-000107-2023.md,UNIVERSIDADE FEDERAL DE PERNAMBUCO,Aviso de Contratação Direta nº 01285/2023,Aquisição de mesas para restaurante universitário do CAA UFPE,Aviso-completo.pdf,,https://pncp.gov.br/pncp-api/v1/orgaos/24134488000108/compras/2023/107/arquivos/1,Ativo,"Mesa Refeitório (R$ 46.708,50)"
35854176000195-1-000022/2024,35854176000195-1-000022-2024.md,UNIVERSIDADE FEDERAL DE RONDONOPOLIS,Edital nº 90003/2024,Execução das obras para a construção do Auditório e Ampliação do Restaurante Universitário da Universidade Federal de Rondonópolis.,15667703900032024000.zip,Concorrencia_03_2024.zip; Concorrencia_03_2024.zip/Anexo II - Minuta do Termo de Contrato.pdf; Concorrencia_03_2024.zip/Anexo III - Modelo de Proposta de Preços.pdf; Concorrencia_03_2024.zip/Anexo l - Termo de Referência.pdf; Concorrencia_03_2024.zip/Edital_Concorrencia_03_2024.pdf; RelacaoItens15667703900032024000.pdf,https://pncp.gov.br/pncp-api/v1/orgaos/35854176000195/compras/2024/22/arquivos/1,Ativo,"Obras Civis de Edificação Prediais (R$ 3.556.567,43); Obras Civis de Edificação Prediais (R$ 11.669.162,77)"
83899526000182-1-000026/2025,83899526000182-1-000026-2025.md,UNIVERSIDADE FEDERAL DE SANTA CATARINA,Ato que autoriza a Contratação Direta nº 93/2025,Aquisição de material para o Restaurante Universitário da Universidade Federal de Santa Catarina.,DFD.pdf,,https://pncp.gov.br/pncp-api/v1/orgaos/83899526000182/compras/2025/26/arquivos/1,Ativo,"Óleo Vegetal Comestível tipo: puro, espécie vegetal: soja, tipo qualidade: tipo 1 (R$ 98.940,00)"
83899526000182-1-000026/2025,83899526000182-1-000026-2025.md,UNIVERSIDADE FEDERAL DE SANTA CATARINA,Ato que autoriza a Contratação Direta nº 93/2025,Aquisição de material para o Restaurante Universitário da Universidade Federal de Santa Catarina.,TR.pdf,,https://pncp.gov.br/pncp-api/v1/orgaos/83899526000182/compras/2025/26/arquivos/2,Ativo,"Óleo Vegetal Comestível tipo: puro, espécie vegetal: soja, tipo qualidade: tipo 1 (R$ 98.940,00)"
83899526000182-1-000027/2025,83899526000182-1-000027-2025.md,UNIVERSIDADE FEDERAL DE SANTA CATARINA,Ato que autoriza a Contratação Direta nº 94/2025,Aquisição de material para o Restaurante Universitário,dfd+assinado.pdf,,https://pncp.gov.br/pncp-api/v1/orgaos/83899526000182/compras/2025/27/arquivos/1,Ativo,"Detergente composição: dodecilbenzeno sulfonato de sódio, aplicação: lavagem de louças, aroma: inodoro, características adicionais: ph 6,5 a 7,5, aspecto físico: líquido incolor (R$ 19.540,00)"
83899526000182-1-000027/2025,83899526000182-1-000027-2025.md,UNIVERSIDADE FEDERAL DE SANTA CATARINA,Ato que autoriza a Contratação Direta nº 94/2025,Aquisição de material para o Restaurante Universitário,TR.pdf,,https://pncp.gov.br/pncp-api/v1/orgaos/83899526000182/compras/2025/27/arquivos/2,Ativo,"Detergente composição: dodecilbenzeno sulfonato de sódio, aplicação: lavagem de louças, aroma: inodoro, características adicionais: ph 6,5 a 7,5, aspecto físico: líquido incolor (R$ 19.540,00)"
83899526000182-1-000031/2025,83899526000182-1-000031-2025.md,UNIVERSIDADE FEDERAL DE SANTA CATARINA,Ato que autoriza a Contratação Direta nº 99/2025,Aquisição de material para o RESTAURANTE UNIVERSITÁRIO da Universidade Federal de Santa Catarina,DFD+ASSINADO.pdf,,https://pncp.gov.br/pncp-api/v1/orgaos/83899526000182/compras/2025/31/arquivos/1,Ativo,"Cartão Controle Acesso material: pvc - cloreto de polivinila, comprimento: 8,60, largura: 5,40, espessura: 0,76, características adicionais: tarja magnética, cartão inteligente, branco (R$ 12.930,00)"
83899526000182-1-000031/2025,83899526000182-1-000031-2025.md,UNIVERSIDADE FEDERAL DE SANTA CATARINA,Ato que autoriza a Contratação Direta nº 99/2025,Aquisição de material para o RESTAURANTE UNIVERSITÁRIO da Universidade Federal de Santa Catarina,TR+DIGITAL.pdf,,https://pncp.gov.br/pncp-api/v1/orgaos/83899526000182/compras/2025/31/arquivos/2,Ativo,"Cartão Controle Acesso material: pvc - cloreto de polivinila, comprimento: 8,60, largura: 5,40, espessura: 0,76, características adicionais: tarja magnética, cartão inteligente, branco (R$ 12.930,00)"
83899526000182-1-000051/2025,83899526000182-1-000051-2025.md,UNIVERSIDADE FEDERAL DE SANTA CATARINA,Ato que autoriza a Contratação Direta nº 116/2025,Aquisição de material para o Restaurante Universitário da Universidade Federal de Santa Catarina,DFD+ASSINADO.pdf,,https://pncp.gov.br/pncp-api/v1/orgaos/83899526000182/compras/2025/51/arquivos/1,Ativo,"Sabão Pasta composição: sabão de côco, tensoativo anionico, carboidrato, q, aplicação: limpeza pesada com ação desengraxante (R$ 618,80)"
83899526000182-1-000051/2025,83899526000182-1-000051-2025.md,UNIVERSIDADE FEDERAL DE SANTA CATARINA,Ato que autoriza a Contratação Direta nº 116/2025,Aquisição de material para o Restaurante Universitário da Universidade Federal de Santa Catarina,tr+digital.pdf,,https://pncp.gov.br/pncp-api/v1/orgaos/83899526000182/compras/2025/51/arquivos/2,Ativo,"Sabão Pasta composição: sabão de côco, tensoativo anionico, carboidrato, q, aplicação: limpeza pesada com ação desengraxante (R$ 618,80)"
83899526000182-1-000052/2025,83899526000182-1-000052-2025.md,UNIVERSIDADE FEDERAL DE SANTA CATARINA,Edital nº 90058/2025,"Registro de preços para a eventual aquisição de materiais para o Restaurante Universitário (RU), da Universidade Federal de Santa Catarina (UFSC)",15316305900582025000.zip,EDITAL PUBLICADO REGISTRO DE PRECOS - PREGAO 900582025 - Mat. para o Rest. Universitario - CARTOES.pdf; RelacaoItens15316305900582025000.pdf,https://pncp.gov.br/pncp-api/v1/orgaos/83899526000182/compras/2025/52/arquivos/1,Ativo,"Cartão controle acesso (R$ 50.490,00); Conjunto limpeza impressora , copiadora (R$ 9.265,00)"
83899526000182-1-000071/2024,83899526000182-1-000071-2024.md,UNIVERSIDADE FEDERAL DE SANTA CATARINA,Ato que autoriza a Contratação Direta nº 75/2024,Detergente líquido,67%2F2024.pdf,,https://pncp.gov.br/pncp-api/v1/orgaos/83899526000182/compras/2024/71/arquivos/2,Ativo,"DETERGENTE APLICAÇÃO: LAVAGEM DE LOUÇAS, AROMA: INODORO, ASPECTO FÍSICO: LÍQUIDO INCOLOR, CARACTERÍSTICAS ADICIONAIS: PH 6,5 A 7,5, COMPOSIÇÃO: DODECILBENZENO SULFONATO DE SÓDIO (R$ 29.334,00)"
83899526000182-1-000071/2024,83899526000182-1-000071-2024.md,UNIVERSIDADE FEDERAL DE SANTA CATARINA,Ato que autoriza a Contratação Direta nº 75/2024,Detergente líquido,DFD_771.2024.pdf,,https://pncp.gov.br/pncp-api/v1/orgaos/83899526000182/compras/2024/71/arquivos/1,Ativo,"DETERGENTE APLICAÇÃO: LAVAGEM DE LOUÇAS, AROMA: INODORO, ASPECTO FÍSICO: LÍQUIDO INCOLOR, CARACTERÍSTICAS ADICIONAIS: PH 6,5 A 7,5, COMPOSIÇÃO: DODECILBENZENO SULFONATO DE SÓDIO (R$ 29.334,00)"
83899526000182-1-000131/2025,83899526000182-1-000131-2025.md,UNIVERSIDADE FEDERAL DE SANTA CATARINA,Ato que autoriza a Contratação Direta nº 188/2025,Aquisição de material para o Restaurante Universitário da Universidade Federal de Santa Catarina.,DFD.pdf,,https://pncp.gov.br/pncp-api/v1/orgaos/83899526000182/compras/2025/131/arquivos/2,Ativo,"Óleo Vegetal Comestível tipo: puro, espécie vegetal: soja, tipo qualidade: tipo 1 (R$ 64.756,00)"
83899526000182-1-000131/2025,83899526000182-1-000131-2025.md,UNIVERSIDADE FEDERAL DE SANTA CATARINA,Ato que autoriza a Contratação Direta nº 188/2025,Aquisição de material para o Restaurante Universitário da Universidade Federal de Santa Catarina.,TR+DIGITAL.pdf,,https://pncp.gov.br/pncp-api/v1/orgaos/83899526000182/compras/2025/131/arquivos/1,Ativo,"Óleo Vegetal Comestível tipo: puro, espécie vegetal: soja, tipo qualidade: tipo 1 (R$ 64.756,00)"
83899526000182-1-000194/2025,83899526000182-1-000194-2025.md,UNIVERSIDADE FEDERAL DE SANTA CATARINA,Ato que autoriza a Contratação Direta nº 73/2025,Contratação de serviço de manutenção corretiva da cozinha do Restaurante Universitário (RU) e do Núcleo de Desenvolvimento Infantil (NDI) da UFSC.,ANEXO+III+-+Imagens.pdf,,https://pncp.gov.br/pncp-api/v1/orgaos/83899526000182/compras/2025/194/arquivos/2,Ativo,"Manutenção de Fornos e Fornalhas Serviço de manutenção corretiva em forno industrial elétrico, marca: Wictory, com fornecimento e instalação de peças, acessórios e componentes que se fizerem necessários. (R$ 34.990,00); Instalação / Manutenção - Câmara Fria Serviço de manutenção corretiva em câmara de congelados, incluindo os testes de funcionamento, ajustes de temperatura, com fornecimento e instalação de peças, acessórios e componentes que se fizerem necessários. (R$ 25.720,00)"
83899526000182-1-000194/2025,83899526000182-1-000194-2025.md,UNIVERSIDADE FEDERAL DE SANTA CATARINA,Ato que autoriza a Contratação Direta nº 73/2025,Contratação de serviço de manutenção corretiva da cozinha do Restaurante Universitário (RU) e do Núcleo de Desenvolvimento Infantil (NDI) da UFSC.,Ato+de+autorizacao+da+dispensa.pdf,,https://pncp.gov.br/pncp-api/v1/orgaos/83899526000182/compras/2025/194/arquivos/1,Ativo,"Manutenção de Fornos e Fornalhas Serviço de manutenção corretiva em forno industrial elétrico, marca: Wictory, com fornecimento e instalação de peças, acessórios e componentes que se fizerem necessários. (R$ 34.990,00); Instalação / Manutenção - Câmara Fria Serviço de manutenção corretiva em câmara de congelados, incluindo os testes de funcionamento, ajustes de temperatura, com fornecimento e instalação de peças, acessórios e componentes que se fizerem necessários. (R$ 25.720,00)"
83899526000182-1-000205/2024,83899526000182-1-000205-2024.md,UNIVERSIDADE FEDERAL DE SANTA CATARINA,Ato que autoriza a Contratação Direta nº 220/2024,Serviço de inspeção e manutenção corretiva em caldeiras,cotacao-detalhado-418-2024.pdf,,https://pncp.gov.br/pncp-api/v1/orgaos/83899526000182/compras/2024/205/arquivos/1,Ativo,"Manutenção de Equipamentos de Cozinha Industrial Manutenção de Equipamentos de Cozinha Industrial (R$ 39.038,00)"
83899526000182-1-000205/2024,83899526000182-1-000205-2024.md,UNIVERSIDADE FEDERAL DE SANTA CATARINA,Ato que autoriza a Contratação Direta nº 220/2024,Serviço de inspeção e manutenção corretiva em caldeiras,Orcamento+MDC.pdf,,https://pncp.gov.br/pncp-api/v1/orgaos/83899526000182/compras/2024/205/arquivos/2,Ativo,"Manutenção de Equipamentos de Cozinha Industrial Manutenção de Equipamentos de Cozinha Industrial (R$ 39.038,00)"
83899526000182-1-000249/2024,83899526000182-1-000249-2024.md,UNIVERSIDADE FEDERAL DE SANTA CATARINA,Ato que autoriza a Contratação Direta nº 235/2024,"Serviço de manutenção corretiva de cancela com fornecimento de peça (Central de comando e pares de sensores, Incluindo o serviço de instalação – Modelo: Triflex Fullrange Display Brushless)",Certidao_Consolidade_TCU_.pdf,,https://pncp.gov.br/pncp-api/v1/orgaos/83899526000182/compras/2024/249/arquivos/1,Ativo,"INSTALAÇÃO / MANUTENÇÃO - PORTA / CANCELA / PORTÃO INSTALAÇÃO / MANUTENÇÃO - PORTA / CANCELA / PORTÃO (R$ 1.200,00)"
83899526000182-1-000249/2024,83899526000182-1-000249-2024.md,UNIVERSIDADE FEDERAL DE SANTA CATARINA,Ato que autoriza a Contratação Direta nº 235/2024,"Serviço de manutenção corretiva de cancela com fornecimento de peça (Central de comando e pares de sensores, Incluindo o serviço de instalação – Modelo: Triflex Fullrange Display Brushless)",SICAF_atualizado.pdf,,https://pncp.gov.br/pncp-api/v1/orgaos/83899526000182/compras/2024/249/arquivos/2,Ativo,"INSTALAÇÃO / MANUTENÇÃO - PORTA / CANCELA / PORTÃO INSTALAÇÃO / MANUTENÇÃO - PORTA / CANCELA / PORTÃO (R$ 1.200,00)"
95591764000105-1-000136/2025,95591764000105-1-000136-2025.md,UNIVERSIDADE FEDERAL DE SANTA MARIA,Ato que autoriza a Contratação Direta nº 362/2025,Aquisição sistema de tratamento de água do Restaurante Universitário.,142%2F2025.pdf,,https://pncp.gov.br/pncp-api/v1/orgaos/95591764000105/compras/2025/136/arquivos/2,Ativo,"Aparelho Purificador De Água capacidade: 3, tipo: tripla filtragem, voltagem: 220 Sistema adicional de tratamento de água para o Restaurante Universitário, incluindo bomba dosadora de cloro, filtro e ultravioleta, incluindo fornecimento de materiais, garantindo pleno funcionamento e adequação às condições operacionais do local. (R$ 76.617,87)"
95591764000105-1-000136/2025,95591764000105-1-000136-2025.md,UNIVERSIDADE FEDERAL DE SANTA MARIA,Ato que autoriza a Contratação Direta nº 362/2025,Aquisição sistema de tratamento de água do Restaurante Universitário.,31+Autorizacao+de+contratacao.pdf,,https://pncp.gov.br/pncp-api/v1/orgaos/95591764000105/compras/2025/136/arquivos/1,Ativo,"Aparelho Purificador De Água capacidade: 3, tipo: tripla filtragem, voltagem: 220 Sistema adicional de tratamento de água para o Restaurante Universitário, incluindo bomba dosadora de cloro, filtro e ultravioleta, incluindo fornecimento de materiais, garantindo pleno funcionamento e adequação às condições operacionais do local. (R$ 76.617,87)"
95591764000105-1-000182/2025,95591764000105-1-000182-2025.md,UNIVERSIDADE FEDERAL DE SANTA MARIA,Ato que autoriza a Contratação Direta nº 407/2025,"Reparo emergencial transformador de energia trifásico, localizado no Campus de Palmeira das Missões.",15+Autorizacao+de+contratacao.pdf,,https://pncp.gov.br/pncp-api/v1/orgaos/95591764000105/compras/2025/182/arquivos/1,Ativo,"Manutenção / reforma predial CONTRATAÇÃO DE EMPRESA COM MÃO DE OBRA ESPECIALIZADA, CAMINHÃO GUINDAUTO E EQUIPAMENTOS NECESSÁRIOS PARA REALIZAÇÃO DE SERVIÇO EMERGENCIAL PARA REESTABELECIMENTO DA ENERGIA ELÉTRICA NO CAMPUS DE PALMEIRA DAS MISSÕES, SENDO NECESSÁRIO A SUBSTITUIÇÃO DO TRANSFORMADOR TRIFÁSICO 150 KVA 25KV 380/220V, CONECTORES GARRA DE LINHA VIVA E REPARO EM CABO DA SAÍDA DA MUFLA DO TRANSFORMADOR LOCALIZADO EM FRENTE AO PRÉDIO PRINCIPAL QUE ATENDE TAMBÉM O RESTAURANTE UNIVERSITÁRIO, POÇO ARTESIANO E LABORATÓRIOS. (R$ 50.000,00)"
95591764000105-1-000182/2025,95591764000105-1-000182-2025.md,UNIVERSIDADE FEDERAL DE SANTA MARIA,Ato que autoriza a Contratação Direta nº 407/2025,"Reparo emergencial transformador de energia trifásico, localizado no Campus de Palmeira das Missões.",TR_SIE.pdf,,https://pncp.gov.br/pncp-api/v1/orgaos/95591764000105/compras/2025/182/arquivos/2,Ativo,"Manutenção / reforma predial CONTRATAÇÃO DE EMPRESA COM MÃO DE OBRA ESPECIALIZADA, CAMINHÃO GUINDAUTO E EQUIPAMENTOS NECESSÁRIOS PARA REALIZAÇÃO DE SERVIÇO EMERGENCIAL PARA REESTABELECIMENTO DA ENERGIA ELÉTRICA NO CAMPUS DE PALMEIRA DAS MISSÕES, SENDO NECESSÁRIO A SUBSTITUIÇÃO DO TRANSFORMADOR TRIFÁSICO 150 KVA 25KV 380/220V, CONECTORES GARRA DE LINHA VIVA E REPARO EM CABO DA SAÍDA DA MUFLA DO TRANSFORMADOR LOCALIZADO EM FRENTE AO PRÉDIO PRINCIPAL QUE ATENDE TAMBÉM O RESTAURANTE UNIVERSITÁRIO, POÇO ARTESIANO E LABORATÓRIOS. (R$ 50.000,00)"
21186804000105-1-000016/2023,21186804000105-1-000016-2023.md,UNIVERSIDADE FEDERAL DE SAO JOAO DEL-REI,Edital nº 00038/2023,"Prestação de serviço de manutenção em cabo óptico que interliga o Rack do Core ao Rack do Restaurante Universitário – RU; manutenção em cabo óptico que interliga o Prédio da Química e o Prédio do NIPEM; lançamento e conectorização do cabeamento óptico entre os prédios da Portaria principal, Química e Eng. Civil. da UFSJ, campus Alto Paraopeba, na cidade de Ouro Branco/MG, conforme condições, quantidades e exigências estabelecidas no Edital e seus anexos.",15406905000382023000.zip,057 - Divulgacao.zip; 057 - Divulgacao.zip/Divulgação/; 057 - Divulgacao.zip/Divulgação/Edital PE 38-2023.pdf; 057 - Divulgacao.zip/Divulgação/ETP.pdf; RelacaoItens15406905000382023000.pdf,https://pncp.gov.br/pncp-api/v1/orgaos/21186804000105/compras/2023/16/arquivos/1,Ativo,"Extensão óptica (R$ 11.004,00); Módulo eletrônico (R$ 3.086,66)"
21186804000105-1-000020/2025,21186804000105-1-000020-2025.md,UNIVERSIDADE FEDERAL DE SAO JOAO DEL-REI,Ato que autoriza a Contratação Direta nº 155/2025,Contratação emergencial de empresa especializada para a prestação de Serviços de Alimentação e Nutrição por meio da operacionalização e desenvolvimento de todas as atividades envolvidas na produção e distribuição de refeições para o Restaurante Universitário do Campus Tancredo Neves (CTAN),75-Despacho+de+autorizacao.pdf,,https://pncp.gov.br/pncp-api/v1/orgaos/21186804000105/compras/2025/20/arquivos/1,Ativo,"Fornecimento de refeições / lanches / salgados / doces Contratação emergencial de empresa especializada para a prestação de Serviços de Alimentação e Nutrição por meio da operacionalização e desenvolvimento de todas as atividades envolvidas na produção e distribuição de refeições para o Restaurante Universitário do Campus Tancredo Neves (CTAN) (R$ 1.118.240,00)"
21186804000105-1-000020/2025,21186804000105-1-000020-2025.md,UNIVERSIDADE FEDERAL DE SAO JOAO DEL-REI,Ato que autoriza a Contratação Direta nº 155/2025,Contratação emergencial de empresa especializada para a prestação de Serviços de Alimentação e Nutrição por meio da operacionalização e desenvolvimento de todas as atividades envolvidas na produção e distribuição de refeições para o Restaurante Universitário do Campus Tancredo Neves (CTAN),Anexo+V+-+Projeto+I.pdf,,https://pncp.gov.br/pncp-api/v1/orgaos/21186804000105/compras/2025/20/arquivos/2,Ativo,"Fornecimento de refeições / lanches / salgados / doces Contratação emergencial de empresa especializada para a prestação de Serviços de Alimentação e Nutrição por meio da operacionalização e desenvolvimento de todas as atividades envolvidas na produção e distribuição de refeições para o Restaurante Universitário do Campus Tancredo Neves (CTAN) (R$ 1.118.240,00)"
21186804000105-1-000031/2025,21186804000105-1-000031-2025.md,UNIVERSIDADE FEDERAL DE SAO JOAO DEL-REI,Edital nº 90015/2025,Contratação de empresa especializada para a prestação de Serviços de Alimentação e Nutrição por meio da operacionalização e desenvolvimento de todas as atividades envolvidas na produção e distribuição de refeições para o Restaurante Universitário do campus Tancredo Neves (CTAN) da UFSJ.,15406905900152025000.zip,Divulgacao.zip; Divulgacao.zip/Divulgacao/; Divulgacao.zip/Divulgacao/Anexo I do TR - IMR.pdf; Divulgacao.zip/Divulgacao/Anexo II do TR - Equipamentos e mobiliários.pdf; Divulgacao.zip/Divulgacao/Anexo III do TR - Parecer Nutricionista.pdf; Divulgacao.zip/Divulgacao/Anexo IV do TR - Laudo avaliação imóvel.pdf; Divulgacao.zip/Divulgacao/Anexo V do TR - Projeto I.pdf; Divulgacao.zip/Divulgacao/Anexo VI do TR - Projeto II.pdf; Divulgacao.zip/Divulgacao/ETP 8-2025.pdf; Divulgacao.zip/Divulgacao/Minuta contrato.pdf; Divulgacao.zip/Divulgacao/PE 90015-2025 - Refeição CTAN.pdf; RelacaoItens15406905900152025000.pdf,https://pncp.gov.br/pncp-api/v1/orgaos/21186804000105/compras/2025/31/arquivos/1,Ativo,"Fornecimento de Refeições / Lanches / Salgados / Doces (R$ 3.232.099,20)"
21186804000105-1-000077/2025,21186804000105-1-000077-2025.md,UNIVERSIDADE FEDERAL DE SAO JOAO DEL-REI,Edital nº 90001/2025,"Obra de ampliação da área de alimentação e higienização de pratos e talheres do restaurante universitário do Campus Centro Oeste Dona Lindu da Universidade Federal de São João del-Rei – CCO UFSJ, na cidade de Divinópolis.",15406903900012025000.zip,136 - Divulgacao final - CA 90001-2025.zip; 136 - Divulgacao final - CA 90001-2025.zip/Divulgação 3 - valor atuazliado/; 136 - Divulgacao final - CA 90001-2025.zip/Divulgação 3 - valor atuazliado/Anexo I do Edital - Termo de Referência.pdf; 136 - Divulgacao final - CA 90001-2025.zip/Divulgação 3 - valor atuazliado/Anexo I do TR - ETP.pdf; 136 - Divulgacao final - CA 90001-2025.zip/Divulgação 3 - valor atuazliado/Anexo II do Edital - Projetos complementares.zip; 136 - Divulgacao final - CA 90001-2025.zip/Divulgação 3 - valor atuazliado/Anexo II do Edital - Projetos complementares.zip/60 - Estrutural-17-17_ru_CCO_pdf.pdf; 136 - Divulgacao final - CA 90001-2025.zip/Divulgação 3 - valor atuazliado/Anexo II do Edital - Projetos complementares.zip/27 - Prancha_arquitetnico_1.pdf; 136 - Divulgacao final - CA 90001-2025.zip/Divulgação 3 - valor atuazliado/Anexo II do Edital - Projetos complementares.zip/28 - Prancha_arquitetnico_2.pdf; 136 - Divulgacao final - CA 90001-2025.zip/Divulgação 3 - valor atuazliado/Anexo II do Edital - Projetos complementares.zip/29 - Prancha_arquitetnico_3.pdf; 136 - Divulgacao final - CA 90001-2025.zip/Divulgação 3 - valor atuazliado/Anexo II do Edital - Projetos complementares.zip/30 - Prancha_arquitetnico_4.pdf; 136 - Divulgacao final - CA 90001-2025.zip/Divulgação 3 - valor atuazliado/Anexo II do Edital - Projetos complementares.zip/31 - Prancha_arquitetnico_5.pdf; 136 - Divulgacao final - CA 90001-2025.zip/Divulgação 3 - valor atuazliado/Anexo II do Edital - Projetos complementares.zip/32 - Prancha_arquitetnico_6.pdf; 136 - Divulgacao final - CA 90001-2025.zip/Divulgação 3 - valor atuazliado/Anexo II do Edital - Projetos complementares.zip/33 - Prancha_arquitetnico_7.pdf; 136 - Divulgacao final - CA 90001-2025.zip/Divulgação 3 - valor atuazliado/Anexo II do Edital - Projetos complementares.zip/34 - Prancha_hidrossanitrio_1.pdf; 136 - Divulgacao final - CA 90001-2025.zip/Divulgação 3 - valor atuazliado/Anexo II do Edital - Projetos complementares.zip/35 - Prancha_hidrossanitrio_2.pdf; 136 - Divulgacao final - CA 90001-2025.zip/Divulgação 3 - valor atuazliado/Anexo II do Edital - Projetos complementares.zip/36 - Projeto_eltrico_-_prancha_01_02.pdf; 136 - Divulgacao final - CA 90001-2025.zip/Divulgação 3 - valor atuazliado/Anexo II do Edital - Projetos complementares.zip/37 - Projeto_eltrico_-_prancha_02_02.pdf; 136 - Divulgacao final - CA 90001-2025.zip/Divulgação 3 - valor atuazliado/Anexo II do Edital - Projetos complementares.zip/38 - Projeto_spda_-_detalhes_especficos_01_01.pdf; 136 - Divulgacao final - CA 90001-2025.zip/Divulgação 3 - valor atuazliado/Anexo II do Edital - Projetos complementares.zip/39 - Projeto_spda_-_isomtrica_01_01.pdf; 136 - Divulgacao final - CA 90001-2025.zip/Divulgação 3 - valor atuazliado/Anexo II do Edital - Projetos complementares.zip/40 - Projeto_spda_-_prancha_01_04.pdf; 136 - Divulgacao final - CA 90001-2025.zip/Divulgação 3 - valor atuazliado/Anexo II do Edital - Projetos complementares.zip/41 - Projeto_spda_-_prancha_02_04.pdf; 136 - Divulgacao final - CA 90001-2025.zip/Divulgação 3 - valor atuazliado/Anexo II do Edital - Projetos complementares.zip/42 - Projeto_spda_-_prancha_03_04.pdf; 136 - Divulgacao final - CA 90001-2025.zip/Divulgação 3 - valor atuazliado/Anexo II do Edital - Projetos complementares.zip/43 - Projeto_spda_-_prancha_04_04.pdf; 136 - Divulgacao final - CA 90001-2025.zip/Divulgação 3 - valor atuazliado/Anexo II do Edital - Projetos complementares.zip/44 - Estrutural-01-17__ru_CCO_pdf.pdf; 136 - Divulgacao final - CA 90001-2025.zip/Divulgação 3 - valor atuazliado/Anexo II do Edital - Projetos complementares.zip/45 - Estrutural-02-17_ru_CCO_pdf.pdf; 136 - Divulgacao final - CA 90001-2025.zip/Divulgação 3 - valor atuazliado/Anexo II do Edital - Projetos complementares.zip/46 - Estrutural-03-17_ru_CCO_pdf.pdf; 136 - Divulgacao final - CA 90001-2025.zip/Divulgação 3 - valor atuazliado/Anexo II do Edital - Projetos complementares.zip/47 - Estrutural-04-17_ru_CCO_pdf.pdf; 136 - Divulgacao final - CA 90001-2025.zip/Divulgação 3 - valor atuazliado/Anexo II do Edital - Projetos complementares.zip/48 - Estrutural-05-17_ru_CCO_pdf.pdf; 136 - Divulgacao final - CA 90001-2025.zip/Divulgação 3 - valor atuazliado/Anexo II do Edital - Projetos complementares.zip/49 - Estrutural-06-17_ru_CCO_pdf.pdf; 136 - Divulgacao final - CA 90001-2025.zip/Divulgação 3 - valor atuazliado/Anexo II do Edital - Projetos complementares.zip/50 - Estrutural-07-17_ru_CCO_pdf.pdf; 136 - Divulgacao final - CA 90001-2025.zip/Divulgação 3 - valor atuazliado/Anexo II do Edital - Projetos complementares.zip/51 - Estrutural-08-17_ru_CCO_pdf.pdf; 136 - Divulgacao final - CA 90001-2025.zip/Divulgação 3 - valor atuazliado/Anexo II do Edital - Projetos complementares.zip/52 - Estrutural-09-17_ru_CCO_pdf.pdf; 136 - Divulgacao final - CA 90001-2025.zip/Divulgação 3 - valor atuazliado/Anexo II do Edital - Projetos complementares.zip/53 - Estrutural-10-17_ru_CCO_pdf.pdf; 136 - Divulgacao final - CA 90001-2025.zip/Divulgação 3 - valor atuazliado/Anexo II do Edital - Projetos complementares.zip/54 - Estrutural-11-17_ru_CCO_pdf.pdf; 136 - Divulgacao final - CA 90001-2025.zip/Divulgação 3 - valor atuazliado/Anexo II do Edital - Projetos complementares.zip/55 - Estrutural-12-17_ru_CCO_pdf.pdf; 136 - Divulgacao final - CA 90001-2025.zip/Divulgação 3 - valor atuazliado/Anexo II do Edital - Projetos complementares.zip/56 - Estrutural-13-17_ru_CCO_pdf.pdf; 136 - Divulgacao final - CA 90001-2025.zip/Divulgação 3 - valor atuazliado/Anexo II do Edital - Projetos complementares.zip/57 - Estrutural-14-17_ru_CCO_pdf.pdf; 136 - Divulgacao final - CA 90001-2025.zip/Divulgação 3 - valor atuazliado/Anexo II do Edital - Projetos complementares.zip/58 - Estrutural-15-17_ru_CCO_pdf.pdf; 136 - Divulgacao final - CA 90001-2025.zip/Divulgação 3 - valor atuazliado/Anexo II do Edital - Projetos complementares.zip/59 - Estrutural-16-17_ru_CCO_pdf.pdf; 136 - Divulgacao final - CA 90001-2025.zip/Divulgação 3 - valor atuazliado/Anexo II do TR - Planilha Sintética - NÃO DESONERADO.xlsx; 136 - Divulgacao final - CA 90001-2025.zip/Divulgação 3 - valor atuazliado/Anexo III do Edital - Modelo de proposta.pdf; 136 - Divulgacao final - CA 90001-2025.zip/Divulgação 3 - valor atuazliado/Anexo III do TR - Planilha Analitica - NÃO DESONERADO.xlsx; 136 - Divulgacao final - CA 90001-2025.zip/Divulgação 3 - valor atuazliado/Anexo IV do Edital - Modelo de placa.jpeg; 136 - Divulgacao final - CA 90001-2025.zip/Divulgação 3 - valor atuazliado/Anexo IV do TR - Cronograma Físico Financeiro.xlsx; 136 - Divulgacao final - CA 90001-2025.zip/Divulgação 3 - valor atuazliado/Anexo IX do TR - Memorial descritivo.pdf; 136 - Divulgacao final - CA 90001-2025.zip/Divulgação 3 - valor atuazliado/Anexo V do Edital - Minuta de contrato.pdf; 136 - Divulgacao final - CA 90001-2025.zip/Divulgação 3 - valor atuazliado/Anexo V do TR - BDI de serviços NÃO DESONERADO.xlsx; 136 - Divulgacao final - CA 90001-2025.zip/Divulgação 3 - valor atuazliado/Anexo VI do TR - IMR.pdf; 136 - Divulgacao final - CA 90001-2025.zip/Divulgação 3 - valor atuazliado/Anexo VII do TR - Regras para análise de aditivos.pdf; 136 - Divulgacao final - CA 90001-2025.zip/Divulgação 3 - valor atuazliado/Anexo VIII do TR - Matriz de Riscos.pdf; 136 - Divulgacao final - CA 90001-2025.zip/Divulgação 3 - valor atuazliado/Edital CA 90001-2025.pdf; RelacaoItens15406903900012025000.pdf,https://pncp.gov.br/pncp-api/v1/orgaos/21186804000105/compras/2025/77/arquivos/1,Ativo,"Obras Civis Públicas ( Construção ) (R$ 1.166.121,68)"
21186804000105-1-000096/2025,21186804000105-1-000096-2025.md,UNIVERSIDADE FEDERAL DE SAO JOAO DEL-REI,Edital nº 90002/2025,"Obra de ampliação da área de alimentação e higienização de pratos e talheres do restaurante universitário do Campus Sete Lagoas da Universidade Federal de São João del-Rei – CSL UFSJ, na cidade de Sete Lagoas.",15406903900022025000.zip,Divulgacao.zip; Divulgacao.zip/Divulgacao/; Divulgacao.zip/Divulgacao/Anexo I do Edital - Termo de Referência - Final.pdf; Divulgacao.zip/Divulgacao/Anexo I do Termpo de Referência - ETP.pdf; Divulgacao.zip/Divulgacao/Anexo II do Edital - Projetos/; Divulgacao.zip/Divulgacao/Anexo II do Edital - Projetos/34 - Ampliao_refeitrio_-_CSL_-_Estrutural.pdf; Divulgacao.zip/Divulgacao/Anexo II do Edital - Projetos/AMP-RU-CSL-UFSJ-R0-ELE-FL01-Projeto_Eletrico_e_SPDA.pdf; Divulgacao.zip/Divulgacao/Anexo II do Edital - Projetos/Projeto_ARQ.-_Ampliacao-refeitorio-RU-CSL.pdf; Divulgacao.zip/Divulgacao/Anexo II do Edital - Projetos/Projeto_Hidrossanitrio_-_Ampliacao-refeitorio-RU_CSL.pdf; Divulgacao.zip/Divulgacao/Anexo II do TR - Planilha sintética NÃO DESONERADO.pdf; Divulgacao.zip/Divulgacao/Anexo II do TR - Planilha sintética NÃO DESONERADO.xlsx; Divulgacao.zip/Divulgacao/Anexo III do TR - Planilha analítca NÃO DESONERADO.pdf; Divulgacao.zip/Divulgacao/Anexo III do TR - Planilha analítca NÃO DESONERADO.xlsx; Divulgacao.zip/Divulgacao/Anexo IV do Edital - Modelo de placa.jpeg; Divulgacao.zip/Divulgacao/Anexo IV do TR - Cronograma físico financeiro.pdf; Divulgacao.zip/Divulgacao/Anexo IV do TR - Cronograma físico financeiro.xlsx; Divulgacao.zip/Divulgacao/Anexo IX do TR - Memorial descritivo.pdf; Divulgacao.zip/Divulgacao/Anexo V do Edital - Minuta de contrato.pdf; Divulgacao.zip/Divulgacao/Anexo V do TR - Detalhamento do BDI.xlsx; Divulgacao.zip/Divulgacao/CA 90002-2025 - RU CSL.pdf; RelacaoItens15406903900022025000.pdf,https://pncp.gov.br/pncp-api/v1/orgaos/21186804000105/compras/2025/96/arquivos/1,Ativo,"Obras Civis Públicas ( Construção ) (R$ 1.166.121,68)"
21186804000105-1-000097/2025,21186804000105-1-000097-2025.md,UNIVERSIDADE FEDERAL DE SAO JOAO DEL-REI,Edital nº 90003/2025,"Obra de ampliação da área de alimentação e higienização de pratos e talheres do restaurante universitário do Campus Dom Bosco da Universidade Federal de São João del-Rei – CDB UFSJ, na cidade de São João del-Rei/MG.",15406903900032025000.zip,Divulgacao.zip; Divulgacao.zip/Divulgacao/; Divulgacao.zip/Divulgacao/Anexo II do Edital - Projeto_Arquitetnico.pdf; Divulgacao.zip/Divulgacao/Anexo IV do Termo de Referência - Cronograma Físico e Financeiro.xlsx; Divulgacao.zip/Divulgacao/Anexo II do Termo de Referência - Planilha sintética NÃO DESONERADO.pdf; Divulgacao.zip/Divulgacao/Anexo II do Edital - Projeto_Hidrossanitrio.pdf; Divulgacao.zip/Divulgacao/Anexo II do Edital - Projetos_Eletrico_e_SPDA.pdf; Divulgacao.zip/Divulgacao/Anexo I do Termo de Referência - ETP.pdf; Divulgacao.zip/Divulgacao/CA 90003-2025 - RU CDB.pdf; Divulgacao.zip/Divulgacao/Anexo IV do Termo de Referência - Cronograma Físico e Financeiro.pdf; Divulgacao.zip/Divulgacao/Anexo II do Edital - Projeto_Estrutural.pdf; Divulgacao.zip/Divulgacao/Anexo V do Edital - Minuta de contrato.pdf; Divulgacao.zip/Divulgacao/Anexo IV do Edital - Modelo de placa.jpeg; Divulgacao.zip/Divulgacao/Anexo I do Edital - Termo de Referência.pdf; Divulgacao.zip/Divulgacao/Anexo II do Termo de Referência - Planilha sintética NÃO DESONERADO.xlsx; Divulgacao.zip/Divulgacao/Anexo III do Termo de Referência - Planilha analitica NÃO DESONERADO.pdf; Divulgacao.zip/Divulgacao/Anexo IX do Termo de Referência - Memorial descritivo.pdf; Divulgacao.zip/Divulgacao/Anexo V do Termo de Referência - Composio BDI.xlsx; Divulgacao.zip/Divulgacao/Anexo III do Termo de Referência - Planilha analitica NÃO DESONERADO.xlsx; RelacaoItens15406903900032025000.pdf,https://pncp.gov.br/pncp-api/v1/orgaos/21186804000105/compras/2025/97/arquivos/1,Ativo,"Obras Civis Públicas ( Construção ) (R$ 1.166.121,68)"
60453032000174-1-000017/2024,60453032000174-1-000017-2024.md,UNIVERSIDADE FEDERAL DE SAO PAULO,Edital nº 90003/2024,"O objeto da presente licitação é o Registro de Preços para Contratação de Serviços Continuados de Restaurante Universitário: preparo e fornecimento de refeições, com concessão onerosa de uso das dependências do Restaurante Universitário do campus Guarulhos da Unifesp conforme condições, quantidades e exigências estabelecidas neste Edital e seus anexos.",15303105900032024001.zip,Edital SRP 90003_2024 - Restaurante Universitario_SEI_23089.000064_2024_69.pdf; RelacaoItens15303105900032024000.pdf,https://pncp.gov.br/pncp-api/v1/orgaos/60453032000174/compras/2024/17/arquivos/2,Ativo,"Salgados diversos (R$ 2.010.000,00)"
60453032000174-1-000085/2025,60453032000174-1-000085-2025.md,UNIVERSIDADE FEDERAL DE SAO PAULO,Edital nº 90028/2025,"Eventual contratação de serviços contínuos de preparo e fornecimento de REFEIÇÕES TRANSPORTADAS, com concessão onerosa de uso de áreas e instalações do Restaurante Universitário e Cantina Universitária do Campus Osasco da Unifesp",15303105900282025000.zip,SRP_90028.2025_RU_Unifesp_Osasco.pdf; RelacaoItens15303105900282025000.pdf,https://pncp.gov.br/pncp-api/v1/orgaos/60453032000174/compras/2025/85/arquivos/1,Ativo,"Salgados diversos (R$ 4.466.880,00)"
60453032000174-1-000102/2024,60453032000174-1-000102-2024.md,UNIVERSIDADE FEDERAL DE SAO PAULO,Edital nº 90058/2024,"Contratação de serviços continuados no preparo e fornecimento de refeições, com concessão onerosa de uso das dependências do Restaurante Universitário do campus Baixada Santista da Unifesp",15303105900582024001.zip,Edital completo RU SRP 58_2024 - 20_06_2024.pdf; RelacaoItens15303105900582024000.pdf,https://pncp.gov.br/pncp-api/v1/orgaos/60453032000174/compras/2024/102/arquivos/2,Ativo,"Salgados diversos (R$ 2.316.000,00)"
60453032000174-1-000112/2024,60453032000174-1-000112-2024.md,UNIVERSIDADE FEDERAL DE SAO PAULO,Edital nº 90068/2024,"Contratação de Serviços Continuados de Restaurante Universitário: preparo e fornecimento de refeições, com concessão onerosa de uso das dependências do Restaurante Universitário do campus São José dos Campos da Unifesp/SP",15303105900682024000.zip,Edital e anexos_Pregao 90068.2024.zip; Edital e anexos_Pregao 90068.2024.zip/_Edital Preg╞o 90068.2024.pdf; Edital e anexos_Pregao 90068.2024.zip/I_Anexo I - Termo de Referência.pdf; Edital e anexos_Pregao 90068.2024.zip/I_Apêndice anexo I - Estudo técnico preliminar.pdf; Edital e anexos_Pregao 90068.2024.zip/II_Anexo II - Modelo de proposta.pdf; Edital e anexos_Pregao 90068.2024.zip/III_Anexo III - IMR.pdf; Edital e anexos_Pregao 90068.2024.zip/IV_Anexo IV - Declaraç╞o vistoria ou n╞o vistoria.pdf; Edital e anexos_Pregao 90068.2024.zip/V_Anexo V - Declaraç╞o inexistência fato superveniente.pdf; Edital e anexos_Pregao 90068.2024.zip/VI_Anexo VI - Minuta ata de registro de preços.pdf; Edital e anexos_Pregao 90068.2024.zip/VII_Anexo VII - Minuta de contrato.pdf; RelacaoItens15303105900682024000.pdf,https://pncp.gov.br/pncp-api/v1/orgaos/60453032000174/compras/2024/112/arquivos/1,Ativo,"Fornecimento de refeições / lanches / salgados / doces (R$ 5.316.717,84); Fornecimento de refeições / lanches / salgados / doces (R$ 213.908,64)"
25648387000118-1-000016/2025,25648387000118-1-000016-2025.md,UNIVERSIDADE FEDERAL DE UBERLANDIA,Edital nº 90005/2025,"Contratação de obras para execução da construção do remanescente da obra do Bloco 1APM com salas de aula, salas administrativas, laboratórios, restaurante universitário e biblioteca e as vias de acesso, calçadas e cercamento em gradil.",15404303900052025001.zip,SEI_23117.059060_2024_11.pdf; RelacaoItens15404303900052025000.pdf,https://pncp.gov.br/pncp-api/v1/orgaos/25648387000118/compras/2025/16/arquivos/2,Ativo,"Obras Civis de Edificação Prediais (R$ 8.396.405,64)"
25944455000196-1-000023/2025,25944455000196-1-000023-2025.md,UNIVERSIDADE FEDERAL DE VICOSA,Edital nº 90025/2025,"Contratação de empresa especializada para prestação de serviços contínuos de fornecimento de refeições coletivas para o Restaurante Universitário do Campus Rio Paranaíba da Universidade Federal de Viçosa, a serem executados, sem o regime de dedicação exclusiva de mão de obra, conforme condições, quantidades e exigências estabelecidas neste Edital e seus anexos.",15405105900252025000.zip,Pregao 90025-2025.zip; Pregao 90025-2025.zip/ANEXO IV LAYOUT - UFV-CRP_RU_AREA_UTILIZACAO_2025.pdf; Pregao 90025-2025.zip/ANEXO IX modelo termo de declaração de concordância e veracidade cadastro de usuário externo SEI.odt; Pregao 90025-2025.zip/ANEXO IX modelo termo de declaração de concordância e veracidade cadastro de usuário externo SEI.pdf; Pregao 90025-2025.zip/ANEXO VIII Declaração de que a licitante tem pleno conhecimento das condições e peculiaridades à natureza do serviço.odt; Pregao 90025-2025.zip/ANEXO VIII Declaração de que a licitante tem pleno conhecimento das condições e peculiaridades à natureza do serviço.pdf; Pregao 90025-2025.zip/ANEXO VII Modelo de atestado desinteresse de vistoria.odt; Pregao 90025-2025.zip/ANEXO VII Modelo de atestado desinteresse de vistoria.pdf; Pregao 90025-2025.zip/ANEXO VI - Modelo de Proposta Comercial.doc; Pregao 90025-2025.zip/ANEXO VI - Modelo de Proposta Comercial.pdf; Pregao 90025-2025.zip/ANEXO V IMR.pdf; Pregao 90025-2025.zip/ANEXO XI modelo termo de nomeação de preposto.odt; Pregao 90025-2025.zip/ANEXO XI modelo termo de nomeação de preposto.pdf; Pregao 90025-2025.zip/ANEXO X Modelo planilha de custo.doc; Pregao 90025-2025.zip/ANEXO X Modelo planilha de custo.pdf; Pregao 90025-2025.zip/EDITAL 07_2025.pdf; Pregao 90025-2025.zip/ETP 29-2025 - RU.pdf; Pregao 90025-2025.zip/Minuta Contrato RU.pdf; Pregao 90025-2025.zip/Relação de Itens .pdf; Pregao 90025-2025.zip/TR 10-2025 - RU.pdf; RelacaoItens15405105900252025000.pdf,https://pncp.gov.br/pncp-api/v1/orgaos/25944455000196/compras/2025/23/arquivos/1,Ativo,"Fornecimento de Refeições / Lanches / Salgados / Doces (R$ 1.274.880,64); Fornecimento de Refeições / Lanches / Salgados / Doces (R$ 50.640,26)"
25944455000196-1-000034/2025,25944455000196-1-000034-2025.md,UNIVERSIDADE FEDERAL DE VICOSA,Edital nº 90046/2025,"Contratação de empresa especializada para prestação de serviços contínuos de fornecimento de refeições coletivas para o Restaurante Universitário do Campus Rio Paranaíba da Universidade Federal de Viçosa, a serem executados, sem o regime de dedicação exclusiva de mão de obra.",15405105900462025000.zip,Edital 90046-2025 e seus anexos.zip; Edital 90046-2025 e seus anexos.zip/ANEXO IV LAYOUT - UFV-CRP_RU_AREA_UTILIZACAO_2025.pdf; Edital 90046-2025 e seus anexos.zip/ANEXO IX modelo termo de declaração de concordância e veracidade cadastro de usuário externo SEI.odt; Edital 90046-2025 e seus anexos.zip/ANEXO IX modelo termo de declaração de concordância e veracidade cadastro de usuário externo SEI.pdf; Edital 90046-2025 e seus anexos.zip/ANEXO VIII Declaração de que a licitante tem pleno conhecimento das condições e peculiaridades à natureza do serviço.odt; Edital 90046-2025 e seus anexos.zip/ANEXO VIII Declaração de que a licitante tem pleno conhecimento das condições e peculiaridades à natureza do serviço.pdf; Edital 90046-2025 e seus anexos.zip/ANEXO VII Modelo de atestado desinteresse de vistoria.odt; Edital 90046-2025 e seus anexos.zip/ANEXO VII Modelo de atestado de vistoria e ou desinteresse.pdf; Edital 90046-2025 e seus anexos.zip/ANEXO VI - Modelo de Proposta Comercial.doc; Edital 90046-2025 e seus anexos.zip/ANEXO VI - Modelo de Proposta Comercial.pdf; Edital 90046-2025 e seus anexos.zip/Anexo V - (IMR) .pdf; Edital 90046-2025 e seus anexos.zip/ANEXO XI modelo termo de nomeação de preposto.odt; Edital 90046-2025 e seus anexos.zip/ANEXO XI modelo termo de nomeação de preposto.pdf; Edital 90046-2025 e seus anexos.zip/ANEXO X Modelo planilha de custo.doc; Edital 90046-2025 e seus anexos.zip/ANEXO X Modelo planilha de custo.pdf; Edital 90046-2025 e seus anexos.zip/EDITAL 09_2025.pdf; Edital 90046-2025 e seus anexos.zip/ETP 71_2025.pdf; Edital 90046-2025 e seus anexos.zip/Minuta_Contrato.pdf; Edital 90046-2025 e seus anexos.zip/Relação de Itens.pdf; Edital 90046-2025 e seus anexos.zip/Termo_de_Referencia.pdf; RelacaoItens15405105900462025000.pdf,https://pncp.gov.br/pncp-api/v1/orgaos/25944455000196/compras/2025/34/arquivos/1,Ativo,"Fornecimento de Refeições / Lanches / Salgados / Doces (R$ 1.320.654,28); Fornecimento de Refeições / Lanches / Salgados / Doces (R$ 56.622,72)"
25944455000196-1-000043/2024,25944455000196-1-000043-2024.md,UNIVERSIDADE FEDERAL DE VICOSA,Edital nº 90051/2024,SRP Aquisição de suco para restaurante universitário.,15405105900512024000.zip,Pregao 90051-2024 - SRP para aquisicao de suco para restaurante universitario.pdf; RelacaoItens15405105900512024000.pdf,https://pncp.gov.br/pncp-api/v1/orgaos/25944455000196/compras/2024/43/arquivos/1,Ativo,"Suco (R$ 87.210,00)"
25944455000196-1-000058/2025,25944455000196-1-000058-2025.md,UNIVERSIDADE FEDERAL DE VICOSA,Edital nº 90067/2025,"Contratação de empresa especializada para prestação de serviços contínuos de fornecimento de refeições coletivas para o Restaurante Universitário do Campus Rio Paranaíba da Universidade Federal de Viçosa, a serem executados, sem o regime de dedicação exclusiva de mão de obra, conforme condições, quantidades e exigências estabelecidas neste Edital e seus anexos",15405105900672025000.zip,Edital 90067-2025 e seus anexos.zip; Edital 90067-2025 e seus anexos.zip/Anexo IV Layout - área utilizável.pdf; Edital 90067-2025 e seus anexos.zip/Anexo IX Declaração de Concordância Usuário SEI.docx; Edital 90067-2025 e seus anexos.zip/Anexo IX Declaração de Concordância Usuário SEI.pdf; Edital 90067-2025 e seus anexos.zip/Anexo VIII Modelo de Declaração de Pleno Conhecimento.docx; Edital 90067-2025 e seus anexos.zip/Anexo VIII Modelo de Declaração de Pleno Conhecimento.pdf; Edital 90067-2025 e seus anexos.zip/Anexo VII Modelo Declaração Vistoria e ou Desinteresse.docx; Edital 90067-2025 e seus anexos.zip/Anexo VII Modelo Declaração Vistoria e ou Desinteresse.pdf; Edital 90067-2025 e seus anexos.zip/ANEXO VI Modelo de Apresentação de Proposta.pdf; Edital 90067-2025 e seus anexos.zip/ANEXO VI Modelo de Apresentação de Proposta.docx; Edital 90067-2025 e seus anexos.zip/Anexo V Instrumento de Medição de Resultado IMR.pdf; Edital 90067-2025 e seus anexos.zip/Anexo XII Lista de Equipamentos Sugeridos à Contratada.pdf; Edital 90067-2025 e seus anexos.zip/Anexo XI Modelo de Termo de Nomeação de Preposto.docx; Edital 90067-2025 e seus anexos.zip/Anexo XI Modelo de Termo de Nomeação de Preposto.pdf; Edital 90067-2025 e seus anexos.zip/Anexo X Modelo de Planilha de custo e Formação de Preço.pdf; Edital 90067-2025 e seus anexos.zip/Edital 10-2025.pdf; Edital 90067-2025 e seus anexos.zip/Estudo Técnico Preliminar 95_2025.pdf; Edital 90067-2025 e seus anexos.zip/Minuta de Contrato.pdf; Edital 90067-2025 e seus anexos.zip/Relação de Itens 90067-2025.pdf; Edital 90067-2025 e seus anexos.zip/Termo de Referência 29_2025.pdf; RelacaoItens15405105900672025000.pdf,https://pncp.gov.br/pncp-api/v1/orgaos/25944455000196/compras/2025/58/arquivos/1,Ativo,"Fornecimento de Refeições / Lanches / Salgados / Doces (R$ 1.373.209,20); Fornecimento de Refeições / Lanches / Salgados / Doces (R$ 56.622,72)"
25944455000196-1-000142/2024,25944455000196-1-000142-2024.md,UNIVERSIDADE FEDERAL DE VICOSA,Edital nº 90150/2024,"Reforma com fornecimento total de materiais e mão de obra, sob o regime de empreitada por preço unitário, necessários à execução da reforma e ampliação do Restaurante Universitário – RU I no Campus da Universidade Federal de Viçosa em Viçosa-MG.",15405105901502024000.zip,Pregao RU_comprasnet.rar; RelacaoItens15405105901502024000.pdf,https://pncp.gov.br/pncp-api/v1/orgaos/25944455000196/compras/2024/142/arquivos/1,Ativo,"Manutenção / Reforma Predial (R$ 8.672.531,85)"
35872812000101-1-000005/2025,35872812000101-1-000005-2025.md,UNIVERSIDADE FEDERAL DO AGRESTE DE PERNAMBUCO - UFAPE,Edital nº 90001/2025,"Contratação de empresa especializada na prestação do serviço de construção civil, incluindo todos os materiais, equipamentos e mão-de-obra, necessários à CONSTRUÇÃO DA 2ª ETAPA DO RESTAURANTE UNIVERSITÁRIO DA UFAPE: ACESSO, ENTORNO E EQUIPAMENTOS BÁSICOS, incluindo calçadas e pavimentações de acesso, agenciamento externo, e instalações de equipamentos básicos, tais como coifas, câmaras frias, sistema de exaustão, etc.",15668703900012025000.zip,Edital e anexos.rar; RelacaoItens15668703900012025000.pdf,https://pncp.gov.br/pncp-api/v1/orgaos/35872812000101/compras/2025/5/arquivos/1,Ativo,"Obras Civis de Edificação Prediais (R$ 2.131.584,39)"
33519114000100-1-000001/2024,33519114000100-1-000001-2024.md,UNIVERSIDADE FEDERAL DO DELTA DO PARNAIBA - UFDPAR,Edital nº 90001/2024,"Serviços de Alimentação e Nutrição por meio da operacionalização e desenvolvimento de todas as atividades envolvidas na produção e distribuição de refeições (padrão e vegana) do almoço e jantar no Restaurante Universitário(RU) da Universidade Federal do Delta do Parnaíba(UFDPar), com a concessão de uso, na forma onerosa, de áreas físicas destinadas à execução desses serviços e de parte do mobiliário, equipamentos e utensílios necessários conforme o Edital e seus anexos",15668005900012024000.zip,Edital PE 90001.2024 23855.000475.2023.81 RU para publicacao usado no SIDEC.pdf; RelacaoItens15668005900012024000.pdf,https://pncp.gov.br/pncp-api/v1/orgaos/33519114000100/compras/2024/1/arquivos/1,Ativo,"Refeições Industriais - Preparo / Distribuição (R$ 3.184.795,12); Refeições Industriais - Preparo / Distribuição (R$ 1.928.642,20)"
33519114000100-1-000003/2025,33519114000100-1-000003-2025.md,UNIVERSIDADE FEDERAL DO DELTA DO PARNAIBA - UFDPAR,Edital nº 90001/2025,"Serviços de Alimentação e Nutrição por meio da operacionalização e desenvolvimento das atividades na produção e distribuição de refeições (padrão e vegetariana estrita) do almoço e jantar no Restaurante Universitário da UFDPar, com a concessão de uso, na forma onerosa, de áreas físicas destinadas à execução desses serviços e de parte mobiliário, equipamentos e utensílios necessários, conforme condições, quantidades e exigências estabelecidas no Edital e seus anexos.",15668005900012025000.zip,EDITAL_156680-000005-2025.zip; EDITAL_156680-000005-2025.zip/Anexo I TR156680_8_2025-31-03-2025-compactado.pdf; EDITAL_156680-000005-2025.zip/Anexo II Minuta do Termo de Contrato.pdf; EDITAL_156680-000005-2025.zip/Anexo III Modelo de Proposta Comercial.pdf; EDITAL_156680-000005-2025.zip/EDITAL_156680-000005-2025.pdf; RelacaoItens15668005900012025000.pdf,https://pncp.gov.br/pncp-api/v1/orgaos/33519114000100/compras/2025/3/arquivos/1,Ativo,"Refeições Industriais - Preparo / Distribuição (R$ 3.177.288,32); Refeições Industriais - Preparo / Distribuição (R$ 1.729.536,75)"
32479123000143-1-000001/2022,32479123000143-1-000001-2022.md,UNIVERSIDADE FEDERAL DO ESPIRITO SANTO,Aviso de Contratação Direta nº 00002/2022,"O objeto da presente dispensa é a escolha da proposta mais vantajosa para a contratação por dispensa de licitação de empresa especializada para prestação do serviço de instalação de Caldeirões a gás/vapor e de Fogão Industrial, para atender às necessidades do Restaurante Universitário do campus de Goiabeiras da Universidade Federal do Espírito Santo.",DISPENSA ELET^RONICA.rar,,https://pncp.gov.br/pncp-api/v1/orgaos/32479123000143/compras/2022/1/arquivos/1,Ativo,"Instalação / Manutenção - Equipamentos Industriais (R$ 35.280,00); Instalação / Manutenção - Equipamentos Industriais (R$ 3.400,00)"
32479123000143-1-000005/2024,32479123000143-1-000005-2024.md,UNIVERSIDADE FEDERAL DO ESPIRITO SANTO,Edital nº 90002/2024,"Registro de preço para eventual aquisição de cartões de proximidade, pelo período de 12 (doze) meses, para atender às necessidades do Restaurante Universitário da Universidade Federal do Espírito Santo do campus de Goiabeiras, conforme especificações, condições, quantidades e exigências estabelecidas neste Edital e seus anexos.",15304805900022024000.zip,CARTOES DE PROXIMIDADE - 23068.0031792024-53.rar; RelacaoItens15304805900022024000.pdf,https://pncp.gov.br/pncp-api/v1/orgaos/32479123000143/compras/2024/5/arquivos/1,Ativo,"Cartão controle acesso (R$ 71.400,00)"
32479123000143-1-000010/2024,32479123000143-1-000010-2024.md,UNIVERSIDADE FEDERAL DO ESPIRITO SANTO,Edital nº 90003/2024,"Contratação de serviços de pessoa jurídica, pelo período de 12 (doze) meses, para prestação de serviços continuados sem uso exclusivo de mão de obra para atender às necessidades dos Restaurantes Universitários da Universidade Federal do Espírito Santo: serviço de limpeza e desinfecção de caixas d’água, com análise de água para o restaurante do campus de Alegre e para o restaurante de Jerônimo Monteiro, situado no Departamento de Ciências Florestais e da Madeira.",15304805900032024000.zip,Pregao 90003-2024.rar; RelacaoItens15304805900032024000.pdf,https://pncp.gov.br/pncp-api/v1/orgaos/32479123000143/compras/2024/10/arquivos/1,Ativo,"Manutenção / Higienização de Reservatório de Água Potável (R$ 11.280,00); Manutenção / Higienização de Reservatório de Água Potável (R$ 8.000,00)"
32479123000143-1-000019/2025,32479123000143-1-000019-2025.md,UNIVERSIDADE FEDERAL DO ESPIRITO SANTO,Aviso de Contratação Direta nº 99001/2025,"Aquisição de óleo de soja (PET 900 ml), por dispensa de licitação eletrônica, conforme artigo 75, inciso III, da Lei nº 14.133 de 01 de abril de 2021, com entrega imediata, para atender às necessidades dos Restaurantes Universitários da Universidade Federal do Espírito Santo localizados nos campi de Goiabeiras e Maruípe, de Alegre e restaurante de Jerônimo Monteiro, localizado no Departamento de Ciências Florestais e da Madeira.",AVISO+DE+CONTRATACAO++DIRETA.zip,AVISO DE CONTRATACAO DIRETA - aquisicao de oleo de soja (Assinado).pdf; Anexo I do Aviso - Termo de Referencia.pdf; Anexo II do Aviso - Complementação da Proposta.pdf,https://pncp.gov.br/pncp-api/v1/orgaos/32479123000143/compras/2025/19/arquivos/1,Ativo,"Óleo Vegetal (R$ 48.962,40)"
32479123000143-1-000027/2025,32479123000143-1-000027-2025.md,UNIVERSIDADE FEDERAL DO ESPIRITO SANTO,Edital nº 99002/2025,"Aquisição de gêneros alimentícios, carnes e derivados desertos e fracassados do Pregão nº90006/2024 (Processo Administrativo n°23068.039220/2024-20), pelo período de 12 (doze)meses para atender às necessidades dos Restaurantes Universitários da Universidade Federal doEspírito Santo localizados nos campi de Goiabeiras e Maruípe, de Alegre e restaurante deJerônimo Monteiro, localizado no Departamento de Ciências Florestais e da Madeira, e de São Mateus.",15304805990022025000.zip,Edital Pregao 99002-2025.zip; Edital Pregao 99002-2025.zip/Anexo I do edital - Termo de Referência.pdf; Edital Pregao 99002-2025.zip/Anexo II do edital - Complementação da Proposta.pdf; Edital Pregao 99002-2025.zip/Anexo III do edital - Minuta da ARP.pdf; Edital Pregao 99002-2025.zip/EDITAL - PREGAO CARNES E DERIVADOS - itens fracassados (2) (Assinado).pdf; RelacaoItens15304805990022025000.pdf,https://pncp.gov.br/pncp-api/v1/orgaos/32479123000143/compras/2025/27/arquivos/1,Ativo,"Legume processado (R$ 48.750,00); Leite em pó (R$ 6.402,00)"
32479123000143-1-000050/2025,32479123000143-1-000050-2025.md,UNIVERSIDADE FEDERAL DO ESPIRITO SANTO,Ato que autoriza a Contratação Direta nº 131/2025,"Contratação de serviço de venda e fornecimento por CONCESSIONÁRIA, e compra e recebimento pela USUÁRIA de gás, Universidade Federal do Espírito Santo (UFES), somente para uso próprio como COMBUSTÍVEL de gás canalizado para atender aos restaurantes universitários dos campi de Goiabeiras e de Maruípe, por período indeterminado.",23068.062342_2024-10__2025-04-22_10_52_11_compressed.pdf,,https://pncp.gov.br/pncp-api/v1/orgaos/32479123000143/compras/2025/50/arquivos/1,Ativo,"Fornecimento de gás canalizado Fornecimento de gás canalizado (R$ 167.068,32)"
32479123000143-1-000051/2024,32479123000143-1-000051-2024.md,UNIVERSIDADE FEDERAL DO ESPIRITO SANTO,Edital nº 90005/2024,"Aquisição de materiais de limpeza pelo período de 1 (um) ano, para atender às necessidades dos restaurantes universitários da Universidade Federal do Espírito Santo (UFES) dos campi de Goiabeiras e Maruípe, de Alegre e restaurante de Jerônimo Monteiro e de São Mateus da Universidade Federal do Espírito Santo (UFES).",15304805900052024000.zip,Pregao 900052024.rar; RelacaoItens15304805900052024000.pdf,https://pncp.gov.br/pncp-api/v1/orgaos/32479123000143/compras/2024/51/arquivos/1,Ativo,"Água sanitária (R$ 2.820,00); Álcool etílico limpeza de ambientes (R$ 5.865,00)"
32479123000143-1-000062/2025,32479123000143-1-000062-2025.md,UNIVERSIDADE FEDERAL DO ESPIRITO SANTO,Edital nº 99004/2025,"Registro de preços para eventual aquisição de óleo de soja, pelo período de 12 (doze) meses para atender às necessidades dos Restaurantes Universitários da Universidade Federal do Espírito Santo localizados nos campi de Goiabeiras e Maruípe, de Alegre e restaurante de Jerônimo Monteiro, localizado no Departamento de Ciências Florestais e da Madeira, e de São Mateus, nos termos, condições e exigências estabelecidas neste instrumento.",15304805990042025000.zip,Pregao 99004-2025.zip; Pregao 99004-2025.zip/Anexo II da minuta do edital - Complementação da Proposta.docx (2).pdf; Pregao 99004-2025.zip/Anexo I - Termo de Referência - óleo (1).pdf; Pregao 99004-2025.zip/Edital Pregão n. 99004-2025 (Assinado).pdf; Pregao 99004-2025.zip/Anexo III - Minuta da Ata de Registro de Precos (1).pdf; RelacaoItens15304805990042025000.pdf,https://pncp.gov.br/pncp-api/v1/orgaos/32479123000143/compras/2025/62/arquivos/1,Ativo,"Óleo vegetal (R$ 79.618,00); Óleo vegetal (R$ 26.857,98)"
32479123000143-1-000074/2024,32479123000143-1-000074-2024.md,UNIVERSIDADE FEDERAL DO ESPIRITO SANTO,Ato que autoriza a Contratação Direta nº 106/2024,"Contratação de pessoa jurídica para prestação de serviço em caráter emergencial, sem dedicação exclusiva de mão de obra, possuindo natureza de serviço comum, para fornecimento de refeição transportada (do tipo marmitex), para atender aos restaurantes universitários dos campi de Maruípe e São Mateus, da Universidade Federal do Espírito Santo (UFES), por um período de 25 (vinte e cinco) dias úteis.",despacho.pdf,,https://pncp.gov.br/pncp-api/v1/orgaos/32479123000143/compras/2024/74/arquivos/2,Ativo,"FORNECIMENTO DE REFEIÇÕES / LANCHES / SALGADOS / DOCES Fornecimento de alimentação pronta para consumo, acondicionada em embalagens do tipo “marmitex” retangular, material do marmitex: alumínio, capacidade 900 ml, dimensões aproximadas: entre 220 a 300mm x 230 a 300mm x 30 a 45 mm (largura x comprimento x altura), características adicionais: fechamento manual, com tampa em cartão, com uma das faces da tampa aluminizada. A composição das refeições deverá ser variada, contendo o mínimo de 650 gramas dos alimentos preparados, composta de 160 gramas de arroz, 120 gramas de feijão em caldo, 120 gramas de guarnição, 130 gramas de carne branca ou carne vermelha (ou no mínimo 200 gramas no caso de carnes com osso ou molho), e no mínimo 100 gramas para opção vegetariana, 80 gramas de salada cozida e 40 gramas de salada crua**. As refeições devem ser acompanhadas de kit de talheres descartáveis, contendo neste: 1 (uma) faca, 1 (um) garfo, acompanhados de 1 (um) guardanapo descartável, acondicionados em embalagem plástica, transparente. **As saladas cruas deverão ser entregues em embalagens individualizadas (podendo estas serem de material plástico, isopor ou alumínio). (R$ 412.500,00); Fornecimento de Refeições / Lanches / Salgados / Doces Fornecimento de alimentação pronta para consumo, acondicionada em embalagens do tipo “marmitex” retangular, material do marmitex: alumínio, capacidade 900 ml, dimensões aproximadas: entre 220 a 300mm x 230 a 300mm x 30 a 45 mm (largura x comprimento x altura), características adicionais: fechamento manual, com tampa em cartão, com uma das faces da tampa aluminizada. A composição das refeições deverá ser variada, contendo o mínimo de 650 gramas dos alimentos preparados, composta de 160 gramas de arroz, 120 gramas de feijão em caldo, 120 gramas de guarnição, 130 gramas de carne branca ou carne vermelha (ou no mínimo 200 gramas no caso de carnes com osso ou molho), e no mínimo 100 gramas para opção vegetariana, 80 gramas de salada cozida e 40 gramas de salada crua**. As refeições devem ser acompanhadas de kit de talheres descartáveis, contendo neste: 1 (uma) faca, 1 (um) garfo, acompanhados de 1 (um) guardanapo descartável, acondicionados em embalagem plástica, transparente. **As saladas cruas deverão ser entregues em embalagens individualizadas (podendo estas serem de material plástico, isopor ou alumínio). (R$ 180.000,00)"
32479123000143-1-000074/2024,32479123000143-1-000074-2024.md,UNIVERSIDADE FEDERAL DO ESPIRITO SANTO,Ato que autoriza a Contratação Direta nº 106/2024,"Contratação de pessoa jurídica para prestação de serviço em caráter emergencial, sem dedicação exclusiva de mão de obra, possuindo natureza de serviço comum, para fornecimento de refeição transportada (do tipo marmitex), para atender aos restaurantes universitários dos campi de Maruípe e São Mateus, da Universidade Federal do Espírito Santo (UFES), por um período de 25 (vinte e cinco) dias úteis.",DFD+374-2024.pdf,,https://pncp.gov.br/pncp-api/v1/orgaos/32479123000143/compras/2024/74/arquivos/1,Ativo,"FORNECIMENTO DE REFEIÇÕES / LANCHES / SALGADOS / DOCES Fornecimento de alimentação pronta para consumo, acondicionada em embalagens do tipo “marmitex” retangular, material do marmitex: alumínio, capacidade 900 ml, dimensões aproximadas: entre 220 a 300mm x 230 a 300mm x 30 a 45 mm (largura x comprimento x altura), características adicionais: fechamento manual, com tampa em cartão, com uma das faces da tampa aluminizada. A composição das refeições deverá ser variada, contendo o mínimo de 650 gramas dos alimentos preparados, composta de 160 gramas de arroz, 120 gramas de feijão em caldo, 120 gramas de guarnição, 130 gramas de carne branca ou carne vermelha (ou no mínimo 200 gramas no caso de carnes com osso ou molho), e no mínimo 100 gramas para opção vegetariana, 80 gramas de salada cozida e 40 gramas de salada crua**. As refeições devem ser acompanhadas de kit de talheres descartáveis, contendo neste: 1 (uma) faca, 1 (um) garfo, acompanhados de 1 (um) guardanapo descartável, acondicionados em embalagem plástica, transparente. **As saladas cruas deverão ser entregues em embalagens individualizadas (podendo estas serem de material plástico, isopor ou alumínio). (R$ 412.500,00); Fornecimento de Refeições / Lanches / Salgados / Doces Fornecimento de alimentação pronta para consumo, acondicionada em embalagens do tipo “marmitex” retangular, material do marmitex: alumínio, capacidade 900 ml, dimensões aproximadas: entre 220 a 300mm x 230 a 300mm x 30 a 45 mm (largura x comprimento x altura), características adicionais: fechamento manual, com tampa em cartão, com uma das faces da tampa aluminizada. A composição das refeições deverá ser variada, contendo o mínimo de 650 gramas dos alimentos preparados, composta de 160 gramas de arroz, 120 gramas de feijão em caldo, 120 gramas de guarnição, 130 gramas de carne branca ou carne vermelha (ou no mínimo 200 gramas no caso de carnes com osso ou molho), e no mínimo 100 gramas para opção vegetariana, 80 gramas de salada cozida e 40 gramas de salada crua**. As refeições devem ser acompanhadas de kit de talheres descartáveis, contendo neste: 1 (uma) faca, 1 (um) garfo, acompanhados de 1 (um) guardanapo descartável, acondicionados em embalagem plástica, transparente. **As saladas cruas deverão ser entregues em embalagens individualizadas (podendo estas serem de material plástico, isopor ou alumínio). (R$ 180.000,00)"
32479123000143-1-000078/2025,32479123000143-1-000078-2025.md,UNIVERSIDADE FEDERAL DO ESPIRITO SANTO,Edital nº 99005/2025,"Aquisição de materiais de limpeza para atender, por um período aproximado de 04 (quatro) meses, às necessidades dos restaurantes universitários da Universidade Federal do Espírito Santo (UFES) localizados nos campi de Goiabeiras, Maruípe, Alegre e São Mateus e do restaurante de Jerônimo Monteiro, localizado no Departamento de Ciências Florestais e da Madeira, nos termos da tabela abaixo, conforme condições e exigências estabelecidas neste instrumento.",15304805990052025000.zip,Edital Pregao 99.005-2025.rar; RelacaoItens15304805990052025000.pdf,https://pncp.gov.br/pncp-api/v1/orgaos/32479123000143/compras/2025/78/arquivos/1,Ativo,"Álcool Etílico Limpeza De Ambientes (R$ 5.351,50); Desinfetante (R$ 1.314,00)"
32479123000143-1-000080/2025,32479123000143-1-000080-2025.md,UNIVERSIDADE FEDERAL DO ESPIRITO SANTO,Ato que autoriza a Contratação Direta nº 15/2025,"Aquisição por dispensa de licitação de Gás Liquefeito de Petróleo (GLP) – P45 Kg, composição básica propano e butano, acondicionado em cilindro de 45kg, para atender às necessidades do Restaurante Universitário da Universidade Federal do Espírito Santo localizado no campus de Alegre, por aproximadamente 05 (cinco) dias,",DFD.pdf,,https://pncp.gov.br/pncp-api/v1/orgaos/32479123000143/compras/2025/80/arquivos/2,Ativo,"Gás Refino De Petróleo tipo: gás liquefeito de petróleo - glp, uso: industrial Gás Liquefeito de Petróleo (GLP) 45 Kg composição básica propano e butano, acondicionado em cilindro. A empresa fornecedora deverá possuir: Certificado de Autorização emitido pela Agência Nacional do Petróleo, Gás Natural e biocombustíveis ANP válido (R$ 4.572,00)"
32479123000143-1-000080/2025,32479123000143-1-000080-2025.md,UNIVERSIDADE FEDERAL DO ESPIRITO SANTO,Ato que autoriza a Contratação Direta nº 15/2025,"Aquisição por dispensa de licitação de Gás Liquefeito de Petróleo (GLP) – P45 Kg, composição básica propano e butano, acondicionado em cilindro de 45kg, para atender às necessidades do Restaurante Universitário da Universidade Federal do Espírito Santo localizado no campus de Alegre, por aproximadamente 05 (cinco) dias,",Orcamentos.pdf,,https://pncp.gov.br/pncp-api/v1/orgaos/32479123000143/compras/2025/80/arquivos/1,Ativo,"Gás Refino De Petróleo tipo: gás liquefeito de petróleo - glp, uso: industrial Gás Liquefeito de Petróleo (GLP) 45 Kg composição básica propano e butano, acondicionado em cilindro. A empresa fornecedora deverá possuir: Certificado de Autorização emitido pela Agência Nacional do Petróleo, Gás Natural e biocombustíveis ANP válido (R$ 4.572,00)"
32479123000143-1-000081/2025,32479123000143-1-000081-2025.md,UNIVERSIDADE FEDERAL DO ESPIRITO SANTO,Ato que autoriza a Contratação Direta nº 14/2025,"Aquisição de óleo de soja (PET 900 ml), por dispensa de licitação eletrônica, conforme artigo 75, inciso III, da Lei nº 14.133 de 01 de abril de 2021, com entrega imediata, para atender às necessidades dos Restaurantes Universitários da Universidade Federal do Espírito Santo localizados nos campi de Goiabeiras e Maruípe, de Alegre e restaurante de Jerônimo Monteiro, localizado no Departamento de Ciências Florestais e da Madeira.",Anexo+II+do+Aviso+-+Complementacao+da+Proposta.pdf,,https://pncp.gov.br/pncp-api/v1/orgaos/32479123000143/compras/2025/81/arquivos/2,Ativo,"Óleo Vegetal matéria prima: soja, tipo: degomado (R$ 48.962,40)"
32479123000143-1-000081/2025,32479123000143-1-000081-2025.md,UNIVERSIDADE FEDERAL DO ESPIRITO SANTO,Ato que autoriza a Contratação Direta nº 14/2025,"Aquisição de óleo de soja (PET 900 ml), por dispensa de licitação eletrônica, conforme artigo 75, inciso III, da Lei nº 14.133 de 01 de abril de 2021, com entrega imediata, para atender às necessidades dos Restaurantes Universitários da Universidade Federal do Espírito Santo localizados nos campi de Goiabeiras e Maruípe, de Alegre e restaurante de Jerônimo Monteiro, localizado no Departamento de Ciências Florestais e da Madeira.",AVISO+DE+CONTRATACAO+DIRETA+-+aquisicao+de+oleo+de+soja+%28Assinado%29.pdf,,https://pncp.gov.br/pncp-api/v1/orgaos/32479123000143/compras/2025/81/arquivos/1,Ativo,"Óleo Vegetal matéria prima: soja, tipo: degomado (R$ 48.962,40)"
32479123000143-1-000090/2024,32479123000143-1-000090-2024.md,UNIVERSIDADE FEDERAL DO ESPIRITO SANTO,Aviso de Contratação Direta nº 90001/2024,"Contratação de empresa especializada na prestação de serviços de sondagem à percussão (SPT), por meio de dispensa de licitação, para os prédios do Básico 3 (CCS), da Clínica Escola (CCS), do Restaurante Universitário (Goiabeiras), da Reitoria, da Horta Comunitária (Goiabeiras), do Centro de Vivência (São Mateus) e da Obra PAC (São Mateus) da Universidade Federal do Espírito Santo.",Aviso+de+contratacao+e+anexos.zip,Aviso de contrataç╞o e anexos/Anexo 1 - Termo de referência e anexos.pdf; Aviso de contrataç╞o e anexos/Anexo 2 - Documento de formalizaç╞o da demanda.pdf; Aviso de contrataç╞o e anexos/Anexo 3 - Minuta do termo de contrato.pdf; Aviso de contrataç╞o e anexos/Aviso de contrataç╞o dispensa 90001-2024.pdf,https://pncp.gov.br/pncp-api/v1/orgaos/32479123000143/compras/2024/90/arquivos/1,Ativo,"Sondagens Terrestres Rotativas (R$ 47.309,40)"
32479123000143-1-000181/2024,32479123000143-1-000181-2024.md,UNIVERSIDADE FEDERAL DO ESPIRITO SANTO,Edital nº 90006/2024,"Registro de preços para eventual aquisição de gêneros alimentícios e carnes e derivados pelo período de 12 (doze) meses para atender às necessidades dos Restaurantes Universitários da Universidade Federal do Espírito Santo localizados nos campi de Goiabeiras e Maruípe, de Alegre e restaurante de Jerônimo Monteiro, localizado no Departamento de Ciências Florestais e da Madeira, e de São Mateus.",15304805900062024000.zip,Pregao 90006-2024.rar; RelacaoItens15304805900062024000.pdf,https://pncp.gov.br/pncp-api/v1/orgaos/32479123000143/compras/2024/181/arquivos/1,Ativo,"Açúcar (R$ 590,10); Amido (R$ 5.544,00)"
32479123000143-1-000218/2024,32479123000143-1-000218-2024.md,UNIVERSIDADE FEDERAL DO ESPIRITO SANTO,Edital nº 90008/2024,"Registro de preços para eventual aquisição de materiais diversos, pelo período de 12 (doze) meses, para atender às necessidades dos restaurantes universitários da Universidade Federal do Espírito Santo (UFES) localizados nos campi de Goiabeiras, Maruípe, Alegre e São Mateus e do restaurante de Jerônimo Monteiro, localizado no Departamento de Ciências Florestais e da Madeira.",15304805900082024000.zip,Pregao 90008_2024.rar; RelacaoItens15304805900082024000.pdf,https://pncp.gov.br/pncp-api/v1/orgaos/32479123000143/compras/2024/218/arquivos/1,Ativo,"Bateria Não Recarregável (R$ 76,30); Borrifador (R$ 558,40)"
32479123000143-1-000233/2024,32479123000143-1-000233-2024.md,UNIVERSIDADE FEDERAL DO ESPIRITO SANTO,Ato que autoriza a Contratação Direta nº 2/2024,"Contratação de pessoa jurídica especializada na prestação de serviços para confecção e instalação de telas, portas e portas teladas, por dispensa de licitação, para adequações estruturais nas dependências do Restaurante Universitário da UFES, campus de São Mateus.",15%2F2024.pdf,,https://pncp.gov.br/pncp-api/v1/orgaos/32479123000143/compras/2024/233/arquivos/2,Ativo,"SERRALHERIA - CONFECÇÃO / INSTALAÇÃO PEÇAS METÁLICAS SERRALHERIA - CONFECÇÃO / INSTALAÇÃO PEÇAS METÁLICAS (R$ 34.857,50)"
32479123000143-1-000233/2024,32479123000143-1-000233-2024.md,UNIVERSIDADE FEDERAL DO ESPIRITO SANTO,Ato que autoriza a Contratação Direta nº 2/2024,"Contratação de pessoa jurídica especializada na prestação de serviços para confecção e instalação de telas, portas e portas teladas, por dispensa de licitação, para adequações estruturais nas dependências do Restaurante Universitário da UFES, campus de São Mateus.",Orcamentos+e+QRO+-+Confeccao+Telas+%28RU+Sao+Mateus%29.pdf,,https://pncp.gov.br/pncp-api/v1/orgaos/32479123000143/compras/2024/233/arquivos/1,Ativo,"SERRALHERIA - CONFECÇÃO / INSTALAÇÃO PEÇAS METÁLICAS SERRALHERIA - CONFECÇÃO / INSTALAÇÃO PEÇAS METÁLICAS (R$ 34.857,50)"
32479123000143-1-000263/2024,32479123000143-1-000263-2024.md,UNIVERSIDADE FEDERAL DO ESPIRITO SANTO,Aviso de Contratação Direta nº 90003/2024,Contratação de serviço de manutenção do sistema de exaustão da cozinha do Restaurante Universitário de Goiabeiras da Universidade Federal do Espírito Santo.,Dispensa+90003-2024+%28Servico+de+Manutencao+de+Exaustores%29.zip,Dispensa 90003-2024 (Serviço de Manutenção de Exaustores).pdf; Anexo I da minuta do Aviso - Termo de Referencia.pdf; Anexo II da minuta do Aviso - Complementação da Proposta.pdf; ANEXO III - Minuta do Termo de Contrato - manutencao exaustores - goiabeiras.pdf,https://pncp.gov.br/pncp-api/v1/orgaos/32479123000143/compras/2024/263/arquivos/1,Ativo,"Manutenção de Sistemas de Ventilação e Exaustor (R$ 19.491,75)"
32479123000143-1-000267/2024,32479123000143-1-000267-2024.md,UNIVERSIDADE FEDERAL DO ESPIRITO SANTO,Edital nº 90009/2024,"Aquisição de materiais de limpeza e de manutenção pelo período de 12 (doze) meses, para atender às necessidades dos restaurantes universitários da Universidade Federal do Espírito Santo (UFES) localizados nos campi de Goiabeiras, Maruípe, Alegre e São Mateus e do restaurante de Jerônimo Monteiro, localizado no Departamento de Ciências Florestais e da Madeira, nos termos das tabelas abaixo, conforme condições e exigências estabelecidas neste instrumento.",15304805900092024000.zip,EDITAL PREGAO - 90009 - MATERIAIS DE LIMPEZA E MANUTENCAO.zip; EDITAL PREGAO - 90009 - MATERIAIS DE LIMPEZA E MANUTENCAO.zip/Anexo III do Edital - Minuta da ARP.pdf; EDITAL PREGAO - 90009 - MATERIAIS DE LIMPEZA E MANUTENCAO.zip/Edital Pregao Eletronico SRP - MATERIAIS DE LIMPEZA E MANUTENCAO - 90009 (Assinado).pdf; EDITAL PREGAO - 90009 - MATERIAIS DE LIMPEZA E MANUTENCAO.zip/Anexo I do edital - Termo de Referência.pdf; EDITAL PREGAO - 90009 - MATERIAIS DE LIMPEZA E MANUTENCAO.zip/Anexo II do edital - Complementaç╞o da Proposta.pdf; EDITAL PREGAO - 90009 - MATERIAIS DE LIMPEZA E MANUTENCAO.zip/relacao de itens pregao 90009-24.pdf; RelacaoItens15304805900092024000.pdf,https://pncp.gov.br/pncp-api/v1/orgaos/32479123000143/compras/2024/267/arquivos/1,Ativo,"Água sanitária (R$ 3.630,00); Máscara Cirúrgica (R$ 175,00)"
32479123000143-1-000282/2024,32479123000143-1-000282-2024.md,UNIVERSIDADE FEDERAL DO ESPIRITO SANTO,Ato que autoriza a Contratação Direta nº 90002/2024,"Aquisição de hortifrutigranjeiros, gêneros estocáveis, carne, leite e derivados da Agricultura Familiar e do Empreendedor Familiar Rural, pelo período de 180 (cento e oitenta) dias para atender às necessidades dos restaurantes universitários da Universidade Federal do Espírito Santo dos campi de Goiabeiras, Maruípe, Alegre, do restaurante de Jerônimo Monteiro localizado no Departamento de Ciências Florestais e da Madeira e do campus de São Mateus.",ATO+DE+DISPENSA+E+RATIFICACAO+-+CP+01_2024+%281%29+%28Assinado%29+%28Assinado%29.pdf,,https://pncp.gov.br/pncp-api/v1/orgaos/32479123000143/compras/2024/282/arquivos/1,Ativo,"Fruta (R$ 55.100,00); Fruta (R$ 9.450,00)"
34023077000107-1-000074/2024,34023077000107-1-000074-2024.md,UNIVERSIDADE FEDERAL DO ESTADO DO RIO DE JANEIRO,Edital nº 90015/2024,Contratação de serviços de readequação dos meios de acessibilidade arquitetônica na edificação do Restaurante Universitário da Universidade Federal do Estado do Rio de Janeiro (UNIRIO).,15403405900152024000.zip,PE900152024acessibilidadeRU.pdf; RelacaoItens15403405900152024000.pdf,https://pncp.gov.br/pncp-api/v1/orgaos/34023077000107/compras/2024/74/arquivos/1,Ativo,"Serviço Engenharia (R$ 1.106.038,06)"
18641263000145-1-000016/2024,18641263000145-1-000016-2024.md,UNIVERSIDADE FEDERAL DO OESTE DA BAHIA,Edital nº 90005/2024,Contratação de serviços de preparo e fornecimento de refeições para o Restaurante Universitário do Campus Reitor Edgard Santos da Universidade Federal do Oeste da Bahia - UFOB,15871705900052024000.zip,_Edital Definitivo - Refeicoes RU.zip; _Edital Definitivo - Refeicoes RU.zip/_Edital Definitivo - RefeiçΣes RU.pdf; _Edital Definitivo - Refeicoes RU.zip/ANEXO I-A - INSTRUMENTO DE MEDIÇ╟O DE RESULTADO.pdf; _Edital Definitivo - Refeicoes RU.zip/ANEXO I-B -Modelo de Declaraç╞o de Conhecimento.pdf; _Edital Definitivo - Refeicoes RU.zip/ANEXO I-C -Bens Móveis - Restaurante Universitário.pdf; _Edital Definitivo - Refeicoes RU.zip/ANEXO I-D -TERMO DE CESS╟O DE USO DE BENS MαVEIS.pdf; _Edital Definitivo - Refeicoes RU.zip/ANEXO I-E -TERMO DE VISTORIA.pdf; _Edital Definitivo - Refeicoes RU.zip/ANEXO I-F -Lista Mínima de Produtos a serem Comercializados na Lanchonete.pdf; _Edital Definitivo - Refeicoes RU.zip/ANEXO I-G -Planta Baixa - Restaurante Universitário.pdf; _Edital Definitivo - Refeicoes RU.zip/ANEXO I-H -ESTUDO TECNICO PRELIMINAR .pdf; RelacaoItens15871705900052024000.pdf,https://pncp.gov.br/pncp-api/v1/orgaos/18641263000145/compras/2024/16/arquivos/1,Ativo,"Refeições Industriais - Preparo / Distribuição (R$ 2.294.894,70)"
34621748000123-1-000012/2024,34621748000123-1-000012-2024.md,UNIVERSIDADE FEDERAL DO PARA,Edital nº 90001/2024,"Aquisição de ​Gêneros Alimentícios Perecíveis (carnes), para atender às necessidades do Restaurante Universitário, Diretoria de Serviços de Alimentação Estudantil (DISAE) da Universidade Federal do Pará (RU/UFPA)",15306305900012024000.zip,PE SRP 01 -24 .068189_2023_84 proteinas RU.zip; PE SRP 01 -24 .068189_2023_84 proteinas RU.zip/Anexo I_Termo de Rererência 2_2024.pdf; PE SRP 01 -24 .068189_2023_84 proteinas RU.zip/Anexo II - Modelo de Declaracoes Habilitatorias.doc; PE SRP 01 -24 .068189_2023_84 proteinas RU.zip/Anexo III - Formacao de Precos.PE.doc; PE SRP 01 -24 .068189_2023_84 proteinas RU.zip/Anexo IV - Minuta de Ata de Registro de Preços.docx; PE SRP 01 -24 .068189_2023_84 proteinas RU.zip/Apêndice ao anexo I - ETP3_2024.pdf; PE SRP 01 -24 .068189_2023_84 proteinas RU.zip/PE SRP 01 -24 ¬ .068189_2023_84 proteínas RU.docx; RelacaoItens15306305900012024000.pdf,https://pncp.gov.br/pncp-api/v1/orgaos/34621748000123/compras/2024/12/arquivos/1,Ativo,"Carne processada (R$ 440.820,00); Carne bovina in natura (R$ 445.328,64)"
34621748000123-1-000042/2024,34621748000123-1-000042-2024.md,UNIVERSIDADE FEDERAL DO PARA,Edital nº 90004/2024,Aquisição de recarga de gás liquefeito de petróleo (GLP) a granel para abastecimento de recipientes com capacidade de 190 Kg (P190) e manutenções nas redes externas para atender às necessidades do Restaurante Universitário (RU) e da Escola de Aplicação (EA) da Universidade Federal do Pará,15306305900042024001.zip,PE SRP 90004 -24 .076433_2023_84 proteinas RU.zip; PE SRP 90004 -24 .076433_2023_84 proteinas RU.zip/Anexo I - Termo de Rerefencia 16_2024.pdf; PE SRP 90004 -24 .076433_2023_84 proteinas RU.zip/Anexo II - Modelo de Declaracoes Habilitatorias.doc; PE SRP 90004 -24 .076433_2023_84 proteinas RU.zip/Anexo III - Formacao de Precos.PE.doc; PE SRP 90004 -24 .076433_2023_84 proteinas RU.zip/Anexo IV - Minuta de Ata de Registro de Preços.docx; PE SRP 90004 -24 .076433_2023_84 proteinas RU.zip/Apêndice A do Anexo I - ETP7_2024-Gs.pdf; PE SRP 90004 -24 .076433_2023_84 proteinas RU.zip/Apêndice B do Anexo I - Mapa de riscos R3_2024-Gs.pdf; PE SRP 90004 -24 .076433_2023_84 proteinas RU.zip/PE SRP 90004 -24 ¬ .076433_2023_84 proteínas RU.docx; RelacaoItens15306305900042024001.pdf,https://pncp.gov.br/pncp-api/v1/orgaos/34621748000123/compras/2024/42/arquivos/2,Ativo,"Gás refino de petróleo (R$ 283.008,00)"
34621748000123-1-000061/2024,34621748000123-1-000061-2024.md,UNIVERSIDADE FEDERAL DO PARA,Edital nº 90005/2024,"Aquisição de gêneros alimentícios não perecíveis e de café da manhã para atender as necessidades do Restaurante Universitário (RU) e da Casa de Estudantes Universitários (CEUS) da Universidade Federal do Pará (UFPA), campus Belém.",15306305900052024000.zip,PE SRP 90005 -24 .085740_2023_54 Nao Pereciveis.zip; PE SRP 90005 -24 .085740_2023_54 Nao Pereciveis.zip/Anexo I - Termo de Referencia R10_2024.pdf; PE SRP 90005 -24 .085740_2023_54 Nao Pereciveis.zip/Anexo II - Modelo de Declaracoes Habilitatorias.doc; PE SRP 90005 -24 .085740_2023_54 Nao Pereciveis.zip/Anexo III - Formacao de Precos.PE.doc; PE SRP 90005 -24 .085740_2023_54 Nao Pereciveis.zip/Anexo IV - Minuta de Ata de Registro de Preços.docx; PE SRP 90005 -24 .085740_2023_54 Nao Pereciveis.zip/Apêndice ao Anexo I - Eestudo Tecnico Preliminar9_2024.pdf; PE SRP 90005 -24 .085740_2023_54 Nao Pereciveis.zip/PE SRP 90005 -24 ¬ .085740_2023_54 N╞o Perecíveis.docx; RelacaoItens15306305900052024000.pdf,https://pncp.gov.br/pncp-api/v1/orgaos/34621748000123/compras/2024/61/arquivos/1,Ativo,"Doce Não Confeitado (R$ 9.906,60); Açúcar (R$ 19.404,00)"
34621748000123-1-000077/2025,34621748000123-1-000077-2025.md,UNIVERSIDADE FEDERAL DO PARA,Edital nº 90007/2025,Aquisição de carnes para atender às necessidades do Restaurante Universitário e a Casa dos Estudantes Universitários da Universidade Federal do Pará (RU & CEUs/UFPA),15306305900072025000.zip,EDITAL_CARNES_JUNTADO.pdf; RelacaoItens15306305900072025000.pdf,https://pncp.gov.br/pncp-api/v1/orgaos/34621748000123/compras/2025/77/arquivos/1,Ativo,"Carne processada (R$ 569.718,00); Carne bovina in natura (R$ 488.778,24)"
34621748000123-1-000113/2024,34621748000123-1-000113-2024.md,UNIVERSIDADE FEDERAL DO PARA,Aviso de Contratação Direta nº 90015/2024,Aquisição de UTENSÍLIOS - TIGELAS E COLHERES EM AÇO INOX - PARA ATENDER O RESTAURANTE UNIVERSITÁRIO NA VALORIZAÇÃO DA CULTURA ALIMENTAR AMAZÔNICA.,AC4_2024.pdf,,https://pncp.gov.br/pncp-api/v1/orgaos/34621748000123/compras/2024/113/arquivos/1,Ativo,"Tigela (R$ 0,00); Colher (R$ 0,00)"
34621748000123-1-000133/2024,34621748000123-1-000133-2024.md,UNIVERSIDADE FEDERAL DO PARA,Aviso de Contratação Direta nº 90104/2024,Aquisição de equipamentos de cozinha para atender as necessidades do Restaurante Universitário – DISAE / SAEST / UFPA.,AC6_2024.pdf,,https://pncp.gov.br/pncp-api/v1/orgaos/34621748000123/compras/2024/133/arquivos/1,Ativo,"Bebedouro Água (R$ 0,00); Caixa Térmica (R$ 0,00)"
34621748000123-1-000135/2024,34621748000123-1-000135-2024.md,UNIVERSIDADE FEDERAL DO PARA,Aviso de Contratação Direta nº 90108/2024,Aquisição de bens de consumo para atender às necessidades do Restaurante Universitário - DISAE/SAEST/UFPA.,AC7_2024+%281%29.pdf,,https://pncp.gov.br/pncp-api/v1/orgaos/34621748000123/compras/2024/135/arquivos/1,Ativo,"Álcool Etílico Limpeza De Ambientes (R$ 0,00); Bandeja (R$ 0,00)"
34621748000123-1-000161/2023,34621748000123-1-000161-2023.md,UNIVERSIDADE FEDERAL DO PARA,Aviso de Contratação Direta nº 00442/2023,"Serviço de manutenção, instalação e desinstalação de ares-condicionados da Diretoria De Serviços De Alimentação Estudantil / Restaurante Universitário da Ufpa. SOLICITADO POR: LAÍS PINON DE CARVALHO.",AVISO DE DISPENSA ELETRONICA - RU.pdf,,https://pncp.gov.br/pncp-api/v1/orgaos/34621748000123/compras/2023/161/arquivos/1,Ativo,"Manutenção de Instrumentos Elétricos (R$ 0,00)"
34621748000123-1-000198/2025,34621748000123-1-000198-2025.md,UNIVERSIDADE FEDERAL DO PARA,Edital nº 90019/2025,Registro de preços para aquisição de RECARGA DE GÁS LIQUEFEITO DE PETRÓLEO (GLP) A GRANEL abastecimento de reservatórios com capacidade de 190 Kg (P190) no Restaurante Universitário (RU) e na Escola de Aplicação (EA) da Universidade Federal do Pará (UFPA).,15306305900192025000.zip,Edital e anexos.zip; Edital e anexos.zip/Anexo I - Termo de Referência retificado.pdf; Edital e anexos.zip/Anexo II - Modelo Sugerido de Proposta Comercial.pdf; Edital e anexos.zip/Anexo III -MINUTA-de-ata-de-registro-de-precos-.pdf; Edital e anexos.zip/AP╥NDICE I DO TR - ETP + MAPA DE RISCO.pdf; Edital e anexos.zip/Edital- PE SRP Nº 90019-25 -V.FINAL-PUBLICADA.pdf; RelacaoItens15306305900192025000.pdf,https://pncp.gov.br/pncp-api/v1/orgaos/34621748000123/compras/2025/198/arquivos/1,Ativo,"Gás refino de petróleo (R$ 319.704,00)"
34621748000123-1-000221/2024,34621748000123-1-000221-2024.md,UNIVERSIDADE FEDERAL DO PARA,Ato que autoriza a Contratação Direta nº 323/2024,AQUISIÇÃO DE CADEIRAS PARA ATENDER O RESTAURANTE UNIVERSITÁRIO NA REPOSIÇÃO DO QUANTITATIVO DO REFEITÓRIO A FIM DE ATENDER OS PARTICIPANTES 76ª REUNIÃO ANUAL DA SBPC.,RELATORIO+SIPAC.pdf,,https://pncp.gov.br/pncp-api/v1/orgaos/34621748000123/compras/2024/221/arquivos/1,Ativo,"Cadeira Fixa acabamento estrutura: pintado em epóxi, altura: 87, características adicionais: com braço, densidade espuma assento e encosto: 50, largura: 48, material assento: polipropileno, material encosto: polipropileno, material estrutura: metal, material revestimento assento e encosto: couro, tipo base: fixo, tipo encosto: fixo (R$ 53.850,00)"
34621748000123-1-000259/2024,34621748000123-1-000259-2024.md,UNIVERSIDADE FEDERAL DO PARA,Aviso de Contratação Direta nº 90182/2024,Aquisição de Gêneros HORTIFRUTIGRANJEIROS PARA ATENDER O RESTAURANTE UNIVERSITÁRIO EM RAZÃO DA DESISTÊNCIA DO FORNECEDOR DA ATA Nº 106/2023 DO PREGÃO Nº 26/2023.,AC17_2024.pdf,,https://pncp.gov.br/pncp-api/v1/orgaos/34621748000123/compras/2024/259/arquivos/1,Ativo,"Legume In Natura (R$ 0,00); Legume In Natura (R$ 0,00)"
34621748000123-1-000362/2024,34621748000123-1-000362-2024.md,UNIVERSIDADE FEDERAL DO PARA,Edital nº 90012/2024,"Aquisição de bens permanentes (equipamentos e outros bens necessários , produção, distribuição e armazenamento de alimentos com segurança higiênico-sanitária) - para atender as necessidades do Restaurante Universitário (RU) e da Casa dos Estudantes Universitários (CEUS) da Universidade Federal do Pará (UFPA).",15306305900122024000.zip,PG 90012-24- EQUIP. COZINHA IND. RU.zip; PG 90012-24- EQUIP. COZINHA IND. RU.zip/Anexo 6- Minuta da Ata de Registro de Preços.pdf; PG 90012-24- EQUIP. COZINHA IND. RU.zip/TR22_2024-novo.pdf; PG 90012-24- EQUIP. COZINHA IND. RU.zip/Anexo 1- ETP e MR.pdf; PG 90012-24- EQUIP. COZINHA IND. RU.zip/Anexo 2 - TR.pdf; PG 90012-24- EQUIP. COZINHA IND. RU.zip/Anexo 3- Especificaç╞o Técnica.pdf; PG 90012-24- EQUIP. COZINHA IND. RU.zip/Anexo 5 - Modelo de Declaracoes Habilitatorias SRP.Exequibil.pdf; RelacaoItens15306305900122024000.pdf,https://pncp.gov.br/pncp-api/v1/orgaos/34621748000123/compras/2024/362/arquivos/1,Ativo,"Amaciador eletrico de carne (R$ 2.955,87); Armadilha animal (R$ 6.244,70)"
34621748000123-1-000364/2023,34621748000123-1-000364-2023.md,UNIVERSIDADE FEDERAL DO PARA,Aviso de Contratação Direta nº 01043/2023,Aquisição de 2 Caldeirões de 500 Litros em aço inox com tampa americana para atender o Restaurante Universitário da UFPA.,AVISO+DE+DISPENSA+ELETRONICA+-+RU.pdf,,https://pncp.gov.br/pncp-api/v1/orgaos/34621748000123/compras/2023/364/arquivos/1,Ativo,"Caldeirão (R$ 0,00)"
34621748000123-1-000388/2023,34621748000123-1-000388-2023.md,UNIVERSIDADE FEDERAL DO PARA,Ato que autoriza a Contratação Direta nº 90128/2023,"Chamada Pública 01/2023 de Aquisição de Alimentos de Agricultores Familiares, por meio da modalidade de Compra Institucional do Programa de Aquisição de Alimentos (PAA-CI), com dispensa de licitação, para atender às necessidades do Restaurante Universitário da Universidade Federal do Pará (RU/UFPA) pelo período de 06 meses, renováveis a critério da Administração.",ANEXO+II+-+MINUTA+CONTRATO.doc,,https://pncp.gov.br/pncp-api/v1/orgaos/34621748000123/compras/2023/388/arquivos/2,Ativo,"Fruta tipo: melancia vermelha, apresentação: natural (R$ 20.430,00); Fruta tipo: tangerina poncan, apresentação: natural (R$ 24.983,52)"
34621748000123-1-000388/2023,34621748000123-1-000388-2023.md,UNIVERSIDADE FEDERAL DO PARA,Ato que autoriza a Contratação Direta nº 90128/2023,"Chamada Pública 01/2023 de Aquisição de Alimentos de Agricultores Familiares, por meio da modalidade de Compra Institucional do Programa de Aquisição de Alimentos (PAA-CI), com dispensa de licitação, para atender às necessidades do Restaurante Universitário da Universidade Federal do Pará (RU/UFPA) pelo período de 06 meses, renováveis a critério da Administração.",Edital+Chamada+Publica+01.2023-UFPA+-+completo.pdf,,https://pncp.gov.br/pncp-api/v1/orgaos/34621748000123/compras/2023/388/arquivos/1,Ativo,"Fruta tipo: melancia vermelha, apresentação: natural (R$ 20.430,00); Fruta tipo: tangerina poncan, apresentação: natural (R$ 24.983,52)"
34621748000123-1-000388/2024,34621748000123-1-000388-2024.md,UNIVERSIDADE FEDERAL DO PARA,Edital nº 90009/2024,"Aquisição de bens de consumo (utensílios de cozinha de uso profissional e doméstico necessários ao controle de qualidade, à produção, distribuição e armazenamento de alimentos), para atender às necessidades de produção com segurança higiênico sanitária de refeições do Restaurante Universitário (RU) e da Casa dos Estudantes Universitários (CEUS) da Universidade Federal do Pará (UFPA)",15306305900092024000.zip,Publicado_SRP_90009.2024_Utensilios-RU.zip; Publicado_SRP_90009.2024_Utensilios-RU.zip/Anexo IV - Minuta de Ata SRP UFPA_modelo_AGU_lei_14-133_v-maio23.docx; Publicado_SRP_90009.2024_Utensilios-RU.zip/Apendice C do Anexo I – Estudo Técnico Preliminar 16_2024.pdf; Publicado_SRP_90009.2024_Utensilios-RU.zip/Apendice D do Anexo I – Mapa de Risco 13_2024.pdf; Publicado_SRP_90009.2024_Utensilios-RU.zip/PE SRP 90009-24 ¬ 090137.23-94 ¬ UTENSILIOS COZINHA ¬RU.pdf; Publicado_SRP_90009.2024_Utensilios-RU.zip/Anexo I - TR27_2024.pdf; Publicado_SRP_90009.2024_Utensilios-RU.zip/Anexo II - Modelo de Declaracoes Habilitatorias SRP.Exequibil.docx; Publicado_SRP_90009.2024_Utensilios-RU.zip/Anexo III - Formacao de Precos.SRP.docx; RelacaoItens15306305900092024000.pdf,https://pncp.gov.br/pncp-api/v1/orgaos/34621748000123/compras/2024/388/arquivos/1,Ativo,"Abridor (R$ 184,00); Batedor manual (R$ 372,66)"
34621748000123-1-000452/2025,34621748000123-1-000452-2025.md,UNIVERSIDADE FEDERAL DO PARA,Edital nº 90021/2025,Aquisição de BENS DE CONSUMO DESERTOS/FRUSTRADOS DOS PROCESSOS LICITATÓRIOS REALIZADOS NO ANO DE 2024 para atender às necessidades do Restaurante Universitário (RU) e Casa dos Estudantes Universitários (CEUs) da Universidade Federal do Pará (UFPA).,15306305900212025000.zip,Edital e Anexos - PE 90021-25.zip; Edital e Anexos - PE 90021-25.zip/Anexo I - Termo_de_Referncia.pdf; Edital e Anexos - PE 90021-25.zip/Apêdice D - Anexo I - Mara de Risco.pdf; Edital e Anexos - PE 90021-25.zip/Apêndice C - do Anexo I -Estudo_Tecnico_Preliminar ).pdf; Edital e Anexos - PE 90021-25.zip/Anexo II - Modelo Sugerido de Proposta Comercial.pdf; Edital e Anexos - PE 90021-25.zip/Anexo III -MINUTA-de-ata-de-registro-de-precos-14-133-abr-25.pdf; Edital e Anexos - PE 90021-25.zip/Edital-Final - Publicado.pdf; RelacaoItens15306305900212025000.pdf,https://pncp.gov.br/pncp-api/v1/orgaos/34621748000123/compras/2025/452/arquivos/1,Ativo,"Doce Não Confeitado (R$ 12.225,60); Adoçante (R$ 395,60)"
34621748000123-1-000492/2025,34621748000123-1-000492-2025.md,UNIVERSIDADE FEDERAL DO PARA,Edital nº 90001/2025,Contratação de obras de engenharia de Construção do Restaurante Universitário do Setor Saúde do Campus Guamá/Belém,15306303900012025000.zip,Concorrencia 90001-2025 - UFPA com anexos.zip; Concorrencia 90001-2025 - UFPA com anexos.zip/EDITAL153063_000025_2025.pdf; Concorrencia 90001-2025 - UFPA com anexos.zip/TR153063_000196_2025 - anexo I do edital.pdf; Concorrencia 90001-2025 - UFPA com anexos.zip/Anexo I - TJTR Ajustado.pdf; Concorrencia 90001-2025 - UFPA com anexos.zip/Anexo II - ETP Digital - ETP153063_000035_2025.pdf; Concorrencia 90001-2025 - UFPA com anexos.zip/Anexo III - Mapa de Riscos -MR153063_000039_2025.pdf; Concorrencia 90001-2025 - UFPA com anexos.zip/Anexo IV.pdf; Concorrencia 90001-2025 - UFPA com anexos.zip/Anexo V-A - Orçamento Sintético.pdf; Concorrencia 90001-2025 - UFPA com anexos.zip/Anexo V-B - Orçamento Analítico.pdf; Concorrencia 90001-2025 - UFPA com anexos.zip/Anexo V-C - Curva ABC de Serviços.pdf; Concorrencia 90001-2025 - UFPA com anexos.zip/Anexo V-D - Curva ABC de Insumos.pdf; Concorrencia 90001-2025 - UFPA com anexos.zip/Anexo VI - Cronograma Físico-Financeiro.pdf; Concorrencia 90001-2025 - UFPA com anexos.zip/Anexo VII-A - Planilhas de Composição de BDI.pdf; Concorrencia 90001-2025 - UFPA com anexos.zip/Anexo VII-B - Encargos Sociais.pdf; Concorrencia 90001-2025 - UFPA com anexos.zip/Anexo VIII - RRT e ART - Projetos e Orçamento.pdf; Concorrencia 90001-2025 - UFPA com anexos.zip/CONTRATO153063_000014_2025 - anexo II do edital.pdf; RelacaoItens15306303900012025000.pdf,https://pncp.gov.br/pncp-api/v1/orgaos/34621748000123/compras/2025/492/arquivos/1,Ativo,"Obras Civis de Edificação Prediais (R$ 6.445.241,42)"
34621748000123-1-000704/2024,34621748000123-1-000704-2024.md,UNIVERSIDADE FEDERAL DO PARA,Edital nº 90017/2024,"Aquisição de material descartável e de limpeza para o Restaurante Universitário da Ufpa, pelo Sistema de Registro de Preços.",15306305900172024000.zip,PE SRP 90017 -24 .043914_2024_92 Limpeza e Descart_ RU.zip; PE SRP 90017 -24 .043914_2024_92 Limpeza e Descart_ RU.zip/PE SRP 90017 -24 ¬ .043914_2024_92 Limpeza e Descart_ RU.docx; PE SRP 90017 -24 .043914_2024_92 Limpeza e Descart_ RU.zip/Anexo I - Termo de Referência_50_2024.pdf; PE SRP 90017 -24 .043914_2024_92 Limpeza e Descart_ RU.zip/Anexo II - Modelo de Declaracoes Habilitatorias.doc; PE SRP 90017 -24 .043914_2024_92 Limpeza e Descart_ RU.zip/Anexo III - Formacao de Precos.PE.doc; PE SRP 90017 -24 .043914_2024_92 Limpeza e Descart_ RU.zip/Anexo IV - Minuta de Ata de Registro de Preços.docx; PE SRP 90017 -24 .043914_2024_92 Limpeza e Descart_ RU.zip/Apendice do anexo I - ETP30_2024.pdf; RelacaoItens15306305900172024000.pdf,https://pncp.gov.br/pncp-api/v1/orgaos/34621748000123/compras/2024/704/arquivos/1,Ativo,"Balde com espremedor (R$ 2.414,70); Esponja limpeza (R$ 4.428,00)"
34621748000123-1-000959/2024,34621748000123-1-000959-2024.md,UNIVERSIDADE FEDERAL DO PARA,Edital nº 90021/2024,Aquisição de GÊNEROS HORTIFRUTIGRANJEIROS necessários à produção de aproximadamente 6.500 refeições/dia no Restaurante Universitário (RU) da Universidade Federal do Pará (UFPA).,15306305900212024000.zip,PE SRP 90021 -24 .041620_2024_26 proteinas RU.zip; PE SRP 90021 -24 .041620_2024_26 proteinas RU.zip/Anexo I - Termo de Rerefência 99_2024.pdf; PE SRP 90021 -24 .041620_2024_26 proteinas RU.zip/Anexo II - Modelo de Declaracoes Habilitatorias.doc; PE SRP 90021 -24 .041620_2024_26 proteinas RU.zip/Anexo III - Formacao de Precos.PE.doc; PE SRP 90021 -24 .041620_2024_26 proteinas RU.zip/Anexo IV - Minuta de Ata de Registro de Preços.docx; PE SRP 90021 -24 .041620_2024_26 proteinas RU.zip/Apêndice A - ETP44_2024.pdf; PE SRP 90021 -24 .041620_2024_26 proteinas RU.zip/Apêndice B - Mapa de Riscos.pdf; PE SRP 90021 -24 .041620_2024_26 proteinas RU.zip/PE SRP 90022 -24 ¬ .041620_2024_26 proteínas RU.docx; RelacaoItens15306305900212024000.pdf,https://pncp.gov.br/pncp-api/v1/orgaos/34621748000123/compras/2024/959/arquivos/1,Ativo,"Legume In Natura (R$ 70.668,00); Fruta (R$ 14.664,00)"
75095679000149-1-000012/2024,75095679000149-1-000012-2024.md,UNIVERSIDADE FEDERAL DO PARANA,Edital nº 90004/2024,Contratação de empresa para execução de obra de reforma dos Sistemas de Prevenção de Incêndio do Restaurante Universitário do Centro Politécnico da Universidade Federal do Paraná.,15307905900042024000.zip,Edital e anexos PE 90004.zip; Edital e anexos PE 90004.zip/Edital e anexos PE 90004/Anexos.docx; Edital e anexos PE 90004.zip/Edital e anexos PE 90004/SEI_6356587_Edital_de_Pregao_Eletronico_90004_2024.pdf; RelacaoItens15307905900042024000.pdf,https://pncp.gov.br/pncp-api/v1/orgaos/75095679000149/compras/2024/12/arquivos/1,Ativo,"Manutenção / Reforma Predial (R$ 577.726,48)"
75095679000149-1-000056/2024,75095679000149-1-000056-2024.md,UNIVERSIDADE FEDERAL DO PARANA,Ato que autoriza a Contratação Direta nº 50/2024,Contratação de serviços de fornecimento de refeições (almoço e jantar) embaladas (marmitas) para atender a necessidade excepcional do Restaurante Universitário da UFPR localizado na cidade de Palotina - Pr.,65%2F2024.pdf,,https://pncp.gov.br/pncp-api/v1/orgaos/75095679000149/compras/2024/56/arquivos/2,Ativo,"Refeições Industriais - Preparo / Distribuição Refeições Industriais - Preparo / Distribuição (R$ 212.319,00)"
75095679000149-1-000056/2024,75095679000149-1-000056-2024.md,UNIVERSIDADE FEDERAL DO PARANA,Ato que autoriza a Contratação Direta nº 50/2024,Contratação de serviços de fornecimento de refeições (almoço e jantar) embaladas (marmitas) para atender a necessidade excepcional do Restaurante Universitário da UFPR localizado na cidade de Palotina - Pr.,SEI_UFPR+-+6410095+-+Contratacao+Direta_+Termo+de+Dispensa+de+Licitacao.pdf,,https://pncp.gov.br/pncp-api/v1/orgaos/75095679000149/compras/2024/56/arquivos/1,Ativo,"Refeições Industriais - Preparo / Distribuição Refeições Industriais - Preparo / Distribuição (R$ 212.319,00)"
75095679000149-1-000059/2025,75095679000149-1-000059-2025.md,UNIVERSIDADE FEDERAL DO PARANA,Aviso de Contratação Direta nº 90012/2025,Contratação de serviços de fornecimento de refeições (almoço e jantar) embaladas (marmitas) para atender a necessidade excepcional do Restaurante Universitário da Universidade Federal do Paraná localizado na cidade de Pontal do Paraná/PR (CEM).,SEI_7498082_Contratacao_Direta__Aviso_de_Dispensa_Eletronica+_e_TR.zip,SEI_7481179_Termo_de_Referencia.pdf; SEI_7498082_Contratacao_Direta__Aviso_de_Dispensa_Eletronica.pdf,https://pncp.gov.br/pncp-api/v1/orgaos/75095679000149/compras/2025/59/arquivos/1,Ativo,"Refeições Industriais - Preparo / Distribuição (R$ 0,00)"
75095679000149-1-000202/2025,75095679000149-1-000202-2025.md,UNIVERSIDADE FEDERAL DO PARANA,Aviso de Contratação Direta nº 90078/2025,Contratação de serviços de substituição da caixa d’ água do Restaurante Universitário do Centro Politécnico da Universidade Federal do Paraná.,AVISO+DISPENSA+ELETRONICA+90078-2025+%5B%2BANEXOS%5D.pdf,,https://pncp.gov.br/pncp-api/v1/orgaos/75095679000149/compras/2025/202/arquivos/1,Ativo,"Instalação e Montagem de Sistemas - Proteção Contra Incêndio (R$ 55.744,09)"
75095679000149-1-000248/2025,75095679000149-1-000248-2025.md,UNIVERSIDADE FEDERAL DO PARANA,Aviso de Contratação Direta nº 90110/2025,"Serviço de reforma em caldeira autoclavada de 500 litros, para atendimento de necessidades do Restaurante Universitário Central da Universidade Federal do Paraná. ***ATENÇÃO: SENHORES LICITANTES, QUEIRAM CONSIDERAR DESCRIÇÕES DOS ITENS CONFORME CONSTAM NO AVISO DE DISPENSA ELETRÔNICA E TERMO DE REFERÊNCIA, JÁ QUE O PRESENTE SISTEMA NÃO NOS PERMITE EDIÇÕES MAIS PRECISAS.***",Aviso+DE+90110-2025%5B%2BTR%5D.pdf,,https://pncp.gov.br/pncp-api/v1/orgaos/75095679000149/compras/2025/248/arquivos/1,Ativo,"Manutenção de Caldeiras e Estufas (R$ 12.300,00)"
75095679000149-1-000282/2025,75095679000149-1-000282-2025.md,UNIVERSIDADE FEDERAL DO PARANA,Aviso de Contratação Direta nº 90124/2025,"Aquisição de ralos para o Restaurante Universitário - Setor Palotina. ***ATENÇÃO: SENHORES LICITANTES, QUEIRAM CONSIDERAR DESCRIÇÕES DOS ITENS CONFORME CONSTAM NO AVISO DE DISPENSA ELETRÔNICA E TERMO DE REFERÊNCIA, JÁ QUE O PRESENTE SISTEMA NÃO NOS PERMITE EDIÇÕES MAIS PRECISAS.***",Aviso+DE+90124-2025%5B%2BTR%5D.pdf,,https://pncp.gov.br/pncp-api/v1/orgaos/75095679000149/compras/2025/282/arquivos/1,Ativo,"Grelha Ralo (R$ 272,00); Grelha Ralo (R$ 36,00)"
75095679000149-1-000320/2025,75095679000149-1-000320-2025.md,UNIVERSIDADE FEDERAL DO PARANA,Ato que autoriza a Contratação Direta nº 496/2025,"Contratação de empresa especializada na prestação de serviços de produção e fornecimento de refeições (café da manhã, almoço e jantar) para atender a comunidade acadêmica da UFPR em Curitiba/PR, nos Restaurantes Universitários localizados nos campi Central, Centro Politécnico, Jardim Botânico e Agrárias da UFPR.",SEI_7973283_Contratacao_Direta__Termo_de_Dispensa_de_Licitacao.pdf,,https://pncp.gov.br/pncp-api/v1/orgaos/75095679000149/compras/2025/320/arquivos/1,Ativo,"Refeições Industriais - Preparo / Distribuição Refeições Industriais - Preparo / Distribuição - Café da manhã (R$ 1.006.232,00); Refeições Industriais - Preparo / Distribuição Refeições Industriais - Preparo / Distribuição - Almoço (R$ 9.979.200,00)"
75095679000149-1-000320/2025,75095679000149-1-000320-2025.md,UNIVERSIDADE FEDERAL DO PARANA,Ato que autoriza a Contratação Direta nº 496/2025,"Contratação de empresa especializada na prestação de serviços de produção e fornecimento de refeições (café da manhã, almoço e jantar) para atender a comunidade acadêmica da UFPR em Curitiba/PR, nos Restaurantes Universitários localizados nos campi Central, Centro Politécnico, Jardim Botânico e Agrárias da UFPR.",SEI_7973321_Despacho_359.pdf,,https://pncp.gov.br/pncp-api/v1/orgaos/75095679000149/compras/2025/320/arquivos/2,Ativo,"Refeições Industriais - Preparo / Distribuição Refeições Industriais - Preparo / Distribuição - Café da manhã (R$ 1.006.232,00); Refeições Industriais - Preparo / Distribuição Refeições Industriais - Preparo / Distribuição - Almoço (R$ 9.979.200,00)"
75095679000149-1-000354/2025,75095679000149-1-000354-2025.md,UNIVERSIDADE FEDERAL DO PARANA,Edital nº 90041/2025,"Aquisição de máquinas lavadoras de louças industriais de alto volume, incluindo acessórios, instalação, configuração, treinamento e assistência técnica, para atender às necessidades dos Restaurantes Universitários da Universidade Federal do Paraná.",15307905900412025000.zip,SEI_8009339_Edital_Pregao_Eletronico_90.041_2025.pdf; RelacaoItens15307905900412025000.pdf,https://pncp.gov.br/pncp-api/v1/orgaos/75095679000149/compras/2025/354/arquivos/1,Ativo,"Lava-Louças (R$ 599.692,83)"
75095679000149-1-000390/2023,75095679000149-1-000390-2023.md,UNIVERSIDADE FEDERAL DO PARANA,Ato que autoriza a Contratação Direta nº 00441/2023,"Contratação de empresa especializada na prestação de serviços de produção e fornecimento de refeições (almoço e jantar), para atender às necessidades do Restaurante Universitário da Universidade Federal do Paraná localizado na cidade de Jandaia do Sul-PR.",Anexos+Termos+de+Referencia+e+Dispensa.zip,SEI_UFPR - 5871957 - Termo de Referência.pdf; SEI_UFPR - 5880047 - Contrataç╞o Direta_ Termo de Dispensa de Licitaç╞o.pdf,https://pncp.gov.br/pncp-api/v1/orgaos/75095679000149/compras/2023/390/arquivos/1,Ativo,"Refeições Industriais - Preparo / Distribuição (R$ 289.850,00); Refeições Industriais - Preparo / Distribuição (R$ 245.520,00)"
75095679000149-1-000410/2024,75095679000149-1-000410-2024.md,UNIVERSIDADE FEDERAL DO PARANA,Edital nº 90066/2024,Contratação de empresa para execução de obra de reforma dos sistemas de Segurança Contra Incêndio e Pânico para o Restaurante Universitário do Campus Jardim Botânico da Universidade Federal do Paraná.,15307905900662024001.zip,Edital e Anexos PE N 90.066.2024.zip; Edital e Anexos PE N 90.066.2024.zip/Edital e Anexos PE Nº 90.066.2024/Acesso aos Anexos A a F do TR do Edital.docx; Edital e Anexos PE N 90.066.2024.zip/Edital e Anexos PE Nº 90.066.2024/SEI_6910640_Edital_Pregao_Eletronico_N__90.066_2024.pdf; RelacaoItens15307905900662024001.pdf,https://pncp.gov.br/pncp-api/v1/orgaos/75095679000149/compras/2024/410/arquivos/2,Ativo,"Manutenção / Reforma Predial (R$ 947.317,50)"
75095679000149-1-000434/2025,75095679000149-1-000434-2025.md,UNIVERSIDADE FEDERAL DO PARANA,Aviso de Contratação Direta nº 573/2025,"Aquisição de embalagens descartáveis para alimentos (marmitas e potes plásticos com tampa), para atender as necessidades da Coordenadoria dos Restaurantes Universitários da UFPR",SEI_8131337_UACD__TR_Aquisicoes.pdf,,https://pncp.gov.br/pncp-api/v1/orgaos/75095679000149/compras/2025/434/arquivos/2,Ativo,"Marmita Descartável material: isopor, formato: redondo, tamanho: nº 9, características adicionais: sem divisória. com tampa, capacidade: 1.100 Marmita descartável em isopor, com tampa, sem divisória. Capacidade mínima 1.100 ml. Pacote com 100 unidades. (R$ 16.552,25); Pote Alimentos material: plástico, capacidade: 250, características adicionais: descartável, com tampa, plástico resistente, atóxi, aplicação: acondicionamento de alimentos Pote plástico transparente com tampa. Capacidade 250ml. Atóxico, para acondicionamento de alimentos. Pacote com 100 unidades. (R$ 12.779,25)"
75095679000149-1-000434/2025,75095679000149-1-000434-2025.md,UNIVERSIDADE FEDERAL DO PARANA,Aviso de Contratação Direta nº 573/2025,"Aquisição de embalagens descartáveis para alimentos (marmitas e potes plásticos com tampa), para atender as necessidades da Coordenadoria dos Restaurantes Universitários da UFPR",SEI_8160056_Contratacao_Direta__Aviso_de_Dispensa_Eletronica+90200.2025.pdf,,https://pncp.gov.br/pncp-api/v1/orgaos/75095679000149/compras/2025/434/arquivos/1,Ativo,"Marmita Descartável material: isopor, formato: redondo, tamanho: nº 9, características adicionais: sem divisória. com tampa, capacidade: 1.100 Marmita descartável em isopor, com tampa, sem divisória. Capacidade mínima 1.100 ml. Pacote com 100 unidades. (R$ 16.552,25); Pote Alimentos material: plástico, capacidade: 250, características adicionais: descartável, com tampa, plástico resistente, atóxi, aplicação: acondicionamento de alimentos Pote plástico transparente com tampa. Capacidade 250ml. Atóxico, para acondicionamento de alimentos. Pacote com 100 unidades. (R$ 12.779,25)"
75095679000149-1-000444/2024,75095679000149-1-000444-2024.md,UNIVERSIDADE FEDERAL DO PARANA,Ato que autoriza a Contratação Direta nº 279/2024,"Contratação de empresa especializada para o fornecimento de gás natural canalizado, para atender as necessidades do Restaurante Universitário Central.",SEI_UFPR+-+6715842+-+Contratacao+Direta_+Termo+de+Inexigib+de+Licitacao.pdf,,https://pncp.gov.br/pncp-api/v1/orgaos/75095679000149/compras/2024/444/arquivos/1,Ativo,"Fornecimento de Gás Canalizado Fornecimento de Gás Canalizado (R$ 441.771,30)"
75095679000149-1-000475/2025,75095679000149-1-000475-2025.md,UNIVERSIDADE FEDERAL DO PARANA,Aviso de Contratação Direta nº 613/2025,"Contratação de serviços de reforma , limpeza e manutenção de caldeiras para atendimento de necessidades do Restaurante Universitário Central, Politécnico e Botânico da Universidade Federal do Paraná",SEI_8163514_UACD__TR_Servicos.pdf,,https://pncp.gov.br/pncp-api/v1/orgaos/75095679000149/compras/2025/475/arquivos/2,Ativo,"Manutenção de Caldeiras e Estufas Manutenção de Caldeiras e Estufas A retirada e entrega dos equipamentos: RU Central - à Rua Amintas de Barros, s/n; RU Centro Politécnico, na Avenida Cel. Francisco H. dos Santos, 100; e RU Jardim Botânico, na Av. Prefeito Lothário Meissner, 623 - Jardim Botânico. (R$ 34.310,00)"
75095679000149-1-000475/2025,75095679000149-1-000475-2025.md,UNIVERSIDADE FEDERAL DO PARANA,Aviso de Contratação Direta nº 613/2025,"Contratação de serviços de reforma , limpeza e manutenção de caldeiras para atendimento de necessidades do Restaurante Universitário Central, Politécnico e Botânico da Universidade Federal do Paraná",SEI_8207998_Contratacao_Direta__Aviso_de_Dispensa_Eletronica+613.2025.pdf,,https://pncp.gov.br/pncp-api/v1/orgaos/75095679000149/compras/2025/475/arquivos/1,Ativo,"Manutenção de Caldeiras e Estufas Manutenção de Caldeiras e Estufas A retirada e entrega dos equipamentos: RU Central - à Rua Amintas de Barros, s/n; RU Centro Politécnico, na Avenida Cel. Francisco H. dos Santos, 100; e RU Jardim Botânico, na Av. Prefeito Lothário Meissner, 623 - Jardim Botânico. (R$ 34.310,00)"
75095679000149-1-000503/2024,75095679000149-1-000503-2024.md,UNIVERSIDADE FEDERAL DO PARANA,Edital nº 90075/2024,"Contratação de empresa especializada na prestação de serviços continuados de produção e fornecimento de refeições (café da manhã, almoço e jantar) para atender a comunidade acadêmica da Universidade Federal do Paraná em Curitiba/PR, nos Restaurantes Universitários localizados nos campi Central, Centro Politécnico, Jardim Botânico e Agrárias.",15307905900752024002.zip,"Edital e Anexos.zip; Edital e Anexos.zip/Edital e Anexos/; Edital e Anexos.zip/Edital e Anexos/Anexo A1 - Planta baixa RU - Politécnico.pdf; Edital e Anexos.zip/Edital e Anexos/Anexo A2 - Planta baixa RU - Botânico.pdf; Edital e Anexos.zip/Edital e Anexos/Anexo A3 - Planta baixa RU - Central.pdf; Edital e Anexos.zip/Edital e Anexos/Anexo A4 - Planta baixa RU - Agrárias.pdf; Edital e Anexos.zip/Edital e Anexos/Anexo B - Lista de equipamentos em comodato.pdf; Edital e Anexos.zip/Edital e Anexos/Anexo C - Valores praticados no Restaurante Universitário.pdf; Edital e Anexos.zip/Edital e Anexos/Anexo D - Cardápio Rotativo do Restaurante Universitário.pdf; Edital e Anexos.zip/Edital e Anexos/Anexo E - Porção mínima pronta de pratos proteicos, sobremesas elaboradas e frutas a ser ofertada no Restaurante Universitário.pdf; Edital e Anexos.zip/Edital e Anexos/Anexo F - Frequência mensal de carnes e preparações elaboradas.pdf; Edital e Anexos.zip/Edital e Anexos/Anexo G - Modelo de Pesquisa de Satisfação.pdf; Edital e Anexos.zip/Edital e Anexos/Anexo H - Instrumento de Medição de Resultados.pdf; Edital e Anexos.zip/Edital e Anexos/Anexo I - Lista de verificação de boas práticas.pdf; Edital e Anexos.zip/Edital e Anexos/Anexo J - Memória de Cálculo da (Lista de verificação em boas práticas).pdf; Edital e Anexos.zip/Edital e Anexos/Anexo K1 - Modelo de termo de vistoria.pdf; Edital e Anexos.zip/Edital e Anexos/Anexo K2 - Modelo de assunção de responsabilidade.pdf; Edital e Anexos.zip/Edital e Anexos/Anexo M - Matriz de Alocação de Riscos.pdf; Edital e Anexos.zip/Edital e Anexos/Anexo N - Manual para cálculo de custo do consumo de água e de energia elétrica pelos Restaurantes Universitários da UFPR.pdf; Edital e Anexos.zip/Edital e Anexos/Anexo_L___Planilha_formacao_de_custos_Curitiba.xlsx; Edital e Anexos.zip/Edital e Anexos/SEI_UFPR - 7132894 - Edital.pdf; RelacaoItens15307905900752024002.pdf",https://pncp.gov.br/pncp-api/v1/orgaos/75095679000149/compras/2024/503/arquivos/3,Ativo,"Refeições Industriais - Preparo / Distribuição (R$ 3.803.800,00); Refeições Industriais - Preparo / Distribuição (R$ 58.712.500,00)"
75095679000149-1-000810/2024,75095679000149-1-000810-2024.md,UNIVERSIDADE FEDERAL DO PARANA,Aviso de Contratação Direta nº 90413/2024,"O objeto da presente dispensa é a escolha da proposta mais vantajosa para a contratação por dispensa de licitação de serviços de manutenção corretiva do telhado do Restaurante Universitário (RU) do Setor Palotina da Universidade Federal do Paraná (UFPR), conforme condições, quantidades e exigências estabelecidas neste Aviso de Contratação Direta e seus anexos. Executar serviços de instalação e manutenção de calhas, telhas e sistemas de vedação.",Aviso+de+Dispensa+Eletronica+n+90.413_2024.pdf,,https://pncp.gov.br/pncp-api/v1/orgaos/75095679000149/compras/2024/810/arquivos/1,Ativo,"Construção / Manutenção / Reforma - Telhado (R$ 74.013,50)"
75095679000149-1-000841/2024,75095679000149-1-000841-2024.md,UNIVERSIDADE FEDERAL DO PARANA,Edital nº 90106/2024,"Contratação de empresa especializada na prestação de serviços continuados de produção e fornecimento de refeições (café da manhã, almoço e jantar) para atender a comunidade acadêmica da Universidade Federal do Paraná em Curitiba/PR, nos Restaurantes Universitários localizados nos campi Central, Centro Politécnico, Jardim Botânico e Agrárias.",15307905901062024001.zip,"Edital Pregao 901062024.zip; Edital Pregao 901062024.zip/Edital Pregão 901062024/; Edital Pregao 901062024.zip/Edital Pregão 901062024/Anexo A1 - Planta baixa RU - Politécnico.pdf; Edital Pregao 901062024.zip/Edital Pregão 901062024/Anexo A2 - Planta baixa RU - Botânico.pdf; Edital Pregao 901062024.zip/Edital Pregão 901062024/Anexo A3 - Planta baixa RU - Central.pdf; Edital Pregao 901062024.zip/Edital Pregão 901062024/Anexo A4 - Planta baixa RU - Agrárias.pdf; Edital Pregao 901062024.zip/Edital Pregão 901062024/Anexo B - Lista de equipamentos em comodato.pdf; Edital Pregao 901062024.zip/Edital Pregão 901062024/Anexo C - Valores praticados no Restaurante Universitário.pdf; Edital Pregao 901062024.zip/Edital Pregão 901062024/Anexo D - Cardápio Rotativo do Restaurante Universitário.pdf; Edital Pregao 901062024.zip/Edital Pregão 901062024/Anexo E - Porção mínima pronta de pratos proteicos, sobremesas elaboradas e frutas a ser ofertada no Restaurante Universitário.pdf; Edital Pregao 901062024.zip/Edital Pregão 901062024/Anexo F - Frequência mensal de carnes e preparações elaboradas.pdf; Edital Pregao 901062024.zip/Edital Pregão 901062024/Anexo G - Modelo de Pesquisa de Satisfação.pdf; Edital Pregao 901062024.zip/Edital Pregão 901062024/Anexo H - Instrumento de Medição de Resultados.pdf; Edital Pregao 901062024.zip/Edital Pregão 901062024/Anexo I - Lista de verificação de boas práticas.pdf; Edital Pregao 901062024.zip/Edital Pregão 901062024/Anexo J - Memória de Cálculo da (Lista de verificação em boas práticas).pdf; Edital Pregao 901062024.zip/Edital Pregão 901062024/Anexo K1 - Modelo de termo de vistoria.pdf; Edital Pregao 901062024.zip/Edital Pregão 901062024/Anexo K2 - Modelo de assunção de responsabilidade.pdf; Edital Pregao 901062024.zip/Edital Pregão 901062024/Anexo M - Matriz de Alocação de Riscos.pdf; Edital Pregao 901062024.zip/Edital Pregão 901062024/Anexo N - Manual para cálculo de custo do consumo de água e de energia elétrica pelos Restaurantes Universitários da UFPR.pdf; Edital Pregao 901062024.zip/Edital Pregão 901062024/Anexo_L___Planilha_formacao_de_custos_Curitiba.xlsx; Edital Pregao 901062024.zip/Edital Pregão 901062024/SEI_UFPR - 7202744 - Edital.pdf; RelacaoItens15307905901062024001.pdf",https://pncp.gov.br/pncp-api/v1/orgaos/75095679000149/compras/2024/841/arquivos/2,Ativo,"Refeições Industriais - Preparo / Distribuição (R$ 3.803.800,00); Refeições Industriais - Preparo / Distribuição (R$ 58.712.500,00)"
75095679000149-1-001010/2024,75095679000149-1-001010-2024.md,UNIVERSIDADE FEDERAL DO PARANA,Edital nº 90113/2024,Contratação de empresa para execução de obra de reforma da cobertura da sala de Administração do Restaurante Universitário da Universidade Federal do Paraná.,15307905901132024000.zip,Edital e Anexos PE 90113.2024.zip; Edital e Anexos PE 90113.2024.zip/Edital e Anexos PE 90113.2024/Acesso aos Anexos do Termo de Referência do Edital.docx; Edital e Anexos PE 90113.2024.zip/Edital e Anexos PE 90113.2024/SEI_UFPR - 7315530 - Edital.pdf; RelacaoItens15307905901132024000.pdf,https://pncp.gov.br/pncp-api/v1/orgaos/75095679000149/compras/2024/1010/arquivos/1,Ativo,"Manutenção / Reforma Predial (R$ 372.071,89)"
07777800000162-1-000019/2024,07777800000162-1-000019-2024.md,UNIVERSIDADE FEDERAL DO RECONCAVO DA BAHIA - UFRB,Edital de Chamamento Público nº 12/2024,"Este instrumento de chamamento se destina a tornar público o interesse da UFRB em locar imóvel, para atender as demandas de funcionamento de unidade de restaurante universitário do Centro de Artes Humanidades e Letras / CAHL",Anexo+IV+Caderno+especificacoes.pdf,,https://pncp.gov.br/pncp-api/v1/orgaos/07777800000162/compras/2024/19/arquivos/2,Ativo,"Locação Sala / Auditório Locação Sala / Auditório (R$ 9.999,00)"
07777800000162-1-000019/2024,07777800000162-1-000019-2024.md,UNIVERSIDADE FEDERAL DO RECONCAVO DA BAHIA - UFRB,Edital de Chamamento Público nº 12/2024,"Este instrumento de chamamento se destina a tornar público o interesse da UFRB em locar imóvel, para atender as demandas de funcionamento de unidade de restaurante universitário do Centro de Artes Humanidades e Letras / CAHL",Edital+e+anexos+I+ao+II.pdf,,https://pncp.gov.br/pncp-api/v1/orgaos/07777800000162/compras/2024/19/arquivos/1,Ativo,"Locação Sala / Auditório Locação Sala / Auditório (R$ 9.999,00)"
07777800000162-1-000027/2023,07777800000162-1-000027-2023.md,UNIVERSIDADE FEDERAL DO RECONCAVO DA BAHIA - UFRB,Aviso de Contratação Direta nº 00073/2023,Aquisição de balizador de fila para organizar o espaço e o fluxo de pessoas no Restaurante Universitário da UFRB Em Cruz das Almas-BA,Avisode_Dispensa_Eletrnica_732023__assinado.pdf,,https://pncp.gov.br/pncp-api/v1/orgaos/07777800000162/compras/2023/27/arquivos/1,Ativo,"Balizador fila (R$ 5.654,25)"
07777800000162-1-000033/2024,07777800000162-1-000033-2024.md,UNIVERSIDADE FEDERAL DO RECONCAVO DA BAHIA - UFRB,Ato que autoriza a Contratação Direta nº 19/2024,"Inexigibilidade referente ao Credenciamento Público n.° 12/2024, pertinente ao interesse da UFRB em locar imóvel, para atender as demandas de funcionamento de unidade de restaurante universitário do Centro de Artes Humanidades e Letras / CAHL",ata_chamamento_publico_02-2024_1-1-2.pdf,,https://pncp.gov.br/pncp-api/v1/orgaos/07777800000162/compras/2024/33/arquivos/1,Ativo,"Locação Sala / Auditório Locação Sala / Auditório (R$ 9.999,00)"
07777800000162-1-000033/2024,07777800000162-1-000033-2024.md,UNIVERSIDADE FEDERAL DO RECONCAVO DA BAHIA - UFRB,Ato que autoriza a Contratação Direta nº 19/2024,"Inexigibilidade referente ao Credenciamento Público n.° 12/2024, pertinente ao interesse da UFRB em locar imóvel, para atender as demandas de funcionamento de unidade de restaurante universitário do Centro de Artes Humanidades e Letras / CAHL",ETP19_2024.pdf,,https://pncp.gov.br/pncp-api/v1/orgaos/07777800000162/compras/2024/33/arquivos/2,Ativo,"Locação Sala / Auditório Locação Sala / Auditório (R$ 9.999,00)"
33663683000116-1-000032/2024,33663683000116-1-000032-2024.md,UNIVERSIDADE FEDERAL DO RIO DE JANEIRO,Edital nº 90002/2024,"Registro de preços para eventual contratação de serviços fornecimento de refeições individuais prontas e transportadas, já embaladas, por meio da operacionalização e desenvolvimento de todas as atividades envolvidas na produção, transporte e distribuição de refeições prontas para consumo, para a Unidade de Alimentação e Nutrição (UAN), doravante denominada Restaurante Universitário (RU) do Polo Universitário do Campus Macaé da Universidade Federal do Rio de Janeiro (UFRJ).",15311505900022024000.zip,PE-02-2024-SRP-RU-MACAE-HAB-COMPL-E-AMPLA-PART.pdf.zip; PE-02-2024-SRP-RU-MACAE-HAB-COMPL-E-AMPLA-PART.pdf.zip/PE-02-2024-SRP-RU-MACAE-HAB-COMPL-E-AMPLA-PART.pdf/PE-02-2024-SRP-RU-MACAE-ANEXO-II-MTC.pdf.pdf; PE-02-2024-SRP-RU-MACAE-HAB-COMPL-E-AMPLA-PART.pdf.zip/PE-02-2024-SRP-RU-MACAE-HAB-COMPL-E-AMPLA-PART.pdf/PE-02-2024-SRP-RU-MACAE-ANEXO-IV-ARP.pdf.pdf; PE-02-2024-SRP-RU-MACAE-HAB-COMPL-E-AMPLA-PART.pdf.zip/PE-02-2024-SRP-RU-MACAE-HAB-COMPL-E-AMPLA-PART.pdf/PE-02-2024-SRP-RU-MACAE-EDITAL.pdf; PE-02-2024-SRP-RU-MACAE-HAB-COMPL-E-AMPLA-PART.pdf.zip/PE-02-2024-SRP-RU-MACAE-HAB-COMPL-E-AMPLA-PART.pdf/PE-02-2024-SRP-SERV-RU-MACAE-ANEXO-I-TR.pdf.pdf; RelacaoItens15311505900022024000.pdf,https://pncp.gov.br/pncp-api/v1/orgaos/33663683000116/compras/2024/32/arquivos/1,Ativo,"Fornecimento de refeições / lanches / salgados / doces (R$ 3.060.288,00); Fornecimento de refeições / lanches / salgados / doces (R$ 1.749.000,00)"
33663683000116-1-000148/2024,33663683000116-1-000148-2024.md,UNIVERSIDADE FEDERAL DO RIO DE JANEIRO,Ato que autoriza a Contratação Direta nº 78/2024,"Contratação emergencial de serviços de fornecimento de refeições individuais prontas e transportadas, já embaladas, por meio da operacionalização e desenvolvimento de todas as atividades envolvidas na produção, transporte e distribuição de refeições prontas para consumo, para a Unidade de Alimentação e Nutrição (UAN), doravante denominada Restaurante Universitário (RU) do Polo Universitário do Campus Macaé da Universidade Federal do Rio de Janeiro (UFRJ).",36%2F2023.pdf,,https://pncp.gov.br/pncp-api/v1/orgaos/33663683000116/compras/2024/148/arquivos/2,Ativo,"Fornecimento de Refeições / Lanches / Salgados / Doces Recebimento e distribuição de ALMOÇO – refeições individuais prontas e transportadas no Restaurante Universitário do Polo Universitário do Campus de Macaé situado na Av. Aluízio da Silva Gomes nº 50 – Macaé – RJ. (R$ 2.975.940,00); Fornecimento de Refeições / Lanches / Salgados / Doces Recebimento e distribuição de JANTAR – refeições individuais prontas e transportadas no Restaurante Universitário do Polo Universitário do Campus de Macaé situado na Av. Aluízio da Silva Gomes nº 50 – Macaé – RJ. (R$ 1.696.200,00)"
33663683000116-1-000148/2024,33663683000116-1-000148-2024.md,UNIVERSIDADE FEDERAL DO RIO DE JANEIRO,Ato que autoriza a Contratação Direta nº 78/2024,"Contratação emergencial de serviços de fornecimento de refeições individuais prontas e transportadas, já embaladas, por meio da operacionalização e desenvolvimento de todas as atividades envolvidas na produção, transporte e distribuição de refeições prontas para consumo, para a Unidade de Alimentação e Nutrição (UAN), doravante denominada Restaurante Universitário (RU) do Polo Universitário do Campus Macaé da Universidade Federal do Rio de Janeiro (UFRJ).",MAPA_DE_RISCO_Macae_2023_assinado_assinado_assinado_assinado__1_.pdf,,https://pncp.gov.br/pncp-api/v1/orgaos/33663683000116/compras/2024/148/arquivos/1,Ativo,"Fornecimento de Refeições / Lanches / Salgados / Doces Recebimento e distribuição de ALMOÇO – refeições individuais prontas e transportadas no Restaurante Universitário do Polo Universitário do Campus de Macaé situado na Av. Aluízio da Silva Gomes nº 50 – Macaé – RJ. (R$ 2.975.940,00); Fornecimento de Refeições / Lanches / Salgados / Doces Recebimento e distribuição de JANTAR – refeições individuais prontas e transportadas no Restaurante Universitário do Polo Universitário do Campus de Macaé situado na Av. Aluízio da Silva Gomes nº 50 – Macaé – RJ. (R$ 1.696.200,00)"
33663683000116-1-000930/2024,33663683000116-1-000930-2024.md,UNIVERSIDADE FEDERAL DO RIO DE JANEIRO,Aviso de Contratação Direta nº 90034/2024,Contratação de instalação de toldo para entrada do restaurante universitário da Praia Vermelha - UFRJ.,DE+34+-+Documentos+da+Dispensa.pdf,,https://pncp.gov.br/pncp-api/v1/orgaos/33663683000116/compras/2024/930/arquivos/1,Ativo,"Instalação / manutenção - cobertura/passarela/toldo/barraca (R$ 21.753,33)"
24365710000183-1-000001/2024,24365710000183-1-000001-2024.md,UNIVERSIDADE FEDERAL DO RIO GRANDE DO NORTE,Ato que autoriza a Contratação Direta nº 1/2024,"DISPENSA DE LICITAÇÃO Nº.: 1/2024 - CONTRATAÇÃO DE SERVIÇOS DE MANUTENÇÃO CORRETIVA DE EQUIPAMENTOS INDUSTRIAIS, COM REPOSIÇÃO DE PEÇAS, PARA ATENDER À DEMANDA DO RESTAURANTE UNIVERSITÁRIO CENTRAL DA UFRN.",Processo+DL+01.2024.pdf,,https://pncp.gov.br/pncp-api/v1/orgaos/24365710000183/compras/2024/1/arquivos/1,Ativo,"Peças / Acessórios Eletrodomésticos tipo: registro gás, aplicação: caldeirão a gás steel 200 litros Peças de reposição para Caldeirões Industriais de 500L, do Restaurante Universitário da UFRN, como regulador aliança luvas de ½, mangueira palha de aço de 1,5mt, entre outras que se façam necessárias. (R$ 1.000,00); Peças / Acessórios Eletrodomésticos tipo: registro gás, aplicação: caldeirão a gás steel 200 litros Peças de reposição para equipamentos Descascadores de Legumes Industrial, dos Restaurante Universitário da UFRN, como sensor magnético de segurança, atuador magnético de segurança, entre outras que se façam necessárias. (R$ 1.500,00)"
24365710000183-1-000001/2024,24365710000183-1-000001-2024.md,UNIVERSIDADE FEDERAL DO RIO GRANDE DO NORTE,Ato que autoriza a Contratação Direta nº 1/2024,"DISPENSA DE LICITAÇÃO Nº.: 1/2024 - CONTRATAÇÃO DE SERVIÇOS DE MANUTENÇÃO CORRETIVA DE EQUIPAMENTOS INDUSTRIAIS, COM REPOSIÇÃO DE PEÇAS, PARA ATENDER À DEMANDA DO RESTAURANTE UNIVERSITÁRIO CENTRAL DA UFRN.",Processo+Planejamento+DL+01.2023.pdf,,https://pncp.gov.br/pncp-api/v1/orgaos/24365710000183/compras/2024/1/arquivos/2,Ativo,"Peças / Acessórios Eletrodomésticos tipo: registro gás, aplicação: caldeirão a gás steel 200 litros Peças de reposição para Caldeirões Industriais de 500L, do Restaurante Universitário da UFRN, como regulador aliança luvas de ½, mangueira palha de aço de 1,5mt, entre outras que se façam necessárias. (R$ 1.000,00); Peças / Acessórios Eletrodomésticos tipo: registro gás, aplicação: caldeirão a gás steel 200 litros Peças de reposição para equipamentos Descascadores de Legumes Industrial, dos Restaurante Universitário da UFRN, como sensor magnético de segurança, atuador magnético de segurança, entre outras que se façam necessárias. (R$ 1.500,00)"
24365710000183-1-000005/2026,24365710000183-1-000005-2026.md,UNIVERSIDADE FEDERAL DO RIO GRANDE DO NORTE,Ato que autoriza a Contratação Direta nº 5/2026,"DISPENSA DE LICITAÇÃO Nº 90008/2025: AQUISIÇÃO DE CEBOLA BRANCA, PIMENTÃO VERDE, TOMATE, MELANCIA E BANANA PRATA.",Processo+DL+90008.2025.pdf,,https://pncp.gov.br/pncp-api/v1/orgaos/24365710000183/compras/2026/5/arquivos/2,Ativo,"Fruta tipo: banana prata / banana branca, apresentação: natural BANANA PRATA (DL - RESTAURANTE UNIVERSITÁRIO) Tamanho de medio a grande; - Casca livre de fungos; - Integra; - Maturacao natural. Em pencas,de primeira qualidade, tamanho e coloração uniforme, com polpa firme e intacta, devendo ser bem desenvolvid (R$ 6.760,00); Fruta tipo: banana prata / banana branca, apresentação: natural CEBOLA BRANCA (DL - RESTAURANTE UNIVERSITÁRIO) De primeira qualidade; - Tamanho de medio a grande; - Casca integra sem fungos, consistencia firme, sem indicio de germinacao, embalada adequadamente. (R$ 11.844,00)"
24365710000183-1-000005/2026,24365710000183-1-000005-2026.md,UNIVERSIDADE FEDERAL DO RIO GRANDE DO NORTE,Ato que autoriza a Contratação Direta nº 5/2026,"DISPENSA DE LICITAÇÃO Nº 90008/2025: AQUISIÇÃO DE CEBOLA BRANCA, PIMENTÃO VERDE, TOMATE, MELANCIA E BANANA PRATA.",Processo+Planejamento+DL+90008.2025.pdf,,https://pncp.gov.br/pncp-api/v1/orgaos/24365710000183/compras/2026/5/arquivos/1,Ativo,"Fruta tipo: banana prata / banana branca, apresentação: natural BANANA PRATA (DL - RESTAURANTE UNIVERSITÁRIO) Tamanho de medio a grande; - Casca livre de fungos; - Integra; - Maturacao natural. Em pencas,de primeira qualidade, tamanho e coloração uniforme, com polpa firme e intacta, devendo ser bem desenvolvid (R$ 6.760,00); Fruta tipo: banana prata / banana branca, apresentação: natural CEBOLA BRANCA (DL - RESTAURANTE UNIVERSITÁRIO) De primeira qualidade; - Tamanho de medio a grande; - Casca integra sem fungos, consistencia firme, sem indicio de germinacao, embalada adequadamente. (R$ 11.844,00)"
24365710000183-1-000049/2022,24365710000183-1-000049-2022.md,UNIVERSIDADE FEDERAL DO RIO GRANDE DO NORTE,Ato que autoriza a Contratação Direta nº 00106/2022,Aquisição de feijão para o restaurante universitário,DISPENSA DE LICITACAO N 106.2022 - AQUISICAO DE FEIJAO PARA O RESTAURANTE UNIVERSITARIO.pdf,,https://pncp.gov.br/pncp-api/v1/orgaos/24365710000183/compras/2022/49/arquivos/1,Ativo,"Leguminosa (R$ 18.125,00)"
92969856000198-1-000111/2023,92969856000198-1-000111-2023.md,UNIVERSIDADE FEDERAL DO RIO GRANDE DO SUL,Edital nº 00067/2023,Aquisição de mobiliário para o Restaurante Universitário (RU8).,15311405000672023000.zip,PE_067-2023.zip; PE_067-2023.zip/CC_13103_SUINFRA_ARQ_02_Layout_R02.pdf; PE_067-2023.zip/CC_13103_SUINFRA_ARQ_03_Layout_R02.pdf; PE_067-2023.zip/EDITAL_067-2023-assinado.pdf; PE_067-2023.zip/ETP97_2023__5_.pdf; PE_067-2023.zip/Minuta_Ata.pdf; PE_067-2023.zip/Minuta_contrato.pdf; PE_067-2023.zip/TR139_2023__2_.pdf; RelacaoItens15311405000672023000.pdf,https://pncp.gov.br/pncp-api/v1/orgaos/92969856000198/compras/2023/111/arquivos/1,Ativo,"Aparelho ar condicionado (R$ 78.752,85); Balcão atendimento (R$ 10.999,00)"
92969856000198-1-000342/2025,92969856000198-1-000342-2025.md,UNIVERSIDADE FEDERAL DO RIO GRANDE DO SUL,Aviso de Contratação Direta nº 310/2025,"Contratação de içamento de equipameContratação de serviço, não continuado, de içamento de equipamentos pesados do primeiro para o segundo piso do Restaurante Universitário 8 da UFRGS",Planta+2.pdf,,https://pncp.gov.br/pncp-api/v1/orgaos/92969856000198/compras/2025/342/arquivos/2,Ativo,"Içamento - Móveis / Carga / Equipamento Içamento - Móveis / Carga / Equipamento (R$ 14.625,00)"
92969856000198-1-000342/2025,92969856000198-1-000342-2025.md,UNIVERSIDADE FEDERAL DO RIO GRANDE DO SUL,Aviso de Contratação Direta nº 310/2025,"Contratação de içamento de equipameContratação de serviço, não continuado, de içamento de equipamentos pesados do primeiro para o segundo piso do Restaurante Universitário 8 da UFRGS",SEI_7206232_Minuta_de_contrato+%281%29.pdf,,https://pncp.gov.br/pncp-api/v1/orgaos/92969856000198/compras/2025/342/arquivos/1,Ativo,"Içamento - Móveis / Carga / Equipamento Içamento - Móveis / Carga / Equipamento (R$ 14.625,00)"
18560547000107-1-000038/2024,18560547000107-1-000038-2024.md,UNIVERSIDADE FEDERAL DO SUL DA BAHIA,Edital nº 90047/2024,Contratação das Obras de Construção dos Restaurantes Universitários do Campus Paulo Freire e Jorge Amado da Universidade Federal do Sul da Bahia.,15872003900472024000.zip,CONCORRENCIA 900472024.zip; CONCORRENCIA 900472024.zip/PARA PUBLICAÇ╟O/ANEXO A - PEÇAS GR╡FICAS E DOCUMENTOS TÉCNICOS.pdf; CONCORRENCIA 900472024.zip/PARA PUBLICAÇ╟O/ANEXO B CJA RUNI PLS PE 000 R02.xlsx; CONCORRENCIA 900472024.zip/PARA PUBLICAÇ╟O/ANEXO B CPF RUNI PLS PE 000 R03.xlsx; CONCORRENCIA 900472024.zip/PARA PUBLICAÇ╟O/ANEXO C Planilha de propostas RUNI CJA.xlsx; CONCORRENCIA 900472024.zip/PARA PUBLICAÇ╟O/ANEXO C Planilha de propostas RUNI CPF.xlsx; CONCORRENCIA 900472024.zip/PARA PUBLICAÇ╟O/BDI Proposta CJA.xlsx; CONCORRENCIA 900472024.zip/PARA PUBLICAÇ╟O/BDI Proposta CPF.xlsx; CONCORRENCIA 900472024.zip/PARA PUBLICAÇ╟O/EDITAL14 2024.pdf; CONCORRENCIA 900472024.zip/PARA PUBLICAÇ╟O/ETP8 2024.pdf; CONCORRENCIA 900472024.zip/PARA PUBLICAÇ╟O/EVENTOGRAMA RU CJA.pdf; CONCORRENCIA 900472024.zip/PARA PUBLICAÇ╟O/EVENTOGRAMA RU CPF.pdf; CONCORRENCIA 900472024.zip/PARA PUBLICAÇ╟O/minuta contrato.pdf; CONCORRENCIA 900472024.zip/PARA PUBLICAÇ╟O/TR362024.pdf; RelacaoItens15872003900472024000.pdf,https://pncp.gov.br/pncp-api/v1/orgaos/18560547000107/compras/2024/38/arquivos/1,Ativo,"Obras Civis de Edificação Prediais (R$ 2.022.565,73); Obras Civis de Edificação Prediais (R$ 2.176.947,87)"
18657063000180-1-000004/2022,18657063000180-1-000004-2022.md,UNIVERSIDADE FEDERAL DO SUL E SUDESTE DO PARA - UNIFESSPA,Aviso de Contratação Direta nº 00011/2022,"Aquisição de solução de tecnologia da informação para o controle de acesso do Restaurante Universitário da Universidade Federal do Sul e Sudeste do Pará (Unifesspa), Unidade III – Marabá/PA, conforme condições, quantidades e exigências estabelecidas neste Aviso de Contratação Direta e seus anexos",AvisodeDispensaEletrnica.pdf,,https://pncp.gov.br/pncp-api/v1/orgaos/18657063000180/compras/2022/4/arquivos/1,Ativo,"Cessão Temporária de Direitos Sobre Programas de Computador Locação de Software (R$ 7.385,33)"
28523215000106-1-000002/2025,28523215000106-1-000002-2025.md,UNIVERSIDADE FEDERAL FLUMINENSE,Edital nº 90001/2025,"Contratação de empresa especializada em serviço de mão de obra em alimentação coletiva, com dedicação exclusiva e de forma continuada, por meio de operacionalização e desenvolvimento das atividades de apoio envolvidas na produção e distribuição de refeições do Restaurante Universitário (RU) e seus refeitórios externos, vinculados à Pró-Reitoria de Assuntos Estudantis (PROAES) da UFF, bem como das Unidades de Alimentação e Nutrição do COLUNI.",15018205900012025001.zip,"Edital e Anexos PE 90.001.25 - SV Alim. Col. MOD - RET.zip; Edital e Anexos PE 90.001.25 - SV Alim. Col. MOD - RET.zip/Edital e Anexos PE 90.001.25 - SV Alim. Coletiva MOD - RET/; Edital e Anexos PE 90.001.25 - SV Alim. Col. MOD - RET.zip/Edital e Anexos PE 90.001.25 - SV Alim. Coletiva MOD - RET/1. Edital PE 90.001.25 - Terceirizacao RU, COLUNI.pdf; Edital e Anexos PE 90.001.25 - SV Alim. Col. MOD - RET.zip/Edital e Anexos PE 90.001.25 - SV Alim. Coletiva MOD - RET/10. Anexo IX - PE 90.001.25 - CCT RJ 2334.2024.pdf; Edital e Anexos PE 90.001.25 - SV Alim. Col. MOD - RET.zip/Edital e Anexos PE 90.001.25 - SV Alim. Coletiva MOD - RET/11. Anexo X - PE 90.001.25 - Memoria de Calculo.docx; Edital e Anexos PE 90.001.25 - SV Alim. Col. MOD - RET.zip/Edital e Anexos PE 90.001.25 - SV Alim. Coletiva MOD - RET/12. Anexo XI - PE 90.001.25 - Declaracao do Funcionário.pdf; Edital e Anexos PE 90.001.25 - SV Alim. Col. MOD - RET.zip/Edital e Anexos PE 90.001.25 - SV Alim. Coletiva MOD - RET/13. Anexo XII PE 90.001.25 - Modelo de Termo de Preposto.pdf; Edital e Anexos PE 90.001.25 - SV Alim. Col. MOD - RET.zip/Edital e Anexos PE 90.001.25 - SV Alim. Coletiva MOD - RET/14. Anexo XIII - PE 90.001.25 - Termo de Cooperação Técnica.pdf; Edital e Anexos PE 90.001.25 - SV Alim. Col. MOD - RET.zip/Edital e Anexos PE 90.001.25 - SV Alim. Coletiva MOD - RET/2. Anexo I - PE 90.001.25 - Termo de Referência Retificado.pdf; Edital e Anexos PE 90.001.25 - SV Alim. Col. MOD - RET.zip/Edital e Anexos PE 90.001.25 - SV Alim. Coletiva MOD - RET/3. Anexo II III IV PE 90.001.25 - Planilhas de Formação de Custosvs2.xlsx; Edital e Anexos PE 90.001.25 - SV Alim. Col. MOD - RET.zip/Edital e Anexos PE 90.001.25 - SV Alim. Coletiva MOD - RET/4. Anexo V-A PE 90.001.25 - Modelo de Proposta Comercial.docx; Edital e Anexos PE 90.001.25 - SV Alim. Col. MOD - RET.zip/Edital e Anexos PE 90.001.25 - SV Alim. Coletiva MOD - RET/5. Anexo V-B PE 90.001.25 - Modelo de Declaração de Vistoria.docx; Edital e Anexos PE 90.001.25 - SV Alim. Col. MOD - RET.zip/Edital e Anexos PE 90.001.25 - SV Alim. Coletiva MOD - RET/6. Anexo V-C - PE 90.001.25 - Termo de declaração SEI.pdf; Edital e Anexos PE 90.001.25 - SV Alim. Col. MOD - RET.zip/Edital e Anexos PE 90.001.25 - SV Alim. Coletiva MOD - RET/7. Anexo VI PE 90.001.25 - Termo de Conciliação Judicial.pdf; Edital e Anexos PE 90.001.25 - SV Alim. Col. MOD - RET.zip/Edital e Anexos PE 90.001.25 - SV Alim. Coletiva MOD - RET/8. Anexo VII - PE 90.001.25 Minuta Termo de Contrato.docx; Edital e Anexos PE 90.001.25 - SV Alim. Col. MOD - RET.zip/Edital e Anexos PE 90.001.25 - SV Alim. Coletiva MOD - RET/9. Anexo VIII - PE 90.001.25 - IMR.pdf; RelacaoItens15018205900012025001.pdf",https://pncp.gov.br/pncp-api/v1/orgaos/28523215000106/compras/2025/2/arquivos/2,Ativo,"Auxiliar de Serviços Técnicos (R$ 8.946.783,81)"
28523215000106-1-000009/2023,28523215000106-1-000009-2023.md,UNIVERSIDADE FEDERAL FLUMINENSE,Edital nº 00032/2023,"Contratação de empresa especializada em serviço de mão de obra em alimentação coletiva, com dedicação exclusiva e de forma continuada, por meio de operacionalização e desenvolvimento das atividades de apoio envolvidas na produção e distribuição de refeições do Restaurante Universitário (RU) e seus refeitórios externos, vinculados à PROAES da UFF, bem como das dependências das Unidades de Alimentação e Nutrição do COLUNI e CRECHE a serem prestados em imóveis da UFF.",15018205000322023000.zip,Edital e Anexos - PE 32.2023 - Terceirizacao RU e COLUNI - Lei 14.133.2021.zip; Edital e Anexos - PE 32.2023 - Terceirizacao RU e COLUNI - Lei 14.133.2021.zip/Edital e Anexos - PE 32.2023 - Terceirização RU e COLUNI - Lei 14.133.2021/; Edital e Anexos - PE 32.2023 - Terceirizacao RU e COLUNI - Lei 14.133.2021.zip/Edital e Anexos - PE 32.2023 - Terceirização RU e COLUNI - Lei 14.133.2021/13. Anexo XII PE 32.2023 -Modelo de Termo de Preposto.docx; Edital e Anexos - PE 32.2023 - Terceirizacao RU e COLUNI - Lei 14.133.2021.zip/Edital e Anexos - PE 32.2023 - Terceirização RU e COLUNI - Lei 14.133.2021/14. Anexo XIII PE 32.2023 Termo de Cooperação Técnica/; Edital e Anexos - PE 32.2023 - Terceirizacao RU e COLUNI - Lei 14.133.2021.zip/Edital e Anexos - PE 32.2023 - Terceirização RU e COLUNI - Lei 14.133.2021/14. Anexo XIII PE 32.2023 Termo de Cooperação Técnica/Anexo I do Termo de Cooperação Técnica.docx; Edital e Anexos - PE 32.2023 - Terceirizacao RU e COLUNI - Lei 14.133.2021.zip/Edital e Anexos - PE 32.2023 - Terceirização RU e COLUNI - Lei 14.133.2021/14. Anexo XIII PE 32.2023 Termo de Cooperação Técnica/Anexo II do Termo de Cooperação Técnica.docx; Edital e Anexos - PE 32.2023 - Terceirizacao RU e COLUNI - Lei 14.133.2021.zip/Edital e Anexos - PE 32.2023 - Terceirização RU e COLUNI - Lei 14.133.2021/14. Anexo XIII PE 32.2023 Termo de Cooperação Técnica/Anexo III do Termo de Cooperação Técnica.docx; Edital e Anexos - PE 32.2023 - Terceirizacao RU e COLUNI - Lei 14.133.2021.zip/Edital e Anexos - PE 32.2023 - Terceirização RU e COLUNI - Lei 14.133.2021/14. Anexo XIII PE 32.2023 Termo de Cooperação Técnica/Anexo IV do Termo de Cooperação Técnica.docx; Edital e Anexos - PE 32.2023 - Terceirizacao RU e COLUNI - Lei 14.133.2021.zip/Edital e Anexos - PE 32.2023 - Terceirização RU e COLUNI - Lei 14.133.2021/14. Anexo XIII PE 32.2023 Termo de Cooperação Técnica/Anexo V do Termo de Cooperação Técnica.docx; Edital e Anexos - PE 32.2023 - Terceirizacao RU e COLUNI - Lei 14.133.2021.zip/Edital e Anexos - PE 32.2023 - Terceirização RU e COLUNI - Lei 14.133.2021/14. Anexo XIII PE 32.2023 Termo de Cooperação Técnica/Anexo VI do Termo de Cooperação Técnica.docx; Edital e Anexos - PE 32.2023 - Terceirizacao RU e COLUNI - Lei 14.133.2021.zip/Edital e Anexos - PE 32.2023 - Terceirização RU e COLUNI - Lei 14.133.2021/14. Anexo XIII PE 32.2023 Termo de Cooperação Técnica/Anexo VII do Termo de Cooperação Técnica.docx; Edital e Anexos - PE 32.2023 - Terceirizacao RU e COLUNI - Lei 14.133.2021.zip/Edital e Anexos - PE 32.2023 - Terceirização RU e COLUNI - Lei 14.133.2021/14. Anexo XIII PE 32.2023 Termo de Cooperação Técnica/Anexo VIII do Termo de Cooperação Técnica.docx; Edital e Anexos - PE 32.2023 - Terceirizacao RU e COLUNI - Lei 14.133.2021.zip/Edital e Anexos - PE 32.2023 - Terceirização RU e COLUNI - Lei 14.133.2021/14. Anexo XIII PE 32.2023 Termo de Cooperação Técnica/0. Anexo XIII - Termo de Cooperação Técnica.docx; Edital e Anexos - PE 32.2023 - Terceirizacao RU e COLUNI - Lei 14.133.2021.zip/Edital e Anexos - PE 32.2023 - Terceirização RU e COLUNI - Lei 14.133.2021/1. Anexo I - PE 32.2023 - Termo de Referência.pdf; Edital e Anexos - PE 32.2023 - Terceirizacao RU e COLUNI - Lei 14.133.2021.zip/Edital e Anexos - PE 32.2023 - Terceirização RU e COLUNI - Lei 14.133.2021/2. Apêndice do anexo I - PE 32.2023 - Estudo Técnico Preliminar 8.2023.pdf; Edital e Anexos - PE 32.2023 - Terceirizacao RU e COLUNI - Lei 14.133.2021.zip/Edital e Anexos - PE 32.2023 - Terceirização RU e COLUNI - Lei 14.133.2021/3. Anexo II III IV PE 32.2023 - Equip. Mat_ Uniformes v1.xlsx; Edital e Anexos - PE 32.2023 - Terceirizacao RU e COLUNI - Lei 14.133.2021.zip/Edital e Anexos - PE 32.2023 - Terceirização RU e COLUNI - Lei 14.133.2021/4. Anexo V-A - PE 32.2023 Modelo de Proposta Comercial.docx; Edital e Anexos - PE 32.2023 - Terceirizacao RU e COLUNI - Lei 14.133.2021.zip/Edital e Anexos - PE 32.2023 - Terceirização RU e COLUNI - Lei 14.133.2021/5. Anexo V-B - PE 32.2023 -Modelo de Declaração de Vistoria.docx; Edital e Anexos - PE 32.2023 - Terceirizacao RU e COLUNI - Lei 14.133.2021.zip/Edital e Anexos - PE 32.2023 - Terceirização RU e COLUNI - Lei 14.133.2021/6. Anexo V-C - PE 32.2023 - Termo de declaração SEI.pdf; Edital e Anexos - PE 32.2023 - Terceirizacao RU e COLUNI - Lei 14.133.2021.zip/Edital e Anexos - PE 32.2023 - Terceirização RU e COLUNI - Lei 14.133.2021/7. Anexo VI - PE 32.2023 - Termo de Conciliação Judicial.docx; Edital e Anexos - PE 32.2023 - Terceirizacao RU e COLUNI - Lei 14.133.2021.zip/Edital e Anexos - PE 32.2023 - Terceirização RU e COLUNI - Lei 14.133.2021/8. Anexo VII - PE 32.2023 Minuta Termo de Contrato.docx; Edital e Anexos - PE 32.2023 - Terceirizacao RU e COLUNI - Lei 14.133.2021.zip/Edital e Anexos - PE 32.2023 - Terceirização RU e COLUNI - Lei 14.133.2021/9. Anexo VIII - PE 32.2023 IMR.docx; Edital e Anexos - PE 32.2023 - Terceirizacao RU e COLUNI - Lei 14.133.2021.zip/Edital e Anexos - PE 32.2023 - Terceirização RU e COLUNI - Lei 14.133.2021/10. Anexo IX - PE 32.2023 - CCT RJ002946.2022.pdf; Edital e Anexos - PE 32.2023 - Terceirizacao RU e COLUNI - Lei 14.133.2021.zip/Edital e Anexos - PE 32.2023 - Terceirização RU e COLUNI - Lei 14.133.2021/11. Anexo X - PE 32.2023 - Memoria de Calculo2.docx; Edital e Anexos - PE 32.2023 - Terceirizacao RU e COLUNI - Lei 14.133.2021.zip/Edital e Anexos - PE 32.2023 - Terceirização RU e COLUNI - Lei 14.133.2021/12. Anexo XI - PE 32.2023 - Declaracao do Funcionário.docx; Edital e Anexos - PE 32.2023 - Terceirizacao RU e COLUNI - Lei 14.133.2021.zip/Edital e Anexos - PE 32.2023 - Terceirização RU e COLUNI - Lei 14.133.2021/0. Edital PE 32.2023 - Terceirização RU e COLUNI - Lei 14.133.21.docx; RelacaoItens15018205000322023000.pdf,https://pncp.gov.br/pncp-api/v1/orgaos/28523215000106/compras/2023/9/arquivos/1,Ativo,"Auxiliar de Serviços Técnicos (R$ 7.964.861,69)"
28523215000106-1-000022/2024,28523215000106-1-000022-2024.md,UNIVERSIDADE FEDERAL FLUMINENSE,Aviso de Contratação Direta nº 90004/2024,"Contratação de empresa especializada na prestação de serviço de manutenção preventiva e corretiva com fornecimento de peças em fornos combinados, de modo a atender as necessidades da Divisão de Alimentação e Nutrição do Restaurante Universitário da Pró-Reitoria de Assuntos Estudantis da Universidade Federal Fluminense, Niterói – RJ, conforme condições e exigências estabelecidas no Termo de Referência.",Aviso+de+contratacao+direta_TR_minuta+contrato_manut.+fornos+combinados.pdf,,https://pncp.gov.br/pncp-api/v1/orgaos/28523215000106/compras/2024/22/arquivos/1,Ativo,"Manutenção de Fornos e Fornalhas (R$ 31.646,75)"
28523215000106-1-000024/2024,28523215000106-1-000024-2024.md,UNIVERSIDADE FEDERAL FLUMINENSE,Aviso de Contratação Direta nº 90005/2024,"Contratação de empresa especializada na prestação de serviço de limpeza e descontaminação dos dutos de exaustão, coifas, motores exaustores de sistema de exaustão de cozinha industrial para atender às necessidades da Divisão de Alimentação e Nutrição do Restaurante Universitário da Pró-Reitoria de Assuntos Estudantis da Universidade Federal Fluminense, situada em Niterói/RJ, conforme condições e exigências estabelecidas no Termo de Referência.",Aviso+de+contratacao+direta_TR_minuta+de+termo+de+contrato_limpeza+de+coifas.pdf,,https://pncp.gov.br/pncp-api/v1/orgaos/28523215000106/compras/2024/24/arquivos/1,Ativo,"Manutenção de Sistemas de Ventilação e Exaustor (R$ 13.960,00)"
28523215000106-1-000155/2024,28523215000106-1-000155-2024.md,UNIVERSIDADE FEDERAL FLUMINENSE,Aviso de Contratação Direta nº 90010/2024,"Contratação de serviço de manutenção corretiva de equipamento de cozinha industrial para atender à Divisão de Alimentação e Nutrição do Restaurante Universitário da Pró-Reitoria de Assuntos Estudantis da Universidade Federal Fluminense, Niterói – RJ, com fornecimento de mão de obra e peças necessárias à execução do serviço, conforme condições e exigências estabelecidas no Termo de Referência.",Aviso+de+contratacao+direta_TR_manut.+processador+de+alimentos.pdf,,https://pncp.gov.br/pncp-api/v1/orgaos/28523215000106/compras/2024/155/arquivos/1,Ativo,"Manutenção de Equipamentos de Cozinha Industrial (R$ 4.715,92)"
28523215000106-1-000215/2023,28523215000106-1-000215-2023.md,UNIVERSIDADE FEDERAL FLUMINENSE,Aviso de Contratação Direta nº 00011/2023,"Contratação de serviço de empresa especializada na calibração de balanças industriais para cozinha industrial para atender às necessidades do Restaurante Universitário da Pró-Reitoria de Assuntos Estudantis da Universidade Federal Fluminense, conforme condições e exigências estabelecidas no Termo de Referência.",Aviso+de+contratacao+direta+11+2023_TR_calibracao+de+balancas+industriais.pdf,,https://pncp.gov.br/pncp-api/v1/orgaos/28523215000106/compras/2023/215/arquivos/1,Ativo,"Manutenção e Reparo em Balanças Mecânicas / Eletrônicas (R$ 3.393,60)"
28523215000106-1-000281/2024,28523215000106-1-000281-2024.md,UNIVERSIDADE FEDERAL FLUMINENSE,Aviso de Contratação Direta nº 90064/2024,"Contratação de serviços de controle de vetores, pragas urbanas e insetos nos restaurantes universitários (incluindo a cozinha central) da Universidade Federal Fluminense (UFF), contemplando desratização, desinsetização, descupinização, controle de aracnídeos e moluscos, controle de pombos, remoção de abelhas, vespas e marimbondos, e assemelhados em caráter preventivo e corretivo.",Aviso+e+Anexos.zip,Anexo I - A - Editável.xlsx; Aviso e Anexos.pdf,https://pncp.gov.br/pncp-api/v1/orgaos/28523215000106/compras/2024/281/arquivos/1,Ativo,"Desinsetização / Desratização / Dedetização (R$ 54.737,60)"
28523215000106-1-000377/2023,28523215000106-1-000377-2023.md,UNIVERSIDADE FEDERAL FLUMINENSE,Edital nº 00097/2023,"Contratação de serviços continuados sem dedicação exclusiva da mão de obra por empresa especializada para coleta, transporte e destinação final ambientalmente adequada de lixo extraordinário do tipo resíduo sólido (Classe II-A), gerados pelas atividades do Restaurante Universitário, dos Refeitórios externos e da Moradia Estudantil de Niterói, vinculados a Pró- Reitoria de Assuntos Estudantis (PROAES) da Universidade Federal Fluminense (UFF)",15018205000972023000.zip,Edital e Anexos PE 97.2023 - Lixo Extraordinario RU - NLLC.zip; Edital e Anexos PE 97.2023 - Lixo Extraordinario RU - NLLC.zip/Edital e Anexos PE 97.2023 - Lixo Extraordinário RU - NLLC/; Edital e Anexos PE 97.2023 - Lixo Extraordinario RU - NLLC.zip/Edital e Anexos PE 97.2023 - Lixo Extraordinário RU - NLLC/11. Anexo VI - PE 97.2023 - Termo de declaração SEI.pdf; Edital e Anexos PE 97.2023 - Lixo Extraordinario RU - NLLC.zip/Edital e Anexos PE 97.2023 - Lixo Extraordinário RU - NLLC/2. Anexo I - PE 97.2023 - Termo de Referência - Coleta Lixo Extraordinário.pdf; Edital e Anexos PE 97.2023 - Lixo Extraordinario RU - NLLC.zip/Edital e Anexos PE 97.2023 - Lixo Extraordinário RU - NLLC/3. Apêndice Anexo I - PE 97.2023 - ETP nº 7-2023 - Lixo Extraordinario.pdf; Edital e Anexos PE 97.2023 - Lixo Extraordinario RU - NLLC.zip/Edital e Anexos PE 97.2023 - Lixo Extraordinário RU - NLLC/4. Anexo I -A- PE 97.2023- Planilha Estimativa - Lixo Extraordinário.xlsx; Edital e Anexos PE 97.2023 - Lixo Extraordinario RU - NLLC.zip/Edital e Anexos PE 97.2023 - Lixo Extraordinário RU - NLLC/5. Anexo I-B - PE 97.2023 - Locais dos Serviços.pdf; Edital e Anexos PE 97.2023 - Lixo Extraordinario RU - NLLC.zip/Edital e Anexos PE 97.2023 - Lixo Extraordinário RU - NLLC/6. Anexo I-C - PE 97.2023 - Instrumento de Medição de Resultado - LIXO.pdf; Edital e Anexos PE 97.2023 - Lixo Extraordinario RU - NLLC.zip/Edital e Anexos PE 97.2023 - Lixo Extraordinário RU - NLLC/7. Anexo II - PE 97.2023 - Minuta Termo de Contrato - Lixo.docx; Edital e Anexos PE 97.2023 - Lixo Extraordinario RU - NLLC.zip/Edital e Anexos PE 97.2023 - Lixo Extraordinário RU - NLLC/8. Anexo III - PE 97.2023 - Modelo de Termo de Preposto.docx; Edital e Anexos PE 97.2023 - Lixo Extraordinario RU - NLLC.zip/Edital e Anexos PE 97.2023 - Lixo Extraordinário RU - NLLC/9. Anexo IV - PE 97.2023 - Modelo de Proposta Comercial.docx; Edital e Anexos PE 97.2023 - Lixo Extraordinario RU - NLLC.zip/Edital e Anexos PE 97.2023 - Lixo Extraordinário RU - NLLC/10. Anexo V - PE 97.2023 - Modelo de Declaração de Vistoria.docx; Edital e Anexos PE 97.2023 - Lixo Extraordinario RU - NLLC.zip/Edital e Anexos PE 97.2023 - Lixo Extraordinário RU - NLLC/1. Edital NLLC - PE 97-2023 - Coleta de Lixo Extraordinário.docx; RelacaoItens15018205000972023000.pdf,https://pncp.gov.br/pncp-api/v1/orgaos/28523215000106/compras/2023/377/arquivos/1,Ativo,"Coleta de Lixo - Residencial / Comercial / Industrial (R$ 460.944,00)"
28523215000106-1-000378/2023,28523215000106-1-000378-2023.md,UNIVERSIDADE FEDERAL FLUMINENSE,Edital nº 00096/2023,"Aquisição sob a forma de pronta entrega de fornecimento e instalação de câmara fria de congelamento de produtos cárneos e derivados, de acordo com a NBR 15.374 de 06/2006, para atender as demandas da Divisão de Alimentação e Nutrição (DAN) do Restaurante Universitário (RU) da Universidade Federal Fluminense, conforme condições, quantidades e exigências estabelecidas no Edital e seus anexos.",15018205000962023000.zip,"Edital NLLC PE 96.2023 - Camara Frigorifica.zip; Edital NLLC PE 96.2023 - Camara Frigorifica.zip/0. Edital PE 96.2023 - Fornecimento e Instalaç╞o de câmara fria de congelamento Lei 14.133.docx; Edital NLLC PE 96.2023 - Camara Frigorifica.zip/1. Anexo I PE 96.2023 - Termo de Referência.docx; Edital NLLC PE 96.2023 - Camara Frigorifica.zip/2. Apêndice ao Anexo I PE 96.2023 - Estudo Técnico Preliminar.pdf; Edital NLLC PE 96.2023 - Camara Frigorifica.zip/3. Anexo I-A PE 96.2023 -Descriç╞o, quantidade e preços.xlsx; Edital NLLC PE 96.2023 - Camara Frigorifica.zip/4. Anexo I-B PE 96.2023 - Local de Entrega e Instalaç╞o.pdf; Edital NLLC PE 96.2023 - Camara Frigorifica.zip/5. Anexo II PE 96.2023 - Minuta Termo de Contrato Camara.docx; Edital NLLC PE 96.2023 - Camara Frigorifica.zip/6. Anexo III PE 96.2023 - Modelo de Proposta Comercial.docx; Edital NLLC PE 96.2023 - Camara Frigorifica.zip/7. Anexo IV PE 96.2023 - Modelo de Declaraç╞o de Vistoria.docx; Edital NLLC PE 96.2023 - Camara Frigorifica.zip/8. Anexo V PE 96.2023 - Termo de Declaraç╞o SEI.pdf; RelacaoItens15018205000962023000.pdf",https://pncp.gov.br/pncp-api/v1/orgaos/28523215000106/compras/2023/378/arquivos/1,Ativo,"Câmara Frigorífica (R$ 113.424,10)"
24416174000106-1-000004/2025,24416174000106-1-000004-2025.md,UNIVERSIDADE FEDERAL RURAL DE PERNAMBUCO,Edital nº 90001/2025,"Contratação de serviço contínuo de alimentação e nutrição, compreendendo a operacionalização e o desenvolvimento de todas as atividades para o fornecimento de refeições (almoço e jantar), assegurando uma alimentação balanceada a toda a comunidade acadêmica e em condições higiênico-sanitárias adequadas, a serem preparadas no Restaurante Universitário (RU) do Campus Dois Irmãos (SEDE) da Universidade Federal Rural de Pernambuco - UFRPE, sob o caráter de concessão onerosa RU",15316505900012025001.zip,"Pregao 90001.2025.zip; Pregao 90001.2025.zip/Pregão 90001.2025/; Pregao 90001.2025.zip/Pregão 90001.2025/00. Edital pregão 90001.2025.pdf; Pregao 90001.2025.zip/Pregão 90001.2025/01. Termo de Referência 90001.2025.pdf; Pregao 90001.2025.zip/Pregão 90001.2025/02. APÊNDICE – ESTUDO TÉCNICO PRELIMINAR - ETP.pdf; Pregao 90001.2025.zip/Pregão 90001.2025/03. ENCARTE A - EQUIPAMENTOS E MATERIAL PERMANENTE.pdf; Pregao 90001.2025.zip/Pregão 90001.2025/04. ENCARTE B - EQUIPAMENTOS, MÓVEIS E UTENSÍLIOS A SEREM DISPONIBILIZADOS PELA CONTRATADA.pdf; Pregao 90001.2025.zip/Pregão 90001.2025/05. ENCARTE C – ESPECIFICAÇÕES DO SISTEMA DE CONTROLE DE ACESSO.pdf; Pregao 90001.2025.zip/Pregão 90001.2025/06. ENCARTE D – QUADRO FUNCIONAL RECOMENDADO.pdf; Pregao 90001.2025.zip/Pregão 90001.2025/07. ENCARTE E – ESPECIFICAÇÕES DO CARDÁPIO.pdf; Pregao 90001.2025.zip/Pregão 90001.2025/08. ENCARTE F – QUALIDADE DOS INSUMOS ALIMENTÍCIOS.pdf; Pregao 90001.2025.zip/Pregão 90001.2025/09. ENCARTE G – PERIODICIDADE MÍNIMA DE HIGIENIZAÇÃO.pdf; Pregao 90001.2025.zip/Pregão 90001.2025/10. ENCARTE H – PESQUISA DE SATISFAÇÃO.pdf; Pregao 90001.2025.zip/Pregão 90001.2025/11. ENCARTE I – INSTRUMENTO DE MEDIÇÃO DE RESULTADO (IMR).pdf; Pregao 90001.2025.zip/Pregão 90001.2025/12. ENCARTE J – DETALHAMENTO DA EDIFICAÇÃO.pdf; Pregao 90001.2025.zip/Pregão 90001.2025/13. ENCARTE K – ORIENTAÇÕES DE SUSTENTABILIDADE.pdf; Pregao 90001.2025.zip/Pregão 90001.2025/14. ANEXO II- MINUTA DE CONTRATO.pdf; Pregao 90001.2025.zip/Pregão 90001.2025/15. Anexo III - Modelo de Proposta.docx; Pregao 90001.2025.zip/Pregão 90001.2025/16. Anexo IV - Orçamento Estimado.pdf; Pregao 90001.2025.zip/Pregão 90001.2025/17. Anexo V - Atestado de Vistoria.docx; Pregao 90001.2025.zip/Pregão 90001.2025/18. Anexo VI - Declaração de Conhecimentos das Condições e Peculliaridades.doc; RelacaoItens15316505900012025001.pdf",https://pncp.gov.br/pncp-api/v1/orgaos/24416174000106/compras/2025/4/arquivos/2,Ativo,"Cantina / Bar / Lanchonete / Refeição Rápida / Restaurante (R$ 9.391.228,00)"
24416174000106-1-000007/2024,24416174000106-1-000007-2024.md,UNIVERSIDADE FEDERAL RURAL DE PERNAMBUCO,Aviso de Contratação Direta nº 90005/2024,Contratação de empresa de engenharia para elaboração de ludo de avaliação imobiliária e precificação do valor do aluguel da edificação do restaurante universitário da Universidade Federal Rural de Pernambuco -Sede,AVISO+DISPENSA+90005-2024.zip,AVISO DISPENSA 90005-2024.pdf; TR11_2024.pdf,https://pncp.gov.br/pncp-api/v1/orgaos/24416174000106/compras/2024/7/arquivos/1,Ativo,"Estudo, Avaliação, Projeto - Imóveis (R$ 3.000,00)"
24416174000106-1-000057/2024,24416174000106-1-000057-2024.md,UNIVERSIDADE FEDERAL RURAL DE PERNAMBUCO,Ato que autoriza a Contratação Direta nº 12/2024,"Prestação de serviço contínuo de alimentação e nutrição, compreendendo a operacionalização e o desenvolvimento de todas as atividades para o fornecimento de refeições (almoço e jantar), assegurando uma alimentação balanceada a toda a comunidade acadêmica e em condições higiênico sanitárias adequadas, a serem preparadas no Restaurante Universitário (RU) do Campus Dois Irmãos (SEDE) da Universidade Federal Rural de Pernambuco - UFRPE..",TERMO+DE+REF+REFEITORIO.pdf,,https://pncp.gov.br/pncp-api/v1/orgaos/24416174000106/compras/2024/57/arquivos/1,Ativo,"Cantina / Bar / Lanchonete / Refeição Rápida / Restaurante Prestação de serviço contínuo de alimentação e nutrição, compreendendo a operacionalização e o desenvolvimento de todas as atividades para o fornecimento de refeições (almoço e jantar), assegurando uma alimentação balanceada a toda a comunidade acadêmica e em condições higiênicosanitárias adequadas, a serem preparadas no Restaurante Universitário (RU) do Campus Dois Irmãos (SEDE) da Universidade Federal Rural de Pernambuco - UFRPE.. (R$ 8.695.654,00)"
24416174000106-1-000068/2023,24416174000106-1-000068-2023.md,UNIVERSIDADE FEDERAL RURAL DE PERNAMBUCO,Edital nº 00011/2023,"Contratação de serviço contínuo de alimentação e nutrição, compreendendo a operacionalização e o desenvolvimento de todas as atividades para o fornecimento de refeições (almoço e jantar), assegurando uma alimentação balanceada a toda a comunidade acadêmica e em condições higiênico-sanitárias adequadas, a serem preparadas no Restaurante Universitário (RU) da Unidade Acadêmica de Serra Talhada (UAST), sob o caráter de concessão onerosa de uso do RU.",15316505000112023001.zip,Pregao 11.2023 Reabertura.zip; Pregao 11.2023 Reabertura.zip/1. Edital-Reabertura.pdf; Pregao 11.2023 Reabertura.zip/2. Anexo I - Termo de Referência 135_2023 e Encartes.pdf; Pregao 11.2023 Reabertura.zip/3. Anexo II - Minuta de Termo de Contrato.docx; Pregao 11.2023 Reabertura.zip/4. Anexo III - Modelo de Proposta.docx; Pregao 11.2023 Reabertura.zip/5. Anexo IV - Orçamento Estimado.pdf; Pregao 11.2023 Reabertura.zip/6. Anexo V - Atestado de Vistoria.pdf; Pregao 11.2023 Reabertura.zip/7. Anexo VI - Declaraç╞o de Presença de Supervisor.pdf; RelacaoItens15316505000112023000.pdf,https://pncp.gov.br/pncp-api/v1/orgaos/24416174000106/compras/2023/68/arquivos/2,Ativo,"Cantina / Bar / Lanchonete / Refeição Rápida / Restaurante (R$ 7.407.180,00)"
29427465000105-1-000001/2021,29427465000105-1-000001-2021.md,UNIVERSIDADE FEDERAL RURAL DO RIO DE JANEIRO,Aviso de Contratação Direta nº 00007/2021,"Serviço de inspeção em vaso de pressão, volume 4.000/ Pressão de trabalho: 4.0 KGF/CM2/Fluído: Água/ Totalmente Inox-Boiler, instalado no Restaurante Universitário, Campus Seropédica. Conforme condições estabelecidas no Termo de Referência.",AVISO DE DISPENSA 3.pdf,,https://pncp.gov.br/pncp-api/v1/orgaos/29427465000105/compras/2021/1/arquivos/1,Ativo,"Inspeção de Segurança (R$ 4.200,00)"
29427465000105-1-000012/2023,29427465000105-1-000012-2023.md,UNIVERSIDADE FEDERAL RURAL DO RIO DE JANEIRO,Edital nº 00069/2023,"Contratação de empresa especializada no preparo e distribuição de refeições (café da manhã, almoço e jantar dos tipos padrão normal e vegana) associada à concessão administrativa onerosa de uso de espaço físico do imóvel denominado Restaurante Universitário (RU) da Universidade Federal Rural do Rio de Janeiro (UFRRJ), com a cessão de uso dos utensílios e equipamentos de propriedade da UFRRJ durante a execução dos serviços, Campus de Seropédica.",15316605000692023000.zip,Edital e seus anexos PE 69-2023.pdf; RelacaoItens15316605000692023000.pdf,https://pncp.gov.br/pncp-api/v1/orgaos/29427465000105/compras/2023/12/arquivos/1,Ativo,"Refeições Industriais - Preparo / Distribuição (R$ 1.752.937,62); Refeições Industriais - Preparo / Distribuição (R$ 10.308.497,35)"
29427465000105-1-000015/2023,29427465000105-1-000015-2023.md,UNIVERSIDADE FEDERAL RURAL DO RIO DE JANEIRO,Edital nº 00081/2023,"Contratação de empresa especializada no preparo e distribuição de refeições (café da manhã, almoço e jantar dos tipos padrão normal e vegana) associada à concessão administrativa onerosa de uso de espaço físico do imóvel denominado Restaurante Universitário (RU) da Universidade Federal Rural do Rio de Janeiro (UFRRJ), com a cessão de uso dos utensílios e equipamentos de propriedade da UFRRJ durante a execução dos serviços, Campus de Seropédica.",15316605000812023000.zip,PE_81-2023_Edital_e_seus_anexos_RU.pdf; RelacaoItens15316605000812023000.pdf,https://pncp.gov.br/pncp-api/v1/orgaos/29427465000105/compras/2023/15/arquivos/1,Ativo,"Refeições Industriais - Preparo / Distribuição (R$ 1.752.937,62); Refeições Industriais - Preparo / Distribuição (R$ 10.308.497,35)"
75101873000190-1-000009/2024,75101873000190-1-000009-2024.md,UNIVERSIDADE TECNOLOGICA FEDERAL DO PARANA,Edital nº 90001/2024,"CONTRATAÇÃO DE EMPRESA ESPECIALIZADA PARA FORNECIMENTO DE REFEIÇÕES (ALMOÇO E JANTAR) a serem preparadas e servidas pela licitante nas dependências do Restaurante Universitário da UTFPR dos campus Pato Branco, campus Francisco Beltrão e campus Dois Vizinhos incluindo o fornecimento de todos os insumos, materiais e mão de obra necessários a realização destas atividades.",15317705900012024001.zip,SEI_23064.000654_2024_70.zip; SEI_23064.000654_2024_70.zip/[01] Edital Pregão 90001.2024.pdf; SEI_23064.000654_2024_70.zip/[02]-3974525_Anexo_I_Termo_de_Referencia.pdf; SEI_23064.000654_2024_70.zip/[03]-3967690_Apendice_B.pdf; SEI_23064.000654_2024_70.zip/[04]-3960968_ANEXO II - MODELO DE PROPOSTA DE PREÇOS.html; SEI_23064.000654_2024_70.zip/[05]-3960990_ANEXO III Minuta_de_Ata_de_Registro_de_Precos.html; SEI_23064.000654_2024_70.zip/[06]-3961424_ANEXO IV Compras__Minuta_de_contrato.html; SEI_23064.000654_2024_70.zip/[07]-3962536_ANEXO V ATESTADO DE VISTORIA.html; SEI_23064.000654_2024_70.zip/[08]-3962544_Anexos_VI DECLARAÇÃO RENUNCIA VISTORIA.html; RelacaoItens15317705900012024001.pdf,https://pncp.gov.br/pncp-api/v1/orgaos/75101873000190/compras/2024/9/arquivos/2,Ativo,"Refeições Industriais - Preparo / Distribuição (R$ 2.232.100,00); Refeições Industriais - Preparo / Distribuição (R$ 873.540,00)"
75101873000190-1-000014/2023,75101873000190-1-000014-2023.md,UNIVERSIDADE TECNOLOGICA FEDERAL DO PARANA,Aviso de Contratação Direta nº 00002/2023,"Contratação de empresa especializada para fornecimento de refeições (almoço e jantar), a serem preparadas e servidas pela licitante nas dependências do Restaurante Universitário da UTFPR – Câmpus Curitiba – Sede Centro, Sede Ecoville e lanchonete na Sede Neoville, incluindo o fornecimento de todos os insumos, materiais e mão de obra necessária a realização destas atividades, conforme condições, quantidades, exigências e estimativas contidas neste processo.",EDITAL E ANEXOS.pdf,,https://pncp.gov.br/pncp-api/v1/orgaos/75101873000190/compras/2023/14/arquivos/1,Ativo,"Refeições Industriais - Preparo / Distribuição (R$ 2.873.779,36)"
75101873000190-1-000106/2024,75101873000190-1-000106-2024.md,UNIVERSIDADE TECNOLOGICA FEDERAL DO PARANA,Aviso de Contratação Direta nº 90023/2024,"Aquisição de Contentores móveis de lixo do tipo container para os restaurantes universitários dos campi de Campo Mourão e Guarapuava, conforme condições, quantidades e exigências estabelecidas neste instrumento.",SEI_23064.020877_2024_53.zip,[1]-4167785_Anexo_III___Especificacoes_Complementares.pdf; [2]-4176600_Compras__Anexos_I___Documentos.html; [3]-4176617_Compras__Anexos_II___Modelo_de_Proposta_de_Precos.html; [4]-4181251_Compras__Aviso_de_Dispensa_Eletronica.html,https://pncp.gov.br/pncp-api/v1/orgaos/75101873000190/compras/2024/106/arquivos/2,Ativo,"Lixeira (R$ 14.499,99); Lixeira (R$ 4.527,54)"
75101873000190-1-000211/2023,75101873000190-1-000211-2023.md,UNIVERSIDADE TECNOLOGICA FEDERAL DO PARANA,Edital nº 00004/2023,"Aquisição de pratos, garfos, colheres e facas para atender o Restaurante Universitário da UTFPR Campus Curitiba, conforme condições e exigências estabelecidas no Termo de Referência.",15435805000042023000.zip,EDITAL E DOCS PE 042023 UASG 154358.pdf; RelacaoItens15435805000042023000.pdf,https://pncp.gov.br/pncp-api/v1/orgaos/75101873000190/compras/2023/211/arquivos/1,Ativo,"Prato (R$ 51.000,00); Garfo mesa (R$ 25.320,00)"
75101873000190-1-000254/2023,75101873000190-1-000254-2023.md,UNIVERSIDADE TECNOLOGICA FEDERAL DO PARANA,Edital nº 00023/2023,"Fornecimento de refeições (almoço e jantar) a serem preparadas e servidas pela licitante nas dependências do Restaurante Universitário da UTFPR - Câmpus Curitiba – Sede Centro, Sede Ecoville e previsto para o futuro a instalação na Sede Neoville, em conformidade com os procedimentos técnicos, culinários e higiênicos preconizados para os serviços de alimentação.",15435805000232023000.zip,SEI_23064.032436_2023_13 (1)...pdf; RelacaoItens15435805000232023000.pdf,https://pncp.gov.br/pncp-api/v1/orgaos/75101873000190/compras/2023/254/arquivos/1,Ativo,"Refeições Industriais - Preparo / Distribuição (R$ 7.836.480,00)"
75101873000190-1-000350/2025,75101873000190-1-000350-2025.md,UNIVERSIDADE TECNOLOGICA FEDERAL DO PARANA,Ato que autoriza a Contratação Direta nº 973/2025,Confecção Estruturas Metálicas,editais%2FEdital_de_Credenciamento_03_2025_1.pdf,,https://pncp.gov.br/pncp-api/v1/orgaos/75101873000190/compras/2025/350/arquivos/1,Ativo,"Contratação de MEI, visando a reforma de 3 (três) portas de correr da Lixeira do Restaurante Universitário. O serviço consiste em: - Remoção das 03 (três) Portas de Correr, medindo 4,4m x 2,35 m aproximadamente, com reforma das partes podres e enferrujadas, com remoção da tinta e repintura total na cor amarela. - Remoção dos trilhos por onde as portas correm e destinação ambientalmente correta. - Instalação de novos trilhos, devidamente chumbados e feito o devido acabamento. - Reinstalação das 03 (três) portas devidamente reformadas e pintadas. - A destinação ambientalmente correta dos resíduos gerados são de responsabilidade do MEI contratado. O prazo para término dos serviços contratados deverá ser de 15 (quinze) dias após a emissão da Nota de Empenho. O(s) MEIs interessados poderão realizar Visita Técnica ao local de prestação de serviços, devendo agendar a Visita junto ao DEPRO, pelo email: depro-pg@utfpr.edu.br podendo colocar a DIRPLAD em cópia para acompanhamento: dirplad-pg@utfpr.edu.br O prazo de pagamento, após o recebimento da Nota Fiscal e ateste da mesma, é de até 20 (vinte) dias. (R$ 3.500,00)"
75101873000190-1-000480/2023,75101873000190-1-000480-2023.md,UNIVERSIDADE TECNOLOGICA FEDERAL DO PARANA,Ato que autoriza a Contratação Direta nº 00030/2023,"Contratação De Empresa Especializada Para Fornecimento De Refeições [Café Da Manhã, Almoço E Jantar] A Serem Preparadas E Servidas Pela Licitante Nas Dependências Do Restaurante Universitário Da Utfpr - Campus Ponta Grossa",ETP70_2023.pdf,,https://pncp.gov.br/pncp-api/v1/orgaos/75101873000190/compras/2023/480/arquivos/1,Ativo,"Fornecimento de Refeições / Lanches / Salgados / Doces (R$ 49.440,00)"
75101873000190-1-000606/2023,75101873000190-1-000606-2023.md,UNIVERSIDADE TECNOLOGICA FEDERAL DO PARANA,Edital nº 00006/2023,Contratação de serviços de engenharia para a execução de obras de acessibilidade e de execução de área de acesso para carga e descarga no Restaurante Universitário.,15317803000062023000.zip,Concorrencia 006-2023 - Acessibilidade e RU.zip; Concorrencia 006-2023 - Acessibilidade e RU.zip/Concorrência 006-2023 - Acessibilidade e RU/; Concorrencia 006-2023 - Acessibilidade e RU.zip/Concorrência 006-2023 - Acessibilidade e RU/1 - Edital - CE 006-2023 - Acessibilidade e RU.doc; Concorrencia 006-2023 - Acessibilidade e RU.zip/Concorrência 006-2023 - Acessibilidade e RU/10 - Anexo IX - Projeto Acesso RU e Coberturas.pdf; Concorrencia 006-2023 - Acessibilidade e RU.zip/Concorrência 006-2023 - Acessibilidade e RU/11 - Anexo X - Projeto Acessibilidade.pdf; Concorrencia 006-2023 - Acessibilidade e RU.zip/Concorrência 006-2023 - Acessibilidade e RU/12 - Anexo XI - Memorial Descritivo.pdf; Concorrencia 006-2023 - Acessibilidade e RU.zip/Concorrência 006-2023 - Acessibilidade e RU/13 - Anexo XII - Minuta do Contrato.doc; Concorrencia 006-2023 - Acessibilidade e RU.zip/Concorrência 006-2023 - Acessibilidade e RU/2 - Anexo I - Termo de Referência.pdf; Concorrencia 006-2023 - Acessibilidade e RU.zip/Concorrência 006-2023 - Acessibilidade e RU/2.1 - Apêndice do TR - ETP.pdf; Concorrencia 006-2023 - Acessibilidade e RU.zip/Concorrência 006-2023 - Acessibilidade e RU/3 - Anexo II - Modelo de Declaraç╞o de Designaç╞o de Responsável Técnico e Compromisso.doc; Concorrencia 006-2023 - Acessibilidade e RU.zip/Concorrência 006-2023 - Acessibilidade e RU/4 - Anexo III - Modelo do Atestado de Vistoria.doc; Concorrencia 006-2023 - Acessibilidade e RU.zip/Concorrência 006-2023 - Acessibilidade e RU/5 - Anexo IV - Modelo de Declaraç╞o de Renúncia a Vistoria.doc; Concorrencia 006-2023 - Acessibilidade e RU.zip/Concorrência 006-2023 - Acessibilidade e RU/6 - Anexo V - Modelo de Proposta.doc; Concorrencia 006-2023 - Acessibilidade e RU.zip/Concorrência 006-2023 - Acessibilidade e RU/7 - Anexo VI - Planilha Orçamentária.pdf; Concorrencia 006-2023 - Acessibilidade e RU.zip/Concorrência 006-2023 - Acessibilidade e RU/8 - Anexo VII - Modelo de Cálculo do BDI.docx; Concorrencia 006-2023 - Acessibilidade e RU.zip/Concorrência 006-2023 - Acessibilidade e RU/9 - Anexo VIII - Cronograma Físico Financeiro.pdf; RelacaoItens15317803000062023000.pdf,https://pncp.gov.br/pncp-api/v1/orgaos/75101873000190/compras/2023/606/arquivos/1,Ativo,"Obras Civis de Pavimentação de Concreto (R$ 168.778,21)"
75101873000190-1-000699/2024,75101873000190-1-000699-2024.md,UNIVERSIDADE TECNOLOGICA FEDERAL DO PARANA,Edital nº 90039/2024,Futura e eventual compra de equipamentos para o Restaurante Universitário do Campus Curitiba,15435805900392024000.zip,ilovepdf_merged (7).pdf; RelacaoItens15435805900392024000.pdf,https://pncp.gov.br/pncp-api/v1/orgaos/75101873000190/compras/2024/699/arquivos/1,Ativo,"Balcão térmico (R$ 97.440,00); Balcão térmico (R$ 99.246,00)"
